ticker,id,title,summary,pub_date,provider,url,source_api,trading_date,Open,High,Low,Close,Volume,Dividends,Stock Splits,sentiment_label,sentiment_bearish,sentiment_bullish,sentiment_neutral
AAPL,av_49aa01a293078ee9,Mizuho Cuts Skyworks Solutions (NASDAQ:SWKS) Price Target to $52.00,"Mizuho has reduced its price target for Skyworks Solutions (NASDAQ:SWKS) to $52.00 from $55.00, maintaining an ""underperform"" rating, which suggests a potential 17.05% downside. This comes despite Skyworks exceeding quarterly earnings and revenue estimates, reporting $1.08 EPS and $934.8 million in revenue. Analyst sentiment remains mixed, with a consensus ""Hold"" rating and an average price target of $75.56, largely due to a 3.1% year-over-year revenue decline and a decrease in EPS from the prior year.",2026-07-29 16:25:17,MarketBeat,https://www.marketbeat.com/instant-alerts/mizuho-cuts-skyworks-solutions-nasdaqswks-price-target-to-5200-2026-07-29/,alpha_vantage,2026-07-29 04:00:00,339.43727163464206,344.2730974331505,337.0593175600121,337.8985900878906,56090800,0.0,0.0,bearish,0.9964,0.0018,0.0018
AAPL,av_b5258144dddfaf95,Apple to lease devices through new ‘Apple Upgrade' program,"Apple is launching a new program called ""Apple Upgrade"" that will allow users to lease their devices. This program will enable customers to lease iPhones for as little as $17.99 per month for up to two years, with similar options available for iPads, Apple Watches, and MacBooks. Apple is partnering with Klarna, a buy now, pay later company, to facilitate this leasing program.",2026-07-29 18:06:58,NBC Bay Area,https://www.nbcbayarea.com/news/local/apple-lease-upgrade-program/4120589/,alpha_vantage,2026-07-29 04:00:00,339.43727163464206,344.2730974331505,337.0593175600121,337.8985900878906,56090800,0.0,0.0,neutral,0.001,0.0054,0.9936
AAPL,av_c6b4f15455401f5e,"Apple, Amazon, Stryker, and more set to report earnings Thursday","On Thursday, major companies such as Apple, Amazon, Stryker, Arthur J. Gallagher & Co, and Corteva are scheduled to release their quarterly earnings reports. The article provides a comprehensive list of dozens of companies reporting earnings both before and after the market opens, including estimated EPS and revenue for each. Investors are encouraged to use Investing.com's resources to stay updated on the earnings season and analyze company performances.",2026-07-29 18:11:22,Investing.com,https://www.investing.com/news/stock-market-news/apple-amazon-stryker-and-more-set-to-report-earnings-thursday-93CH-4821461,alpha_vantage,2026-07-29 04:00:00,339.43727163464206,344.2730974331505,337.0593175600121,337.8985900878906,56090800,0.0,0.0,neutral,0.0006,0.0079,0.9915
AAPL,av_12876b12fa9e224d,"Apple, Amazon, Stryker, and more set to report earnings Thursday By Investing.com","Thursday marks a busy day for earnings season with major companies like Apple, Amazon, and Stryker, along with numerous others from various sectors, scheduled to release their quarterly results. The report provides detailed estimated EPS and revenue for dozens of companies reporting before and after market close, highlighting the financial performance expectations across diverse industries.",2026-07-29 18:13:13,Investing.com Canada,https://ca.investing.com/news/stock-market-news/apple-amazon-stryker-and-more-set-to-report-earnings-thursday-93CH-4761348,alpha_vantage,2026-07-29 04:00:00,339.43727163464206,344.2730974331505,337.0593175600121,337.8985900878906,56090800,0.0,0.0,neutral,0.0004,0.0014,0.9982
AAPL,av_6d6502df528b8687,Apple says UK App Store proposal amounts to price regulation,"Apple contends that proposed UK rules for its App Store, aimed at loosening control over in-app payments, constitute price regulation and could hinder innovation. The UK's Competition and Markets Authority (CMA) refutes this, stating their goal is to ensure fair and reasonable fees for alternative payment options, not to directly set prices, expecting savings to benefit consumers or developers. The CMA's initiatives are part of a broader effort to enhance competition and consumer choice within digital markets.",2026-07-29 19:06:57,Reuters,https://www.reuters.com/legal/litigation/apple-says-uk-app-store-proposal-amounts-price-regulation-2026-07-29/,alpha_vantage,2026-07-29 04:00:00,339.43727163464206,344.2730974331505,337.0593175600121,337.8985900878906,56090800,0.0,0.0,neutral,0.0028,0.0091,0.9881
AAPL,av_1312e29d950dea7b,"Cactus president Joel Bender sells $732,391 in stock","Cactus president Joel Bender sold 13,300 shares of the company's Class A Common Stock for approximately $732,391. This transaction involved a complex redemption process of ownership interests in Cactus Companies, LLC, leading to the acquisition and subsequent cancellation of Class B Common Stock and the acquisition of Class A Common Stock. The company's financial health is rated ""GOOD"" by InvestingPro, and it recently surpassed Q1 2026 earnings expectations with revenue of $388.3 million and an EPS of $0.70.",2026-07-29 19:10:09,Investing.com,https://www.investing.com/news/insider-trading-news/cactus-president-joel-bender-sells-732391-in-stock-93CH-4822012,alpha_vantage,2026-07-29 04:00:00,339.43727163464206,344.2730974331505,337.0593175600121,337.8985900878906,56090800,0.0,0.0,neutral,0.0414,0.0035,0.955
AAPL,av_e43019d9eb9f97f5,MAA REPORTS SECOND QUARTER 2026 RESULTS,"Mid-America Apartment Communities (MAA) announced its second quarter 2026 operating results, with Core FFO exceeding expectations due to strong demand and expense management. The company reported improved blended lease-over-lease pricing and historically low resident turnover, indicating an accelerating market recovery across its footprint. MAA also updated its full-year 2026 guidance, reflecting adjustments to property revenue, operating expense, and NOI growth expectations.",2026-07-29 20:15:25,Yahoo Finance,https://finance.yahoo.com/real-estate/articles/maa-reports-second-quarter-2026-201500866.html,alpha_vantage,2026-07-29 04:00:00,339.43727163464206,344.2730974331505,337.0593175600121,337.8985900878906,56090800,0.0,0.0,neutral,0.0006,0.0005,0.9989
AAPL,av_cdedb0f78f6ff6c9,VT ETF Holds $157 After a 19.08% Year as VXUS Outperforms and the Top Ten Holdings Reach 21.98% of the Fund,"The VT ETF, with 10,000 holdings and a 0.06% fee, trades near $157, driven by a 19.08% trailing one-year return. Despite its broad diversification across 47 countries, US equities account for 62.2% of its weight, and the top ten holdings, including Nvidia, Apple, and Microsoft, comprise 21.98% of the fund. The article highlights that while VT offers protection against country-specific risks, it remains highly sensitive to global thematic risks, particularly the AI capital expenditure trade, as demonstrated by recent semiconductor market volatility in both US and Asian markets.",2026-07-29 20:35:52,TradingNEWS,https://www.tradingnews.com/news/vt-etf-holds-157-usd-after-19-percent-year-as-vxus-outperforms,alpha_vantage,2026-07-29 04:00:00,339.43727163464206,344.2730974331505,337.0593175600121,337.8985900878906,56090800,0.0,0.0,neutral,0.0015,0.0135,0.9851
AAPL,av_13470015cc66d58b,Teradyne Is a Chip Testing Titan With Expanding AI Exposure,"Teradyne is a leading supplier of automated test equipment for semiconductors, particularly for cutting-edge chips, due to its strong engineering and investment in the sector. The company maintains robust relationships with major tech firms like Apple and Taiwan Semiconductor, contributing to its excellent margins and market share. Morningstar views Teradyne as a ""chip testing titan"" with increasing exposure to artificial intelligence, reinforcing its wide economic moat rating.",2026-07-29 20:59:15,Morningstar,https://www.morningstar.com/company-reports/1491358-teradyne-is-a-chip-testing-titan-with-expanding-ai-exposure,alpha_vantage,2026-07-29 04:00:00,339.43727163464206,344.2730974331505,337.0593175600121,337.8985900878906,56090800,0.0,0.0,neutral,0.0014,0.0049,0.9936
AAPL,av_67aba7ff80cac080,"Tyler Technologies jumps 3% on Q2 earnings beat, buyback plan By Investing.com","Tyler Technologies (NYSE:TYL) reported strong Q2 results, exceeding expectations with adjusted EPS of $3.08 and revenue of $645.1 million, an 8.2% YoY increase. The company's SaaS revenues grew 21.7% for the 22nd consecutive quarter, and free cash flow surged by 34.7% to a Q2 record of $118.5 million. Following these positive results, Tyler Technologies announced a new $1.5 billion share repurchase authorization, replacing previous plans, and saw its shares rise by 3.4%.",2026-07-29 21:03:27,Investing.com Canada,https://ca.investing.com/news/stock-market-news/tyler-technologies-jumps-3-on-q2-earnings-beat-buyback-plan-93CH-4761783,alpha_vantage,2026-07-29 04:00:00,339.43727163464206,344.2730974331505,337.0593175600121,337.8985900878906,56090800,0.0,0.0,bullish,0.0025,0.9946,0.0028
AAPL,av_78a76f454844b6b0,"Tech stocks today: Microsoft, Meta, Qualcomm report earnings as chip stocks struggle","Microsoft's stock soared 14% after reporting strong earnings driven by AI growth and cost-saving measures. In contrast, Meta's shares dropped over 9% due to a lack of spending guidance and dwindling cash, while Qualcomm also slid despite beating revenue expectations, impacted by slowing smartphone sales. Investors are now looking forward to Amazon and Apple's earnings reports for further market insights.",2026-07-29 21:08:22,Yahoo Finance,https://finance.yahoo.com/technology/live/tech-stocks-today-big-tech-earnings-134611080.html,alpha_vantage,2026-07-29 04:00:00,339.43727163464206,344.2730974331505,337.0593175600121,337.8985900878906,56090800,0.0,0.0,neutral,0.0112,0.0035,0.9853
AAPL,av_7409e8dd48557c3a,Form 13D/A HIGHLAND OPPORTUNITIES & INCOME FUND For: 29 July,"The article reports on the filing of Form 13D/A for Highland Opportunities & Income Fund, dated July 29. This document is a regulatory filing typically associated with significant ownership changes in a company. The content itself seems to be a template or placeholder, as it largely repeats the headline and includes stock market data unrelated to the specific fund.",2026-07-29 21:10:57,Investing.com Canada,https://ca.investing.com/news/stock-market-news/form-13da-highland-opportunities--income-fund-for-29-july-93CH-4761823,alpha_vantage,2026-07-29 04:00:00,339.43727163464206,344.2730974331505,337.0593175600121,337.8985900878906,56090800,0.0,0.0,neutral,0.0005,0.0006,0.9988
AAPL,av_c527b051ea76191d,"D James Bidzos Sells 3,300 Shares of VeriSign (NASDAQ:VRSN) Stock","VeriSign CEO D. James Bidzos recently sold 3,300 shares of the company's stock for $927,960 under a pre-arranged trading plan. This transaction, along with several others, reduced his holdings by 0.79%. Despite the insider selling, VeriSign reported strong quarterly earnings, beating estimates with $2.38 EPS and a 6% revenue increase, leading analysts to maintain a ""Buy"" rating and a price target of $328.75.",2026-07-29 21:20:25,MarketBeat,https://www.marketbeat.com/instant-alerts/d-james-bidzos-sells-3300-shares-of-verisign-nasdaqvrsn-stock-2026-07-29/,alpha_vantage,2026-07-29 04:00:00,339.43727163464206,344.2730974331505,337.0593175600121,337.8985900878906,56090800,0.0,0.0,neutral,0.0801,0.0172,0.9027
AAPL,av_ee0450fc871b5f19,"Watsco B Inc earnings missed by $0.42, revenue fell short of estimates","Watsco B Inc (NYSE: WSOb) announced its second-quarter earnings, reporting an EPS of $4.00, which was $0.42 below the analyst estimate of $4.42. The company's revenue for the quarter was $2.1 billion, falling short of the consensus estimate of $2.14 billion. Following these results, Watsco B Inc's stock closed at $363.47, showing a 0% change over the last three months and an 18.04% decrease over the last 12 months.",2026-07-29 22:41:50,Investing.com Canada,https://ca.investing.com/news/earnings/watsco-b-inc-earnings-missed-by-042-revenue-fell-short-of-estimates-4760630,alpha_vantage,2026-07-29 04:00:00,339.43727163464206,344.2730974331505,337.0593175600121,337.8985900878906,56090800,0.0,0.0,bearish,0.9969,0.0009,0.0022
AAPL,av_1867026be4b89acc,"Corning Says Apple, Meta, Nvidia Deals Support Its $40 Billion Growth Plan - Corning (NYSE:GLW)","Corning is leveraging partnerships with tech giants Apple, Meta, Nvidia, and Amazon to drive its ""Springboard 203040"" growth plan, aiming to double its current revenue to $40 billion by 2030. These collaborations highlight Corning's crucial role in both consumer electronics, through initiatives like supplying Apple's device glass, and especially in the rapidly expanding AI infrastructure market by providing advanced optical fiber and connectivity solutions for data centers. The company frames these recent wins as foundational to its long-term strategy, positioning it as a key supplier in the evolving AI landscape beyond just semiconductors.",2026-07-29 23:07:47,Benzinga,https://www.benzinga.com/trading-ideas/long-ideas/26/07/60759109/corning-landed-apple-meta-nvidia-and-amazon-in-six-months-now-it-thinks-revenue-can-double-by-2030,alpha_vantage,2026-07-29 04:00:00,339.43727163464206,344.2730974331505,337.0593175600121,337.8985900878906,56090800,0.0,0.0,bullish,0.0021,0.8631,0.1349
AAPL,av_0103c46d1141506d,Apple faces bipartisan Senate pushback over plans to buy Chinese memory chips,"Bipartisan US senators are urging Apple CEO Tim Cook to commit by August 21 to not using memory chips from Chinese suppliers CXMT and YMTC. These Chinese firms are designated by the Pentagon as military companies, and lawmakers warn that relying on them for critical components could pose national security risks and undermine domestic memory production. Apple has previously sought US administration approval for these purchases, and senators are also concerned about the transfer of technical information during the qualification process.",2026-07-30 00:40:09,9to5Mac,https://9to5mac.com/2026/07/29/apple-faces-bipartisan-senate-pushback-over-plans-to-buy-chinese-memory-chips/,alpha_vantage,2026-07-29 04:00:00,339.43727163464206,344.2730974331505,337.0593175600121,337.8985900878906,56090800,0.0,0.0,bearish,0.9055,0.0141,0.0804
AAPL,av_2ebfcf920717ee79,Form 4 Energy Recovery Inc For: 29 July By Investing.com,"This article from Investing.com is a placeholder or an automatically generated news item indicating that a Form 4 filing for Energy Recovery Inc. was made on July 29th. It includes a basic headline and a stock ticker with its daily performance. The content primarily consists of navigation, advertisements, and trending stock information rather than details about the Form 4 itself.",2026-07-30 00:40:45,Investing.com Canada,https://ca.investing.com/news/stock-market-news/form-4-energy-recovery-inc-for-29-july-93CH-4762160,alpha_vantage,2026-07-29 04:00:00,339.43727163464206,344.2730974331505,337.0593175600121,337.8985900878906,56090800,0.0,0.0,neutral,0.0006,0.0006,0.9988
AAPL,av_9ecf070a21326fb4,"QGRW ETF Profile: Dividends, Returns (MUN:QGRW)","This article provides a detailed profile of the WisdomTree US Quality Growth UCITS ETF (QGRW), traded on the Munich Stock Exchange. It covers key statistics such as Assets Under Management (€38.41M), expense ratio (0.35%), and inception date (April 16, 2024). The ETF primarily invests in US equity with a focus on electronic technology and technology services, tracking the WisdomTree US Quality Growth UCITS Index, and does not pay dividends.",2026-07-30 01:40:53,TradingView,https://www.tradingview.com/symbols/MUN-QGRW/profile/,alpha_vantage,2026-07-29 04:00:00,339.43727163464206,344.2730974331505,337.0593175600121,337.8985900878906,56090800,0.0,0.0,neutral,0.0005,0.0007,0.9988
AAPL,av_89973ce350460599,"FTGS ETF Profile: Dividends, Returns (TRADEGATE:FTGS)","This article provides a detailed profile of the FTGS ETF, the First Trust Global Capital Strength ESG Leaders UCITS ETF Accum A USD. It covers key statistics such as its AUM of 30.02M EUR and an expense ratio of 0.75%, along with its investment strategy, asset allocation by sector and region, and top holdings. The fund, issued by AJM Ventures LLC and launched on March 9, 2021, is passive and tracks the MSCI ACWI ESG Leaders Select Sustainability Index - EUR, but does not pay dividends.",2026-07-30 03:39:37,TradingView,https://www.tradingview.com/symbols/TRADEGATE-FTGS/profile/,alpha_vantage,2026-07-29 04:00:00,339.43727163464206,344.2730974331505,337.0593175600121,337.8985900878906,56090800,0.0,0.0,neutral,0.0005,0.0007,0.9988
AAPL,av_ebfd410cfd59aa99,Tech company buys South Bay campus in deal that could enable expansion,"Fabrinet, an electronics manufacturer, has acquired a three-building tech campus in Santa Clara for $76.9 million in cash. This acquisition significantly expands Fabrinet's footprint in the South Bay, providing ample space for potential future growth of its local operations. The deal highlights a trend of tech companies investing in physical expansion in the region.",2026-07-30 05:00:00,The Mercury News,https://www.mercurynews.com/2026/07/30/tech-santa-clara-economy-work-build-property-develop-real-estate-jobs/amp/,alpha_vantage,2026-07-30 04:00:00,332.8129674612056,334.4615395264105,329.30598233808786,333.1426696777344,74817800,0.0,0.0,neutral,0.0005,0.0037,0.9958
AAPL,av_323388e4a492c52b,Qualcomm Inc (QCOM) (Q3 2026) Earnings Call Highlights: Record Automotive Revenue and Data ...,"Qualcomm (QCOM) reported strong Q3 2026 results, highlighting record automotive revenue with 61% year-over-year growth and the initiation of data center revenue from custom silicon engagements. Despite these positives, the company faces short-term pressures on QCT gross margins due to memory prices and supply constraints, alongside an expected decline in Apple product revenues. Q&A detailed plans to offset Apple revenue reduction with Android growth and data center ramp, while also addressing pricing actions and the long-term outlook for handset and data center markets.",2026-07-30 05:13:51,Yahoo Finance,https://finance.yahoo.com/markets/stocks/articles/qualcomm-inc-qcom-q3-2026-050244984.html,alpha_vantage,2026-07-30 04:00:00,332.8129674612056,334.4615395264105,329.30598233808786,333.1426696777344,74817800,0.0,0.0,neutral,0.0006,0.0157,0.9837
AAPL,av_99363925576b5291,"Apple, Microsoft And 3 Stocks To Watch Heading Into Thursday - Apple (NASDAQ:AAPL)","This article highlights five stocks to watch on Thursday morning, including Apple, Microsoft, Amazon, Meta Platforms, and Bristol-Myers Squibb. It details their recent earnings reports, analyst expectations for upcoming reports, and their stock performance in after-hours trading. The information is presented to inform investors about potential market movements.",2026-07-30 05:36:58,Benzinga,https://www.benzinga.com/markets/equities/26/07/60787028/apple-microsoft-and-3-stocks-to-watch-heading-into-thursday-2,alpha_vantage,2026-07-30 04:00:00,332.8129674612056,334.4615395264105,329.30598233808786,333.1426696777344,74817800,0.0,0.0,neutral,0.0005,0.0012,0.9983
AAPL,av_faa6dda4d3f345bf,$Tradr 2X Long SNDK Daily ETF (SNXX.US)$[Hurt],"This article, published on the moomoo community feed, is a short post by ""Peachy Mango"" discussing the $Tradr 2X Long SNDK Daily ETF (SNXX.US)$. It is a brief, one-line comment marked with ""[Hurt]"", suggesting a negative performance or sentiment regarding the ETF. The post is part of a larger community discussion offering educational content.",2026-07-30 06:39:40,Moomoo,https://www.moomoo.com/community/feed/tradr-2x-long-sndk-daily-etf-snxx-us-117010113953798,alpha_vantage,2026-07-30 04:00:00,332.8129674612056,334.4615395264105,329.30598233808786,333.1426696777344,74817800,0.0,0.0,neutral,0.1391,0.3026,0.5583
AAPL,av_c4b752e36f8f7b22,"Dimensional Fund Advisors LP Has $102.03 Million Stock Holdings in VeriSign, Inc. $VRSN","Dimensional Fund Advisors LP significantly increased its stake in VeriSign, Inc. (NASDAQ:VRSN) by 6.9% in the first quarter, bringing its total holdings to 410,773 shares valued at over $102 million. This move is part of a broader trend of institutional investors boosting their positions in VeriSign, which also recently received an upgrade to ""Strong Buy"" from Zacks and reported strong quarterly earnings exceeding analyst expectations. The company also announced a quarterly dividend of $0.81 per share.",2026-07-30 07:37:11,MarketBeat,https://www.marketbeat.com/instant-alerts/filing-dimensional-fund-advisors-lp-has-10203-million-stock-holdings-in-verisign-inc-vrsn-2026-07-30/,alpha_vantage,2026-07-30 04:00:00,332.8129674612056,334.4615395264105,329.30598233808786,333.1426696777344,74817800,0.0,0.0,neutral,0.0008,0.004,0.9952
AAPL,av_67b44505532255a6,"California State Teachers Retirement System Sells 31,695 Shares of O'Reilly Automotive, Inc. $ORLY","The California State Teachers Retirement System reduced its stake in O'Reilly Automotive, Inc. by 2.4% in the first quarter, selling 31,695 shares and now owning 1,287,318 shares valued at $118.83 million. Other institutional investors made various changes to their positions, with 85% of the stock owned by institutional investors. O'Reilly Automotive recently reported strong Q2 earnings, meeting analyst consensus estimates, with revenue up 8.1% year-over-year.",2026-07-30 08:08:40,MarketBeat,https://www.marketbeat.com/instant-alerts/filing-california-state-teachers-retirement-system-sells-31695-shares-of-oreilly-automotive-inc-orly-2026-07-30/,alpha_vantage,2026-07-30 04:00:00,332.8129674612056,334.4615395264105,329.30598233808786,333.1426696777344,74817800,0.0,0.0,neutral,0.0075,0.0041,0.9884
AAPL,av_d803ef2c2d41ee30,Stock Market: Will S&P 500 Open Up or Down Today?,"After the S&P 500 experienced a three-day losing streak due to rising Treasury yields, a hawkish Federal Reserve, and geopolitical tensions, Polymarket traders are predicting an upward bounce for the benchmark index at Thursday's open. The market is weighing several factors, including the Fed's decision to keep interest rates unchanged, a surge in Treasury yields, and upcoming economic data releases, while Microsoft's strong earnings provide some optimism.",2026-07-30 08:19:23,Benzinga,https://www.benzinga.com/markets/prediction-markets/26/07/60788305/sp500-july-30-open-up-or-down-polymarket-fed-bond-yields-big-tech-earnings-oil,alpha_vantage,2026-07-30 04:00:00,332.8129674612056,334.4615395264105,329.30598233808786,333.1426696777344,74817800,0.0,0.0,neutral,0.0024,0.0006,0.9971
AAPL,av_566c5bbddda7e2aa,Sterling Investment Advisors Ltd. Trims Stock Position in Apple Inc. $AAPL,"Sterling Investment Advisors Ltd. reduced its stake in Apple Inc. by 1.7% in the first quarter, selling 2,330 shares but retaining 132,495 shares valued at $33.6 million. Apple remains the firm's third-largest holding, representing 5.6% of its portfolio. Analysts maintain a ""Moderate Buy"" rating with a $327.40 target price, bolstered by strong iPhone demand and recent earnings beats, despite risks like a CEO transition and potential regulatory scrutiny.",2026-07-30 08:38:16,MarketBeat,https://www.marketbeat.com/instant-alerts/filing-sterling-investment-advisors-ltd-trims-stock-position-in-apple-inc-aapl-2026-07-30/,alpha_vantage,2026-07-30 04:00:00,332.8129674612056,334.4615395264105,329.30598233808786,333.1426696777344,74817800,0.0,0.0,bearish,0.9952,0.0012,0.0036
AAPL,av_a4e7a1fac51db5b8,Vuzix (NASDAQ:VUZI) Stock Passes Below Two Hundred Day Moving Average - Here's What Happened,"Vuzix (NASDAQ:VUZI) stock recently fell below its two-hundred-day moving average, trading at $2.14 with a volume of over 1 million shares. This comes after analyst downgrades, including a ""sell"" rating from Wall Street Zen and Weiss Ratings, contributing to an average ""Hold"" rating from MarketBeat data. Insider selling also occurred, with two directors selling shares totaling over $197,000, while institutional investors have adjusted their holdings.",2026-07-30 08:40:06,MarketBeat,https://www.marketbeat.com/instant-alerts/vuzix-nasdaqvuzi-stock-passes-below-two-hundred-day-moving-average-heres-what-happened-2026-07-30/,alpha_vantage,2026-07-30 04:00:00,332.8129674612056,334.4615395264105,329.30598233808786,333.1426696777344,74817800,0.0,0.0,bearish,0.9967,0.001,0.0023
AAPL,av_a3b3a6c5f0e0ac28,Apple options trades: What's a covered call and how does it work?,"This article explains how a covered call option works using Apple (AAPL) as an example. It details the mechanics of selling a call option against 100 shares of stock to collect a premium, outlining both the potential benefits and risks. The piece emphasizes that covered calls are most effective when the stock's price rises modestly, trades sideways, or slightly declines, as they cap potential upside gains in exchange for an upfront payment.",2026-07-30 09:37:00,Yahoo Finance,https://finance.yahoo.com/video/apple-options-trades-whats-covered-201000242.html,alpha_vantage,2026-07-30 04:00:00,332.8129674612056,334.4615395264105,329.30598233808786,333.1426696777344,74817800,0.0,0.0,neutral,0.0006,0.0007,0.9987
AAPL,av_5178146548fe5f38,"In 12 Words, JPMorgan CEO Jamie Dimon Just Issued a Stark Warning to Investors","JPMorgan Chase CEO Jamie Dimon has issued a warning to investors, highlighting various geopolitical and economic risks that he believes are underestimated. While acknowledging the transformative potential of AI, Dimon cautions that the timing and success of AI investments may not meet expectations, drawing parallels to the dot-com bubble. He advises investors to focus on companies with strong fundamentals to navigate potential market volatility.",2026-07-30 10:38:13,Yahoo Finance,https://finance.yahoo.com/markets/stocks/articles/12-words-jpmorgan-ceo-jamie-103500711.html,alpha_vantage,2026-07-30 04:00:00,332.8129674612056,334.4615395264105,329.30598233808786,333.1426696777344,74817800,0.0,0.0,neutral,0.0471,0.0008,0.9521
AAPL,av_c5bac0364688c6dd,Futu Holdings Ltd (FUTU.US) Moomoo is keeping a low profile :),"The article consists of a short comment by a user named AgentV stating that Futu Holdings Ltd's Moomoo platform is ""keeping a low profile."" This comment was made on July 30 at 15:45 and is part of the moomoo Community feed.",2026-07-30 10:39:57,Moomoo,https://www.moomoo.com/community/feed/futu-holdings-ltd-futu-us-moomoo-is-keeping-a-low-117007813509526,alpha_vantage,2026-07-30 04:00:00,332.8129674612056,334.4615395264105,329.30598233808786,333.1426696777344,74817800,0.0,0.0,neutral,0.0013,0.0006,0.9981
AAPL,av_a58054149eefbc14,Appian stock may move 13% on Aug. 6 earnings report,"Appian Corp. Class A shares are predicted to move 13% based on options data when the company releases its earnings report on August 6 before the market opens. Historically, the software company has surpassed the options-implied move in four of its last eight earnings announcements. The stock's past performance in relation to implied moves is detailed, including its largest actual move of 28.6% and a significant decline of 16.1% that exceeded implied expectations.",2026-07-30 10:41:00,Investing.com,https://www.investing.com/news/stock-market-news/appian-stock-may-move-13-on-aug-6-earnings-report-93CH-4825082,alpha_vantage,2026-07-30 04:00:00,332.8129674612056,334.4615395264105,329.30598233808786,333.1426696777344,74817800,0.0,0.0,bullish,0.0058,0.959,0.0352
AAPL,av_8f562f99b24af1a1,"Avery Dennison earnings beat by $0.42, revenue topped estimates","Avery Dennison (NYSE: AVY) reported strong second-quarter results, with EPS of $2.89, exceeding analyst estimates by $0.42, and revenue of $2.5 billion, surpassing the consensus of $2.3 billion. The company also provided optimistic guidance for FY 2026 EPS, projecting $10.00-$10.30 against an analyst consensus of $10.02. Despite a slight dip over the last 12 months, the stock has shown a 2.52% increase in the past three months, reflecting a ""good performance"" in its financial health according to InvestingPro.",2026-07-30 10:52:09,Investing.com,https://www.investing.com/news/earnings/avery-dennison-earnings-beat-by-042-revenue-topped-estimates-4823397,alpha_vantage,2026-07-30 04:00:00,332.8129674612056,334.4615395264105,329.30598233808786,333.1426696777344,74817800,0.0,0.0,bullish,0.0022,0.9939,0.0039
AAPL,av_4504da64e11e2b19,"In 12 Words, JPMorgan CEO Jamie Dimon Just Issued a Stark Warning to Investors","JPMorgan Chase CEO Jamie Dimon warns investors that they may be underestimating current economic and geopolitical risks, including wars and government deficits. While he expresses optimism about AI technology, he cautions that its payoff timeline is uncertain, likening the current situation to the dot-com bubble where solid fundamentals determined long-term success. Dimon advises investors that the real risk lies in choosing the wrong companies during volatile periods, emphasizing the importance of strong fundamentals for navigating potential market downturns.",2026-07-30 10:54:19,The Motley Fool,https://www.fool.com/investing/2026/07/30/in-12-words-jpmorgan-ceo-jamie-dimon-just-issued-a/,alpha_vantage,2026-07-30 04:00:00,332.8129674612056,334.4615395264105,329.30598233808786,333.1426696777344,74817800,0.0,0.0,neutral,0.0471,0.0008,0.9521
AAPL,av_8114cc4a62b26799,Universal Display Corporation Q2 2026 Earnings Call Summary,"Universal Display Corporation (UDC) reported its Q2 2026 earnings, with performance impacted by a challenging consumer electronics environment and rising memory costs affecting smartphone demand. The company narrowed its full-year revenue guidance and expects second-half revenue to exceed the first half. Strategic initiatives include the commercialization of Gen 8.6 manufacturing facilities and accelerating phosphorescent blue development, while operating expenses are projected to increase by low single digits.",2026-07-30 11:10:00,Yahoo Finance,https://finance.yahoo.com/markets/stocks/articles/universal-display-corporation-q2-2026-031037721.html,alpha_vantage,2026-07-30 04:00:00,332.8129674612056,334.4615395264105,329.30598233808786,333.1426696777344,74817800,0.0,0.0,neutral,0.0005,0.0006,0.9989
AAPL,av_40772dc73c2ca7fb,This ETF Just Undercut VTI on Fees. Should You Actually Switch?,"The JPMorgan BetaBuilders U.S. Equity ETF (BBUS) now has a lower expense ratio (0.02%) than Vanguard’s Total Stock Market ETF (VTI). However, BBUS targets only the top 85% of the U.S. market, excluding small-cap stocks, which VTI includes. While BBUS has outperformed VTI over five years due to its large- and mid-cap focus, investors should consider tax implications when switching, especially in taxable accounts, as capital gains could erase fee savings.",2026-07-30 11:44:06,24/7 Wall St.,https://247wallst.com/investing/etf/2026/07/29/this-etf-just-undercut-vti-on-fees-should-you-actually-switch/,alpha_vantage,2026-07-30 04:00:00,332.8129674612056,334.4615395264105,329.30598233808786,333.1426696777344,74817800,0.0,0.0,neutral,0.0008,0.0007,0.9985
AAPL,av_dfb73beaf99fb0d5,Gilat Satellite Networks Sets August Investor Conference Appearances,"Gilat Satellite Networks (GILT) announced its management will participate in two investor conferences in August 2026: Canaccord Genuity's 46th Annual Growth Conference and Oppenheimer's 29th Annual Technology, Internet & Communications Conference. CEO Adi Sfadia and CFO Gil Benyamini will represent the company to engage with the capital markets and discuss its satellite networking strategy. Spark, TipRanks’ AI Analyst, currently rates GILT as ""Neutral"" due to solid fundamentals and a constructive earnings outlook, tempered by weakening cash-flow conversion and margin compression.",2026-07-30 12:09:50,TipRanks,https://www.tipranks.com/news/company-announcements/gilat-satellite-networks-sets-august-investor-conference-appearances,alpha_vantage,2026-07-30 04:00:00,332.8129674612056,334.4615395264105,329.30598233808786,333.1426696777344,74817800,0.0,0.0,neutral,0.0004,0.0013,0.9983
AAPL,av_6dfff8d273af6409,"Apple, Steel Dynamics, CBRE Group And More: CNBC’s ‘Final Trades’","On CNBC's ""Final Trades,"" several investment experts shared their top stock picks. Joseph M. Terranova recommended Apple (NASDAQ: AAPL) ahead of its upcoming earnings report, while Bryn Talkington favored CBRE Group (NYSE: CBRE) which recently reported better-than-expected earnings. Kevin Simpson and Stephen Weiss both recommended Steel Dynamics (NASDAQ: STLD), citing its strong second-quarter sales.",2026-07-30 12:26:04,Benzinga,https://www.benzinga.com/trading-ideas/long-ideas/26/07/60796398/apple-steel-dynamics-cbre-group-and-more-cnbcs-final-trades,alpha_vantage,2026-07-30 04:00:00,332.8129674612056,334.4615395264105,329.30598233808786,333.1426696777344,74817800,0.0,0.0,neutral,0.0005,0.0007,0.9989
AAPL,av_c76308089d2563fe,Alphabet Inc. Class C Trade Ideas — BCS:GOOGCL1,"This article compiles various trading ideas and analyses for Alphabet Inc. Class C shares (GOOGCL1, GOOGL), drawing from multiple traders and analysts on TradingView. It covers technical analysis using Fibonacci extensions and moving averages for entry points, long-term forecasts predicting significant price appreciation, and reactions to recent news such as competition from AI-powered search and Apple's safari search strategy. The sentiment ranges from strong buy recommendations based on AI leadership and financial strength to caution due to potential bearish divergences and resistance levels.",2026-07-30 12:37:54,TradingView,https://www.tradingview.com/symbols/BCS-GOOGCL1/ideas/page-26/,alpha_vantage,2026-07-30 04:00:00,332.8129674612056,334.4615395264105,329.30598233808786,333.1426696777344,74817800,0.0,0.0,neutral,0.0007,0.0012,0.9981
AAPL,av_024da8bd01b6c3e9,"Dow's Nearly 300-Point Rally Highlighted By Gains For Shares Of Microsoft, Amazon.Com Inc.","The Dow Jones Industrial Average rose nearly 300 points, with significant contributions from Microsoft and Amazon.com Inc. Microsoft's stock saw a 1.2% increase, while Amazon.com Inc. shares climbed 1.6%. The rally also saw gains in Procter & Gamble, Boeing, Apple, and Merck.",2026-07-30 13:46:04,Moomoo,https://www.moomoo.com/news/post/73823165/dow-s-nearly-300-point-rally-highlighted-by-gains-for,alpha_vantage,2026-07-30 04:00:00,332.8129674612056,334.4615395264105,329.30598233808786,333.1426696777344,74817800,0.0,0.0,bullish,0.0042,0.992,0.0038
AAPL,av_497ab89cdebf1a55,Strong iPhone sales propel Apple's fiscal Q3 results past Wall Street's expectations,"Apple exceeded Wall Street's fiscal third-quarter expectations due to robust iPhone and MacBook sales. The company reported significant revenue and earnings growth, despite challenges like memory-chip shortages and the upcoming retirement of CEO Tim Cook. Analysts note Apple's strong cash generation, though future quarters may face challenges from rising memory costs and the absence of tariff benefits as the company potentially raises iPhone prices.",2026-07-30 13:54:00,Yahoo Finance,https://finance.yahoo.com/markets/stocks/articles/strong-iphone-sales-propel-apples-205413484.html,alpha_vantage,2026-07-30 04:00:00,332.8129674612056,334.4615395264105,329.30598233808786,333.1426696777344,74817800,0.0,0.0,bullish,0.0036,0.9942,0.0021
AAPL,av_94dfe8592ffb439e,TSMC Stock Gains On Report Of Developing 'EMIB-Like' Chips To Counter Intel's AI Threat,"Taiwan Semiconductor Manufacturing (TSMC) shares increased after a report indicated the company is developing an advanced chip-packaging technology similar to Intel's EMIB, which its engineers internally refer to as ""EMIB-like."" This development comes as both TSMC and Intel compete for leadership in advanced semiconductor manufacturing, particularly with the booming demand for AI chips. Intel's EMIB technology has already attracted interest from major customers like Nvidia, Apple, and Tesla, intensifying the rivalry between the two chip giants.",2026-07-30 15:09:37,TradingView,https://www.tradingview.com/news/stocktwits:f4a9f7b4b094b:0-tsmc-stock-gains-on-report-of-developing-emib-like-chips-to-counter-intel-s-ai-threat/,alpha_vantage,2026-07-30 04:00:00,332.8129674612056,334.4615395264105,329.30598233808786,333.1426696777344,74817800,0.0,0.0,bullish,0.0032,0.9939,0.0029
AAPL,av_fdbfc1c502d44479,"NSCR Dividend: 8.17% Yield, $3.58/Share — History & Dates","The Nuveen Sustainable Core ETF (NSCR) offers an 8.17% dividend yield, paying $3.58 per share annually, with a payout ratio of 0.23. The ETF has been paying dividends since 2026 and has shown a 5-year dividend growth rate of 12.36%. The article provides a complete history of NSCR's dividend payments, ex-dividend dates, and related trends.",2026-07-30 15:10:19,GuruFocus,https://www.gurufocus.com/etf/NSCR/dividend,alpha_vantage,2026-07-30 04:00:00,332.8129674612056,334.4615395264105,329.30598233808786,333.1426696777344,74817800,0.0,0.0,neutral,0.0007,0.0016,0.9977
AAPL,av_8b0203a0d290b8dc,T-Mobile is giving away the Apple iPhone 17 for free — how to qualify,"T-Mobile is offering several deals to get a free Apple iPhone 17, including with a trade-in on specific plans or by switching to T-Mobile. While Samsung is currently dominating phone news, these T-Mobile offers provide a chance to get the latest iPhone 17 or 17 Pro, with the latter being the first base model designed for advanced AI features. Customers should be aware of taxes and a $35 device connection fee associated with these promotions.",2026-07-30 15:23:53,Mashable,https://mashable.com/tech/free-apple-iphone-deal,alpha_vantage,2026-07-30 04:00:00,332.8129674612056,334.4615395264105,329.30598233808786,333.1426696777344,74817800,0.0,0.0,neutral,0.0006,0.0009,0.9986
AAPL,av_f5c268db308ec91f,Victory Capital Management Reduces Stake in BJ's Wholesale Club Holdings Inc (BJ),"Victory Capital Management Inc. has reduced its stake in BJ's Wholesale Club Holdings Inc. by selling over 1 million shares at $98.42 each, signaling a strategic portfolio adjustment. Following the sale, BJ's Wholesale Club remains ""Fairly Valued"" according to its GF Value, with a strong financial health score and good outperformance potential. This move aligns with a broader trend of net trimming by other gurus, suggesting a cautious stance on the stock.",2026-07-30 15:40:46,GuruFocus,https://www.gurufocus.com/news/8991163/victory-capital-management-reduces-stake-in-bjs-wholesale-club-holdings-inc-bj,alpha_vantage,2026-07-30 04:00:00,332.8129674612056,334.4615395264105,329.30598233808786,333.1426696777344,74817800,0.0,0.0,neutral,0.0008,0.0015,0.9977
AAPL,av_4373b554be2cd1e9,"Competitor Analysis: Evaluating SanDisk And Competitors In Technology Hardware, Storage & Peripherals Industry","This article provides a detailed competitor analysis of SanDisk (NASDAQ: SNDK) within the Technology Hardware, Storage & Peripherals industry. It evaluates SanDisk against its competitors based on key financial metrics such as P/E, P/B, P/S ratios, ROE, EBITDA, gross profit, revenue growth, and debt-to-equity ratio. The analysis concludes that SanDisk shows potential undervaluation in some metrics while demonstrating strong profitability and growth prospects.",2026-07-30 16:40:52,Webull,https://www.webull.com/news/15304335099044864,alpha_vantage,2026-07-30 04:00:00,332.8129674612056,334.4615395264105,329.30598233808786,333.1426696777344,74817800,0.0,0.0,neutral,0.0006,0.0008,0.9986
AAPL,av_aaa603e4068e0fa2,Interactive Brokers Stock In Focus As Apple And Amazon Stir Options Trading,"This article examines three stocks – Interactive Brokers Group (IBKR), UP Fintech Holding (TIGR), and Cboe Global Markets (CBOE) – that are poised to be affected by the increased options trading activity and potential volatility spurred by Apple and Amazon's upcoming earnings reports. It highlights how these companies, deeply involved in brokerage and exchange services, stand to benefit from higher trading volumes while also addressing their unique financial health, operational models, and inherent risks.",2026-07-30 16:51:44,Sahm,https://www.sahmcapital.com/news/content/interactive-brokers-stock-in-focus-as-apple-and-amazon-stir-options-trading-2026-07-31,alpha_vantage,2026-07-30 04:00:00,332.8129674612056,334.4615395264105,329.30598233808786,333.1426696777344,74817800,0.0,0.0,neutral,0.0028,0.0163,0.9809
AAPL,av_c4ff6669b438007f,Snowflake : SNOW,"This article provides an overview of Snowflake Inc. (SNOW), a cloud-based data platform company, including its stock performance, recent activity, and analyst mentions. It highlights Snowflake's role in unifying data for insights and application creation, noting its recent stock highs and positive analyst sentiment, such as Jim Cramer's bullish take. The article also lists several related articles discussing Snowflake and other AI/cloud stocks.",2026-07-30 17:09:08,24/7 Wall St.,https://247wallst.com/companies/snow/,alpha_vantage,2026-07-30 04:00:00,332.8129674612056,334.4615395264105,329.30598233808786,333.1426696777344,74817800,0.0,0.0,neutral,0.002,0.0012,0.9968
AAPL,av_d2b04196089db548,T Rowe Price Equity Income Fund's Top Second Quarter 2026 Move: Amazon.com Inc at a 3.97% Portfolio Impact,"The T Rowe Price Equity Income Fund concluded its second quarter of 2026 by significantly increasing its stake in Amazon.com Inc., adding 2,918,000 shares for a 3.97% portfolio impact. The fund, managed by John Linehan, also made substantial new buys in Apple Inc., Unilever PLC, and McDonald's Corp., while reducing positions in Alphabet Inc. and Texas Instruments Inc. The portfolio now holds 118 stocks, with top concentrations in Financial Services and Technology, reflecting its value-oriented approach combined with an emphasis on dividend income and long-term capital growth.",2026-07-30 17:38:49,GuruFocus,https://www.gurufocus.com/news/8991647/t-rowe-price-equity-income-funds-top-second-quarter-2026-move-amazoncom-inc-at-a-397-portfolio-impact,alpha_vantage,2026-07-30 04:00:00,332.8129674612056,334.4615395264105,329.30598233808786,333.1426696777344,74817800,0.0,0.0,neutral,0.0006,0.0013,0.9981
AAPL,av_e21f02d1148d829b,Amazon Leo Wants to Start Their Own Satellite Phone Company,"Amazon Leo is seeking FCC approval to launch an additional 5105 satellites, enabling them to start a ""direct to device"" (D2D) satellite system after merging with Globalstar. This expansion aims to provide greater speed and throughput for compatible mobile devices globally, extending services like dead-zone texting and emergency SOS. Amazon Leo is also developing partnerships with companies like Vodafone and DirecTV, joining a growing number of competitors in the satellite-based telecommunication space, including SpaceX's Starlink.",2026-07-30 18:10:53,NewsRadio 560 KPQ,https://kpq.com/ixp/1135/p/amazon-kuiper-satellite-internet-seattle/,alpha_vantage,2026-07-30 04:00:00,332.8129674612056,334.4615395264105,329.30598233808786,333.1426696777344,74817800,0.0,0.0,neutral,0.0008,0.001,0.9982
AAPL,av_3547b01e1276e40a,CNX Resources Releases Q2 2026 Financial Results,"CNX Resources Corporation significantly exceeded Wall Street expectations for Q2 2026, reporting diluted earnings per share of $1.32 against an estimated $0.55. The company's revenue reached $618.5M, surpassing the analyst consensus of $480.5M, despite a year-over-year decline in revenue due to challenging commodity price dynamics. This strong performance, especially the earnings beat, highlights CNX's effective cost management and operational efficiency.",2026-07-30 18:40:13,AlphaStreet,https://news.alphastreet.com/cnx-resources-releases-q2-2026-financial-results/,alpha_vantage,2026-07-30 04:00:00,332.8129674612056,334.4615395264105,329.30598233808786,333.1426696777344,74817800,0.0,0.0,neutral,0.0005,0.0006,0.999
AAPL,av_bf74f3f61f77d21c,Tech company bets on Santa Clara with $77M office complex purchase,"Electronics manufacturer Fabrinet has purchased a three-building office complex in Santa Clara for $76.9 million in an all-cash deal, significantly expanding its real estate holdings in Silicon Valley. This acquisition quadruples Fabrinet's space in the city and positions it among other tech giants like Apple, Google, and Nvidia, which have also been investing heavily in office real estate in the South Bay area recently. The move comes as office vacancy rates in Silicon Valley are beginning to decline.",2026-07-30 19:11:03,The Real Deal,https://therealdeal.com/san-francisco/2026/07/30/santa-clara-tech-company-buys-more-offices/,alpha_vantage,2026-07-30 04:00:00,332.8129674612056,334.4615395264105,329.30598233808786,333.1426696777344,74817800,0.0,0.0,neutral,0.0005,0.0014,0.9981
AAPL,av_25b2ff5c3d6c86e4,Form 4 Broadway Financial Corporation For: 30 July By Investing.com,"This article announces the filing of Form 4 for Broadway Financial Corporation (BYFC) on July 30. Form 4 is a document that must be filed with the U.S. Securities and Exchange Commission (SEC) whenever there is a change in the beneficial ownership of a company's stock by its directors, officers, or 10% shareholders. The brief article, published by Investing.com, indicates a release of insider transaction information for the company.",2026-07-30 19:20:49,Investing.com Canada,https://ca.investing.com/news/stock-market-news/form-4-broadway-financial-corporation-for-30-july-93CH-4765873,alpha_vantage,2026-07-30 04:00:00,332.8129674612056,334.4615395264105,329.30598233808786,333.1426696777344,74817800,0.0,0.0,neutral,0.0006,0.0007,0.9988
AAPL,av_3d1191c9dd9ecbda,VICTORY CAPITAL MANAGEMENT INC Reduces Dole PLC (DOLE) Stake -- Stock Remains Fairly Valued on GF Value,"VICTORY CAPITAL MANAGEMENT INC reduced its stake in Dole PLC (DOLE) by 9.85%, selling 490,845 shares. Despite the reduction, the firm still holds a significant position, and Dole PLC is currently considered ""Fairly Valued"" based on its GF Value of $15.41, trading at $14.31. Other institutional investors, including Southeastern Asset Management and Joel Greenblatt, continue to hold or add to their positions in the fruit and vegetable company, suggesting ongoing interest among value investors.",2026-07-30 19:35:00,GuruFocus,https://www.gurufocus.com/news/8993356/victory-capital-management-inc-reduces-dole-plc-dole-stake-stock-remains-fairly-valued-on-gf-value,alpha_vantage,2026-07-30 04:00:00,332.8129674612056,334.4615395264105,329.30598233808786,333.1426696777344,74817800,0.0,0.0,neutral,0.0117,0.0747,0.9136
AAPL,av_56152ddbfbeafae3,"Diana Shipping Q2 2026 Deep Dive: EPS Beats, Revenue Up 5%","Diana Shipping (DSX) reported a significant beat in Q2 2026, with EPS of $0.16 against an expected $0.10, representing a 60% surprise. Revenue increased by 4.7% sequentially to $57.3 million, driven by high fleet utilization despite noted macroeconomic headwinds, particularly slowing GDP growth in China. The company achieved a strong net margin of 36.3%, raising questions about the sustainability of such profitability in a cyclical industry without specific forward guidance.",2026-07-30 19:40:00,AlphaStreet,https://news.alphastreet.com/diana-shipping-q2-2026-deep-dive-eps-beats-revenue-up-5/,alpha_vantage,2026-07-30 04:00:00,332.8129674612056,334.4615395264105,329.30598233808786,333.1426696777344,74817800,0.0,0.0,bullish,0.0013,0.9881,0.0107
AAPL,av_1757c6355b8e1843,Hanmi's $55M Notes Pay 6.50% Fixed Interest for Five Years,"Hanmi Financial Corporation (NASDAQ: HAFC) has completed a $55.0 million private placement of fixed-to-floating rate subordinated notes, maturing July 31, 2036. The notes will bear a fixed interest rate of 6.50% for the first five years, after which they will switch to a floating rate based on the three-month SOFR plus 234 basis points. Hanmi plans to use the net proceeds to redeem $110.0 million of existing callable subordinated notes and for general corporate purposes, with the new notes structured to qualify as Tier 2 capital for regulatory purposes.",2026-07-30 20:10:11,Stock Titan,https://www.stocktitan.net/news/HAFC/hanmi-announces-completion-of-55-0-million-subordinated-debt-3fpkf6d8g53g.html,alpha_vantage,2026-07-30 04:00:00,332.8129674612056,334.4615395264105,329.30598233808786,333.1426696777344,74817800,0.0,0.0,neutral,0.001,0.0012,0.9979
AAPL,av_c68e905abd9523a6,"Apple beats Q3 estimates on strong iPhone sales, but China, Services come up short","Apple exceeded Q3 earnings and revenue estimates driven by strong iPhone sales, but shares still dropped over 3% as Services and Greater China sales fell short of analyst expectations. The company is grappling with rising memory costs due to AI, potentially leading to increased iPhone prices, which analysts warn could slow unit and user growth, impacting future Services revenue. Incoming CEO John Ternus will take over from Tim Cook on September 1.",2026-07-30 20:35:00,Yahoo! Finance Canada,https://ca.finance.yahoo.com/news/apple-beats-q3-estimates-on-strong-iphone-sales-but-china-services-come-up-short-115246491.html,alpha_vantage,2026-07-30 04:00:00,332.8129674612056,334.4615395264105,329.30598233808786,333.1426696777344,74817800,0.0,0.0,bullish,0.0056,0.7761,0.2183
AAPL,av_7c4068355dd8181a,Apple Earnings: What to Expect Today,"Investors are awaiting Apple's earnings report today, with analysts projecting product gross margins to reach 36.6%. A key focus for investors will be how memory costs might impact the company's profitability. John Ternus is also expected to take over as Apple CEO in September.",2026-07-30 20:37:05,WSJ,https://www.wsj.com/livecoverage/stock-market-today-dow-sp-500-nasdaq-07-30-2026/card/apple-earnings-what-to-expect-today-Meuebv6RI4UEH9qpkBBX,alpha_vantage,2026-07-30 04:00:00,332.8129674612056,334.4615395264105,329.30598233808786,333.1426696777344,74817800,0.0,0.0,neutral,0.0005,0.0008,0.9986
AAPL,av_33a2ea235a3cb9f4,Form FWP GOLDMAN SACHS GROUP INC Filed by: GOLDMAN SACHS GROUP INC,"This Form FWP (Free Writing Prospectus) from Goldman Sachs Group Inc. details an offering of Market Linked Securities—Auto-Callable with Upside Participation and Fixed Percentage Buffered Downside Principal at Risk Securities linked to the S&P 500 Index, due August 31, 2029. The document outlines the summary of terms including pricing date, issue date, call date, and payout profiles, along with associated risk factors. It also specifies the underwriting discount and advises potential investors to consult the preliminary pricing supplement and related documents for comprehensive information.",2026-07-30 21:08:00,StreetInsider,https://www.streetinsider.com/SEC+Filings/Form+FWP+GOLDMAN+SACHS+GROUP+INC+Filed+by%3A+GOLDMAN+SACHS+GROUP+INC/26844993.html,alpha_vantage,2026-07-30 04:00:00,332.8129674612056,334.4615395264105,329.30598233808786,333.1426696777344,74817800,0.0,0.0,neutral,0.001,0.0007,0.9982
AAPL,av_a9c8a1286966b2fa,Forum Energy Technologies (NYSE: FET) boosts 2026 guidance after strong Q2 results,"Forum Energy Technologies (NYSE: FET) reported strong second-quarter 2026 results, with an 8% sequential revenue increase to $226.2 million and a 39% increase in adjusted EBITDA to $32 million. The company's net income and diluted EPS also saw significant gains. Following this performance, FET raised its full-year 2026 guidance across all metrics, including revenue, adjusted EBITDA, adjusted net income, and free cash flow.",2026-07-30 21:22:45,Stock Titan,https://www.stocktitan.net/sec-filings/FET/8-k-forum-energy-technologies-inc-reports-material-event-3f479d916602.html,alpha_vantage,2026-07-30 04:00:00,332.8129674612056,334.4615395264105,329.30598233808786,333.1426696777344,74817800,0.0,0.0,bullish,0.0028,0.994,0.0032
AAPL,av_ab1887cc6c634fad,Apple sets June-quarter records as iPhone revenue reaches $54.3B,"Apple announced record-breaking financial results for its fiscal third quarter ended June 27, 2026, with total quarterly revenue reaching $109.4 billion, a 16 percent increase year-over-year. The company achieved new June quarter records for iPhone, Mac, and Services revenue, and reported dilute earnings per share of $2.02, up 29 percent year-over-year. Apple also declared a cash dividend of $0.27 per share.",2026-07-30 21:36:59,Stock Titan,https://www.stocktitan.net/news/AAPL/apple-reports-third-quarter-2dx2t0k3wwbr.html,alpha_vantage,2026-07-30 04:00:00,332.8129674612056,334.4615395264105,329.30598233808786,333.1426696777344,74817800,0.0,0.0,bullish,0.0023,0.9946,0.0031
AAPL,av_97faafac47f25dbe,"Apple Beats on Revenue and EPS, but Two Key Businesses Disappoint","Apple exceeded revenue and earnings per share expectations, primarily due to strong iPhone sales in China. However, its iPad and wearables businesses experienced significant declines. The company also announced a new $110 billion share repurchase program.",2026-07-30 21:39:45,Moomoo,https://www.moomoo.com/news/post/73840015/apple-beats-on-revenue-and-eps-but-two-key-businesses,alpha_vantage,2026-07-30 04:00:00,332.8129674612056,334.4615395264105,329.30598233808786,333.1426696777344,74817800,0.0,0.0,neutral,0.0061,0.2682,0.7256
AAPL,av_349ff5dc584ecf7e,Zions raises quarterly common dividend 6.7% to $0.48,"Zions Bancorporation announced that its board of directors authorized up to $75 million in common share repurchases for the third quarter of 2026, part of a larger $300 million target for the year. The board also declared a quarterly common dividend of $0.48 per share, a 6.7% increase from the prior quarter, payable August 20, 2026. Additionally, a regular quarterly cash dividend on Series A perpetual preferred shares was declared, payable September 15, 2026.",2026-07-30 22:10:58,Stock Titan,https://www.stocktitan.net/news/ZION/zions-bancorporation-s-board-announces-approval-of-share-repurchase-au8dsiwa1q1x.html,alpha_vantage,2026-07-30 04:00:00,332.8129674612056,334.4615395264105,329.30598233808786,333.1426696777344,74817800,0.0,0.0,bullish,0.0028,0.9937,0.0035
AAPL,av_01bb56bb3c567936,Apple commits more than $30 billion to US manufacturing,"Apple announced a significant expansion of its commitment to US manufacturing, including a new multiyear agreement with Broadcom exceeding $30 billion to build an end-to-end silicon supply chain in the US. This commitment is part of a larger plan to invest $600 billion in the United States over four years, which includes reinvesting tariff-related funds. CEO Tim Cook highlighted these plans during an earnings call where the company also reported strong financial results for the June quarter.",2026-07-30 22:36:58,Yahoo Finance,https://finance.yahoo.com/video/apple-commits-more-than-30-billion-to-us-manufacturing-220800117.html,alpha_vantage,2026-07-30 04:00:00,332.8129674612056,334.4615395264105,329.30598233808786,333.1426696777344,74817800,0.0,0.0,neutral,0.0049,0.3761,0.619
AAPL,av_08714b20bee2d57e,"FLRG ETF Profile: Dividends, Returns (BOATS:FLRG)","This article provides a detailed profile of the Fidelity U.S. Multifactor ETF (FLRG), outlining its key statistics such as AUM, expense ratio, and dividend yield. It details the ETF's investment strategy, classification, and breakdown of holdings by sector and region. The article also addresses frequently asked questions regarding FLRG's investments, top holdings, dividend history, and issuer information.",2026-07-30 22:40:18,TradingView,https://www.tradingview.com/symbols/BOATS-FLRG/profile/,alpha_vantage,2026-07-30 04:00:00,332.8129674612056,334.4615395264105,329.30598233808786,333.1426696777344,74817800,0.0,0.0,neutral,0.0005,0.0006,0.9988
AAPL,av_ac128a904b1abfd7,Form 13D/A C3is Inc. For: 30 July By Investing.com,"This article announces the filing of Form 13D/A by C3is Inc. on July 30. It's a brief financial markets news item published by Investing.com, providing basic information about the SEC filing.",2026-07-30 23:41:25,Investing.com Canada,https://ca.investing.com/news/stock-market-news/form-13da-c3is-inc-for-30-july-93CH-4766566,alpha_vantage,2026-07-30 04:00:00,332.8129674612056,334.4615395264105,329.30598233808786,333.1426696777344,74817800,0.0,0.0,neutral,0.0006,0.0006,0.9987
AAPL,av_017d52c6190fbe2c,"Mizuho Financial ADR earnings missed, revenue topped estimates","Mizuho Financial ADR (NYSE: MFG) reported second-quarter earnings per share that missed analyst estimates, coming in at $0.141 against an anticipated $0.146. However, the company's revenue for the quarter surpassed expectations, reaching $15.38 billion compared to the consensus estimate of $5.53 billion. Following this report, Mizuho Financial ADR's stock price closed at $10.35, showing significant growth of 21.560% over the last three months and 77.140% over the last year.",2026-07-31 00:41:33,Investing.com,https://www.investing.com/news/earnings/mizuho-financial-adr-earnings-missed-revenue-topped-estimates-4826600,alpha_vantage,2026-07-30 04:00:00,332.8129674612056,334.4615395264105,329.30598233808786,333.1426696777344,74817800,0.0,0.0,neutral,0.4811,0.0222,0.4967
AAPL,av_ab02aa0a9b06db5c,VICTORY CAPITAL MANAGEMENT INC Buys Virtus Investment Partners I,"Victory Capital Management Inc. increased its stake in Virtus Investment Partners Inc. (VRTS) by purchasing 17,951 shares at $143.5 each, raising its total holdings to 335,960 shares. This transaction suggests confidence in VRTS's undervaluation, as the stock is considered ""Modestly Undervalued"" with a potential 18% upside based on GF Valuation. While the company exhibits moderate profitability and a strong valuation rank, investors should also consider its limited financial flexibility and recent margin declines.",2026-07-31 01:09:25,GuruFocus,https://www.gurufocus.com/news/8993354/victory-capital-management-inc-buys-virtus-investment-partners-inc-vrts-shares-look-18-undervalued-on-gf-value,alpha_vantage,2026-07-30 04:00:00,332.8129674612056,334.4615395264105,329.30598233808786,333.1426696777344,74817800,0.0,0.0,neutral,0.0011,0.0029,0.996
AAPL,av_57933eadde5ba93d,SANDERS MORRIS HARRIS LLC Buys MSC Income Fund Inc (MSIF) -- Sha,"SANDERS MORRIS HARRIS LLC recently increased its stake in MSC Income Fund Inc (MSIF) by purchasing 54,461 shares, making MSIF its fifth-largest holding. Despite the stock appearing 35% undervalued according to GF Value, GuruFocus rates it a ""Possible Value Trap, Think Twice"" with a low GF Score, indicating poor future performance potential due to weak financial health and bearish momentum. This transaction represents a contrarian, value-oriented bet by SANDERS MORRIS HARRIS LLC, which now owns 5.08% of MSIF's outstanding shares.",2026-07-31 01:30:16,GuruFocus,https://www.gurufocus.com/news/8993351/sanders-morris-harris-llc-buys-msc-income-fund-inc-msif-shares-look-35-undervalued-on-gf-value,alpha_vantage,2026-07-30 04:00:00,332.8129674612056,334.4615395264105,329.30598233808786,333.1426696777344,74817800,0.0,0.0,neutral,0.0012,0.0029,0.9958
AAPL,av_77782cfba0cde9dc,"JVAL ETF Profile: Dividends, Returns (BIVA:JVAL)","This article provides a detailed profile of the JPMorgan U.S. Value Factor ETF (JVAL), including its investment strategy, holdings, and financial performance. JVAL focuses on selecting value companies from the Russell 1000 based on fundamental metrics like book yield and earnings yield. It also outlines dividend information, expense ratio, and sector exposure.",2026-07-31 01:40:05,TradingView,https://www.tradingview.com/symbols/BIVA-JVAL/profile/,alpha_vantage,2026-07-30 04:00:00,332.8129674612056,334.4615395264105,329.30598233808786,333.1426696777344,74817800,0.0,0.0,neutral,0.0005,0.0007,0.9988
AAPL,av_4af517190c6e5850,Apple’s stock slides as it blames supply chain constraints for its weak guidance,"Apple's stock fell nearly 6% after the company issued weak guidance for the current quarter, despite reporting better-than-expected Q3 earnings and revenue driven by a 22% surge in handset sales. CEO Tim Cook attributed the muted outlook to global supply chain constraints, particularly a ""hundred-year flood"" memory crunch and elevated chip manufacturing costs. This comes as Apple prepares to launch new iPhones and a Google Gemini-powered Siri, with analysts speculating about potential iPhone price increases and the need for new CEO John Ternus to demonstrate strong product innovation and guidance.",2026-07-31 02:04:59,SiliconANGLE,https://siliconangle.com/2026/07/30/apples-stock-slides-blames-supply-chain-constraints-weak-guidance/,alpha_vantage,2026-07-30 04:00:00,332.8129674612056,334.4615395264105,329.30598233808786,333.1426696777344,74817800,0.0,0.0,bearish,0.9975,0.0011,0.0014
AAPL,av_d92bfb584b07da69,Form 144 OCEANEERING INTERNATIONAL INC For: 30 July By Investing.com,This article from Investing.com is a brief announcement regarding a Form 144 filing by Oceaneering International Inc. for July 30. Form 144 is a notice of the intent to sell restricted securities. The article does not provide further details about the filing but rather serves as a quick update.,2026-07-31 02:10:52,Investing.com Canada,https://ca.investing.com/news/stock-market-news/form-144-oceaneering-international-inc-for-30-july-93CH-4764893,alpha_vantage,2026-07-30 04:00:00,332.8129674612056,334.4615395264105,329.30598233808786,333.1426696777344,74817800,0.0,0.0,neutral,0.0006,0.0006,0.9988
AAPL,av_d18cc59051fa68fa,VICTORY CAPITAL MANAGEMENT INC Reduces FTI Consulting Inc (FCN),"VICTORY CAPITAL MANAGEMENT INC recently reduced its stake in FTI Consulting Inc (FCN) by selling 111,377 shares at an average price of $149.01. Despite this reduction, the firm retains a significant ownership stake, and the stock is considered ""Significantly Undervalued"" by GuruFocus, with strong financial fundamentals and outperformance potential. This move by Victory Capital Management might be a tactical adjustment rather than a fundamental shift, given FTI Consulting's attractive valuation and institutional interest.",2026-07-31 02:11:49,GuruFocus,https://www.gurufocus.com/news/8993355/victory-capital-management-inc-reduces-fti-consulting-inc-fcn-stake-shares-look-33-undervalued-on-gf-value,alpha_vantage,2026-07-30 04:00:00,332.8129674612056,334.4615395264105,329.30598233808786,333.1426696777344,74817800,0.0,0.0,neutral,0.0355,0.0027,0.9617
AAPL,av_5e8513f2f059a1c0,PayPal Holdings Stock Outlook: Is Wall Street Bullish or Bearish?,"PayPal Holdings (PYPL) has underperformed the broader market due to intense competition and margin compression, leading Wall Street to view it as a mature payment processor rather than a high-growth tech platform. Despite recent Q2 revenue growth, analysts largely maintain a ""Hold"" rating, with a consensus price target slightly below its current trading price but with some upside potential. The company faces challenges from tech giants like Apple Pay and Google Pay, alongside a shift towards lower-margin processing.",2026-07-31 02:24:05,Webull,https://www.webull.com/news/15310985681183744,alpha_vantage,2026-07-30 04:00:00,332.8129674612056,334.4615395264105,329.30598233808786,333.1426696777344,74817800,0.0,0.0,neutral,0.0012,0.0017,0.9971
AAPL,av_54445b5083b05ddc,Robert Bender & Associates trims Apple Inc stake,"Robert Bender & Associates, a hedge fund managed by Robert L. Bender, recently reduced its stake in Apple Inc (AAPL) by 4,985 shares. TipRanks' AI Analyst, Spark, rates AAPL as ""Outperform"" due to strong profitability and cash flow, but notes high valuation and near-term execution risks as offsets. Apple's year-to-date price performance is 24.63%, with a current market cap of $4994.9 billion.",2026-07-31 03:04:58,TipRanks,https://www.tipranks.com/news/company-announcements/robert-bender-associates-trims-apple-inc-stake,alpha_vantage,2026-07-30 04:00:00,332.8129674612056,334.4615395264105,329.30598233808786,333.1426696777344,74817800,0.0,0.0,bearish,0.5686,0.003,0.4285
AAPL,av_0fc6256f6a1a9e2e,"Apple, Steel Dynamics, CBRE Group And More: CNBC’s ‘Final Trades’","CNBC's ""Final Trades"" featured investment recommendations including Steel Dynamics, Inc. by Kevin Simpson, the U.S. 10 Year Treasury by Stephen Weiss, Apple Inc. by Joseph M. Terranova, and CBRE Group, Inc. by Bryn Talkington. These picks were supported by recent financial performance or upcoming earnings reports. The article also reported the price action for Steel Dynamics, CBRE Group, and Apple shares on Wednesday.",2026-07-31 03:07:18,Sahm,https://www.sahmcapital.com/news/content/apple-steel-dynamics-cbre-group-and-more-cnbcs-final-trades-2026-07-30,alpha_vantage,2026-07-30 04:00:00,332.8129674612056,334.4615395264105,329.30598233808786,333.1426696777344,74817800,0.0,0.0,neutral,0.0005,0.0007,0.9989
AAPL,av_389c73e148fae737,Form 4 Parke Bancorp Inc For: 30 July By Investing.com,"This article from Investing.com is a regulatory filing update, specifically a Form 4 from Parke Bancorp Inc, indicating insider transactions or changes in beneficial ownership. It specifies the date of the filing as July 30, but provides no further details about the nature of the transaction. The content primarily serves as a placeholder for the filing and is surrounded by general financial news and market data.",2026-07-31 03:09:21,Investing.com Nigeria,https://ng.investing.com/news/stock-market-news/form-4-parke-bancorp-inc-for-30-july-93CH-2629115,alpha_vantage,2026-07-30 04:00:00,332.8129674612056,334.4615395264105,329.30598233808786,333.1426696777344,74817800,0.0,0.0,neutral,0.0007,0.0006,0.9987
AAPL,av_d6fed4c54fb5c6a7,"QTOP Dividend: 0.36% Yield, $0.13/Share — History & Dates","This article provides a detailed dividend analysis for iShares Nasdaq Top 30 Stocks ETF (QTOP), highlighting its 0.35% dividend yield, $0.13 per share annual payout, and a 5-year dividend growth rate of 11.12%. It includes a complete history of dividend payments, ex-dividend dates, and discusses the ETF's payout ratio and years of dividend history. The content also features key holdings like NVDA, AAPL, and MSFT, and answers frequently asked questions about QTOP's dividend performance.",2026-07-31 03:40:05,GuruFocus,https://www.gurufocus.com/etf/QTOP/dividend,alpha_vantage,2026-07-30 04:00:00,332.8129674612056,334.4615395264105,329.30598233808786,333.1426696777344,74817800,0.0,0.0,neutral,0.0008,0.0019,0.9972
AAPL,av_d888699d493653c8,Form 4 CytomX Therapeutics Inc For: 31 July By Investing.com,"This article reports on a Form 4 filing for CytomX Therapeutics Inc. dated July 31st. It indicates that the filing is available through Investing.com, a financial markets platform. The content is primarily a placeholder for the actual Form 4 document.",2026-07-31 04:41:26,Investing.com Nigeria,https://ng.investing.com/news/stock-market-news/form-4-cytomx-therapeutics-inc-for-31-july-93CH-2629769,alpha_vantage,2026-07-31 04:00:00,304.5473560391476,310.4222943774597,299.7415030462749,308.6438293457031,132489100,0.0,0.0,neutral,0.0007,0.0006,0.9987
AAPL,av_35171b8ff9964283,"IXN Dividend: 0.60% Yield, $1.10/Share — History & Dates","The article provides a detailed dividend history and financial overview for the iShares Global Tech ETF (IXN). It highlights that IXN currently offers a 0.6% dividend yield, paying $1.10 per share annually, with a payout ratio of 0.21. The ETF has consistently paid dividends since 2004 and shows a strong 5-year dividend growth rate of 11.81%.",2026-07-31 05:12:08,GuruFocus,https://www.gurufocus.com/etf/IXN/dividend,alpha_vantage,2026-07-31 04:00:00,304.5473560391476,310.4222943774597,299.7415030462749,308.6438293457031,132489100,0.0,0.0,neutral,0.0007,0.0015,0.9978
AAPL,av_69b33b2d9d2a702a,"Comparing SanDisk With Industry Competitors In Technology Hardware, Storage & Peripherals Industry","This article provides a comprehensive comparison of SanDisk (NASDAQ: SNDK) against its competitors in the Technology Hardware, Storage & Peripherals industry, analyzing key financial metrics, market position, and growth prospects. It highlights that SanDisk appears undervalued based on its P/E, P/B, and P/S ratios, boasts a high Return on Equity and EBITDA, and demonstrates remarkable revenue growth. Despite lower gross profit, its low debt-to-equity ratio further strengthens its financial standing within the industry.",2026-07-31 05:39:57,Webull,https://www.webull.com/news/15315659839005696,alpha_vantage,2026-07-31 04:00:00,304.5473560391476,310.4222943774597,299.7415030462749,308.6438293457031,132489100,0.0,0.0,neutral,0.0023,0.0389,0.9589
AAPL,av_ab8e60454b6cbad7,Apple shares fall despite record revenue as outlook disappoints,"Apple announced record revenue in its latest quarter, driven by strong iPhone and Mac sales, exceeding market expectations. However, its shares dropped as the company provided a weaker-than-expected outlook and warned of supply constraints and rising memory-chip costs. Investors reacted negatively despite the strong performance, focusing on future challenges and the impending leadership change with Tim Cook stepping down as CEO.",2026-07-31 05:39:59,Yahoo Finance UK,https://uk.finance.yahoo.com/news/apple-shares-fall-despite-record-054011989.html,alpha_vantage,2026-07-31 04:00:00,304.5473560391476,310.4222943774597,299.7415030462749,308.6438293457031,132489100,0.0,0.0,bearish,0.9974,0.0009,0.0018
AAPL,av_ef8aeb3228188496,VIAV Stock Jumps 17% On Q3 Beat – One Analyst Is ‘Even More Bullish Than Management’,"Viavi Solutions Inc. (VIAV) saw its stock jump 17% after a strong third-quarter earnings beat, surpassing revenue and EPS estimates. This performance led to multiple analyst upgrades and increased price targets, with Rosenblatt noting that they are ""even more bullish than management"" due to anticipated long-term AI-driven expansion. Retail sentiment also turned ""extremely bullish"" for VIAV.",2026-07-31 06:09:23,Stocktwits,https://stocktwits.com/news-articles/markets/equity/viavi-viav-stock-surges-q3-beat-analyst-upgrade/cZBMKigReIE,alpha_vantage,2026-07-31 04:00:00,304.5473560391476,310.4222943774597,299.7415030462749,308.6438293457031,132489100,0.0,0.0,bullish,0.003,0.9952,0.0019
AAPL,av_c48e73cea61fd56c,Apple warns of memory chip shortage for key devices,"Apple is facing ""very significant"" memory chip constraints, threatening future sales of its key devices like the iPhone, MacBook, and iPad, and compelling the company to seek alternative suppliers. Despite strong iPhone sales, CEO Tim Cook attributed the issue to an industry-wide shortage of advanced chipmaking technology, particularly impacting the Mac lineup. This supply bottleneck comes as Cook prepares for retirement, with John Ternus set to take over as CEO.",2026-07-31 06:13:57,Yahoo! Finance Canada,https://ca.finance.yahoo.com/news/apple-warns-memory-chip-shortage-061400130.html,alpha_vantage,2026-07-31 04:00:00,304.5473560391476,310.4222943774597,299.7415030462749,308.6438293457031,132489100,0.0,0.0,bearish,0.9867,0.0033,0.01
AAPL,av_1306e9860a2251d8,Apple warns of memory chip shortage for key devices,"Apple has announced that it is facing ""very significant"" memory chip constraints for its key devices, leading the company to seek alternative suppliers and warning of potential impacts on future sales. Following this news, Apple's shares fell over 5% in after-hours trading as revenue growth forecasts came in lower than Wall Street's predictions. CEO Tim Cook attributed the issue to bottlenecks in advanced chipmaking technology and unexpectedly strong product demand, coinciding with his final earnings appearance before retirement, with John Ternus set to take over as CEO.",2026-07-31 06:14:01,Yahoo Finance UK,https://uk.finance.yahoo.com/news/apple-warns-memory-chip-shortage-061400130.html,alpha_vantage,2026-07-31 04:00:00,304.5473560391476,310.4222943774597,299.7415030462749,308.6438293457031,132489100,0.0,0.0,bearish,0.9867,0.0033,0.01
AAPL,av_ce78f2ad70c22708,VEON Ltd. (VEON) Reports Q2 results,"VEON Ltd. reported its Q2 results, with revenue reaching $1.27 billion. The company also raised its 2026 guidance, expecting revenue growth of 15%–18% year-over-year and EBITDA growth of 9%–12% year-over-year.",2026-07-31 06:41:02,StreetInsider,https://www.streetinsider.com/Earnings/VEON+Ltd.+%28VEON%29+Reports+Q2+results/26845410.html,alpha_vantage,2026-07-31 04:00:00,304.5473560391476,310.4222943774597,299.7415030462749,308.6438293457031,132489100,0.0,0.0,neutral,0.0006,0.0006,0.9989
AAPL,av_228da921fb7ae8b5,Form 4 Marten Transport Ltd For: 31 July By Investing.com,This article announces the filing of Form 4 by Marten Transport Ltd. for the reporting period ending July 31. It provides no further details on the Form 4 content but is surrounded by general financial market news and data. The article was published by Investing.com.,2026-07-31 06:41:59,Investing.com Canada,https://ca.investing.com/news/stock-market-news/form-4-marten-transport-ltd-for-31-july-93CH-4766858,alpha_vantage,2026-07-31 04:00:00,304.5473560391476,310.4222943774597,299.7415030462749,308.6438293457031,132489100,0.0,0.0,neutral,0.0006,0.0006,0.9988
AAPL,av_0fa8e7c049ebff68,"Key facts: Amazon.com, Inc. (AMZN) -$7.6B FCF; $53B Q2 CapEx; AWS $1T","Amazon (AMZN) reported negative free cash flow of $7.6 billion this quarter and substantial Q2 capital expenditures of $53 billion, primarily for AI-related projects. CEO Andy Jassy projected AWS could reach $1 trillion in annual revenue, despite anticipated capacity constraints through 2026-2027 as enterprise AI demand grows. The company is actively investing in AI, including new Graviton processors, foundation models in Bedrock, and has brought in a former Apple executive to lead AWS AI product development.",2026-07-31 07:07:08,TradingView,https://www.tradingview.com/news/tradingview:61da7a91bb211:0-key-facts-amazon-com-inc-amzn-7-6b-fcf-53b-q2-capex-aws-1t/,alpha_vantage,2026-07-31 04:00:00,304.5473560391476,310.4222943774597,299.7415030462749,308.6438293457031,132489100,0.0,0.0,neutral,0.0012,0.0064,0.9924
AAPL,av_724ff126586f5bf4,"JHDV ETF Profile: Dividends, Returns (AMEX:JHDV)","This article provides a detailed profile of the John Hancock U.S. High Dividend ETF (JHDV), an actively managed ETF that invests in high-dividend US large- and mid-cap equities. It outlines key statistics such as its $10.74 million AUM, 2.06% dividend yield, and 0.34% expense ratio, along with its investment strategy, holdings breakdown by sector and region, and recent dividend and performance data.",2026-07-31 07:10:30,TradingView,https://www.tradingview.com/symbols/AMEX-JHDV/profile/,alpha_vantage,2026-07-31 04:00:00,304.5473560391476,310.4222943774597,299.7415030462749,308.6438293457031,132489100,0.0,0.0,neutral,0.0005,0.0007,0.9988
AAPL,av_c8f480524f2678d4,"Apple Beats on Revenue and EPS, but Two Key Businesses Disappoint","Apple exceeded revenue and earnings per share expectations in its latest quarterly report, driven by strong iPhone sales and growth in emerging markets. However, the Mac and iPad segments underperformed, experiencing significant year-over-year declines in revenue. Despite these disappointments, the company's services revenue hit a new all-time high, and Apple provided a positive outlook for the upcoming quarter, anticipating accelerated growth.",2026-07-31 07:11:33,Moomoo,https://www.moomoo.com/news/flash/22902886/apple-beats-on-revenue-and-eps-but-two-key-businesses,alpha_vantage,2026-07-31 04:00:00,304.5473560391476,310.4222943774597,299.7415030462749,308.6438293457031,132489100,0.0,0.0,neutral,0.0061,0.2682,0.7256
AAPL,av_bb52e69d119c9d89,"Empowered Funds LLC Buys 170,047 Shares of Skyworks Solutions, Inc. $SWKS","Empowered Funds LLC significantly increased its stake in Skyworks Solutions, Inc. (SWKS) by 550.3% in the first quarter, purchasing an additional 170,047 shares and now owning 200,949 shares valued at $10.76 million. Other institutional investors also raised their positions, with the company’s stock being 85.43% institutionally owned. Skyworks Solutions recently exceeded Q3 expectations due to broad-markets business growth, including AI data-center demand, and announced a $2 billion stock-repurchase program, though broker sentiment remains cautious with an average ""Hold"" recommendation.",2026-07-31 08:13:58,MarketBeat,https://www.marketbeat.com/instant-alerts/filing-empowered-funds-llc-buys-170047-shares-of-skyworks-solutions-inc-swks-2026-07-31/,alpha_vantage,2026-07-31 04:00:00,304.5473560391476,310.4222943774597,299.7415030462749,308.6438293457031,132489100,0.0,0.0,bullish,0.003,0.8854,0.1116
AAPL,av_0781c8b359d31e19,"Ecolab, a 103-year-old company, says it has a plan to make AI data centers 'water-neutral'","Ecolab CEO Christophe Beck announced the company's plan to make AI data centers ""water-neutral"" after a $4.75 billion acquisition of liquid-cooling company CoolIT. Data centers consume millions of gallons of water daily, prompting concerns about environmental impact. Ecolab aims to provide ultra-pure water for chips and cooling for power generation, leveraging CoolIT's closed-loop technology to capture heat without water evaporation, aligning with its sustainability goals to conserve 300 billion gallons of water annually by 2030.",2026-07-31 09:33:46,Fortune,https://fortune.com/2026/07/31/ecolab-make-ai-data-centers-water-neutral/,alpha_vantage,2026-07-31 04:00:00,304.5473560391476,310.4222943774597,299.7415030462749,308.6438293457031,132489100,0.0,0.0,neutral,0.0006,0.0011,0.9984
AAPL,av_1f6470dc6604e114,Brutal Math of Leveraged AI Bets: Why Martin Shkreli Says Wall Street Will 'Send Micron to $5',"Martin Shkreli, also known as 'Pharma Bro', warns that Wall Street's trading tactics, not just falling valuations, are driving the collapse of over-leveraged AI hedge funds. He explains that prime brokers seizing control due to extreme leverage ratios, such as 4x leverage, can lead to rival traders aggressively shorting related stocks, even to the point of driving a stock like Micron Technology Inc. down to $5, to ensure a competitor's ruin. Heavily capitalized firms like Citadel are the ultimate beneficiaries, acquiring distressed assets.",2026-07-31 10:08:19,Benzinga,https://www.benzinga.com/markets/equities/26/07/60831677/brutal-math-of-leveraged-ai-bets-why-martin-shkreli-says-wall-street-will-send-micron-to-5,alpha_vantage,2026-07-31 04:00:00,304.5473560391476,310.4222943774597,299.7415030462749,308.6438293457031,132489100,0.0,0.0,neutral,0.0012,0.0013,0.9975
AAPL,av_f8f71e4129b93aab,Rivian Automotive Inc (RIVN) PT Raised to $21 at TD Cowen,"TD Cowen analyst Itay Michaeli has raised the price target for Rivian Automotive Inc (RIVN) to $21. This update was reported on July 31, 2026, at 10:27 AM EDT. The full details of this analysis are available exclusively to StreetInsider.com Premium members.",2026-07-31 10:27:00,StreetInsider,https://www.streetinsider.com/Analyst+Comments/Rivian+Automotive+Inc+%28RIVN%29+PT+Raised+to+%2421+at+TD+Cowen/26847657.html,alpha_vantage,2026-07-31 04:00:00,304.5473560391476,310.4222943774597,299.7415030462749,308.6438293457031,132489100,0.0,0.0,bullish,0.0023,0.9948,0.0029
AAPL,av_ac523b9ecd119c48,Form FWP CITIGROUP INC Filed by: CITIGROUP INC,"This FWP filing from Citigroup Global Markets Holdings Inc., guaranteed by Citigroup Inc., details preliminary terms for 5-Year Market-Linked Securities tied to the S&P 500 Futures Excess Return Index (SPXFP). The document outlines hypothetical payment scenarios, pricing dates, maturity dates, and upside participation rates. It also includes important risk considerations, such as the potential for no return on investment and credit risk associated with Citigroup entities.",2026-07-31 10:37:18,StreetInsider,https://www.streetinsider.com/SEC+Filings/Form+FWP+CITIGROUP+INC+Filed+by%3A+CITIGROUP+INC/26846170.html,alpha_vantage,2026-07-31 04:00:00,304.5473560391476,310.4222943774597,299.7415030462749,308.6438293457031,132489100,0.0,0.0,neutral,0.0012,0.0008,0.998
AAPL,av_527e4b18514aa5e9,"Liontrust Investment Partners LLP Trims Holdings in VeriSign, Inc. $VRSN","Liontrust Investment Partners LLP has reduced its stake in VeriSign, Inc. (NASDAQ:VRSN) by 8.1% in the first quarter, selling 28,942 shares and owning 330,558 shares valued at $82,097,000. Other institutional investors have also adjusted their positions in the company. VeriSign reported strong earnings, beating analyst estimates, and announced a quarterly dividend of $0.81 per share.",2026-07-31 10:38:59,MarketBeat,https://www.marketbeat.com/instant-alerts/filing-liontrust-investment-partners-llp-trims-holdings-in-verisign-inc-vrsn-2026-07-31/,alpha_vantage,2026-07-31 04:00:00,304.5473560391476,310.4222943774597,299.7415030462749,308.6438293457031,132489100,0.0,0.0,bearish,0.9836,0.0013,0.0152
AAPL,av_85953ea98241ab59,"AWS hires former Apple, Google executive to lead key AI services (AMZN:NASDAQ)","Amazon Web Services (AWS) has appointed Ori Herrnstadt, previously an engineering executive at Apple and Google, as its new vice president of compute AI services. This strategic hire is expected to bolster AWS's leadership in key artificial intelligence offerings.",2026-07-31 10:51:59,Seeking Alpha,https://seekingalpha.com/news/4622576-aws-hires-former-apple-google-executive-to-lead-key-ai-services,alpha_vantage,2026-07-31 04:00:00,304.5473560391476,310.4222943774597,299.7415030462749,308.6438293457031,132489100,0.0,0.0,neutral,0.0008,0.0007,0.9985
AAPL,av_350519659703f79c,BofA raises Sirius XM stock price target on Q2 beat,"BofA Securities has increased its price target for Sirius XM Radio (NASDAQ:SIRI) to $24.00 from $20.00, while maintaining an Underperform rating. This adjustment follows Sirius XM's better-than-expected second-quarter results, driven by strong self-pay net additions and a record-low churn rate. Despite the positive operational performance, the company's Q2 EPS of $0.70 fell short of the forecasted $0.78, although revenue increased by 1% to $2.16 billion, exceeding Wall Street expectations.",2026-07-31 11:10:20,Investing.com,https://www.investing.com/news/analyst-ratings/bofa-raises-sirius-xm-stock-price-target-on-q2-beat-93CH-4827622,alpha_vantage,2026-07-31 04:00:00,304.5473560391476,310.4222943774597,299.7415030462749,308.6438293457031,132489100,0.0,0.0,bullish,0.0015,0.9936,0.0049
AAPL,av_c15578e11693da00,Listen to Tim Cook's first and last earnings calls as Apple CEO,"This article highlights Tim Cook's tenure as Apple CEO, from his first earnings call in 2011 to his final one in 2026. Cook is set to step down on September 1, 2026, passing the leadership to John Ternus, Apple's Senior Vice President of Hardware Engineering. The piece emphasizes the lasting legacy Cook has built at the company.",2026-07-31 11:30:00,Yahoo! Finance Canada,https://ca.finance.yahoo.com/video/listen-tim-cooks-first-last-153002417.html,alpha_vantage,2026-07-31 04:00:00,304.5473560391476,310.4222943774597,299.7415030462749,308.6438293457031,132489100,0.0,0.0,neutral,0.0005,0.0007,0.9988
AAPL,av_7e3d94576f2dc829,YXT.com regains Nasdaq compliance with minimum bid price rule,YXT.com Group Holding Limited has successfully regained compliance with Nasdaq's minimum bid price requirement. The company's American depositary shares maintained a closing bid price of at least $1.00 for ten consecutive business days. This achievement follows an earlier notification in January 2026 that YXT.com failed to meet the minimum bid price rule.,2026-07-31 11:40:29,Investing.com,https://www.investing.com/news/company-news/yxtcom-regains-nasdaq-compliance-with-minimum-bid-price-rule-93CH-4827803,alpha_vantage,2026-07-31 04:00:00,304.5473560391476,310.4222943774597,299.7415030462749,308.6438293457031,132489100,0.0,0.0,neutral,0.0022,0.2235,0.7743
AAPL,av_1e3b01d6d2c0acc9,"ATRenew launches globalization with B2B marketplace, consumer brand, and Hong Kong store","ATRenew, China's largest recycler of electronics, has initiated its global expansion strategy by opening its first store in Hong Kong, launching a global B2B marketplace called FoneSquare, and introducing a B2C consumer brand named ""ReRe."" This move aims to connect pre-owned products with international demand and bring its standardized recycling solutions to new markets. The company's shares rose 5.1% following the announcement.",2026-07-31 11:42:32,Bamboo Works,https://thebambooworks.com/atrenew-launches-globalization-with-b2b-marketplace-consumer-brand-and-hong-kong-store/,alpha_vantage,2026-07-31 04:00:00,304.5473560391476,310.4222943774597,299.7415030462749,308.6438293457031,132489100,0.0,0.0,neutral,0.0005,0.001,0.9984
AAPL,av_5541199f14c99def,"Apple, Stryker, Coinbase And Other Big Stocks Moving Lower In Friday’s Pre-Market Session","U.S. stock futures were higher on Friday morning, but several major stocks, including Apple (AAPL), Stryker (SYK), and Coinbase (COIN), saw declines in pre-market trading. Apple's shares fell sharply despite beating Q3 revenue and EPS estimates, due to a lower-than-expected Q4 sales forecast. Other companies like Myriad Genetics, Roblox, and Western Union also experienced significant drops after reporting disappointing financial results or updated guidance.",2026-07-31 12:02:49,Benzinga,https://www.benzinga.com/trading-ideas/movers/26/07/60833967/apple-stryker-coinbase-and-other-big-stocks-moving-lower-in-fridays-pre-market-session,alpha_vantage,2026-07-31 04:00:00,304.5473560391476,310.4222943774597,299.7415030462749,308.6438293457031,132489100,0.0,0.0,bearish,0.9952,0.0008,0.004
AAPL,av_8feced7096e40ffb,"Form 8-K IES Holdings, Inc. For: Jul 31","IES Holdings, Inc. filed a Form 8-K announcing its Q3 2026 financial results, which were released via press release and an online presentation. The company also disclosed that its Board of Directors approved a two-for-one forward stock split of its common stock, with a record date of August 14, 2026, and shares to be received after the close of trading on August 21, 2026.",2026-07-31 12:10:36,StreetInsider,https://www.streetinsider.com/SEC+Filings/Form+8-K+IES+Holdings%2C+Inc.+For%3A+Jul+31/26846887.html,alpha_vantage,2026-07-31 04:00:00,304.5473560391476,310.4222943774597,299.7415030462749,308.6438293457031,132489100,0.0,0.0,neutral,0.0007,0.0006,0.9987
AAPL,av_13963c3cc92ec2a6,"BCFN ETF Profile: Dividends, Returns (TRADEGATE:BCFN)","This article provides a detailed profile of the BCFN ETF, which tracks the Nasdaq 100 Notional Index. It highlights key statistics such as its assets under management of 27.69M EUR, an expense ratio of 0.13%, and its primary holdings in Electronic Technology and Technology Services. The fund, issued by UBS Group AG, also details its dividend history, showing recent increases, and confirms its semi-annual dividend payments.",2026-07-31 12:10:37,TradingView,https://www.tradingview.com/symbols/TRADEGATE-BCFN/profile/,alpha_vantage,2026-07-31 04:00:00,304.5473560391476,310.4222943774597,299.7415030462749,308.6438293457031,132489100,0.0,0.0,neutral,0.0005,0.0007,0.9988
AAPL,av_3a75f6bb4d269bfd,Apple CEO Tim Cook says this '100 year flood' won't be receding anytime soon,"Apple CEO Tim Cook describes the current memory chip supply shortage as a ""100-year flood,"" forcing Apple to reluctantly raise prices on products like Mac, iPad, and Vision Pro. This shortage, driven by high demand for AI server components, is expected to continue into 2027, leading to further price hikes, potentially on the upcoming iPhone 18 Pro models. Despite strong earnings for Q3, Apple's outlook for Q4 was cautious due to these supply constraints, causing a 7% stock drop.",2026-07-31 12:18:59,Yahoo Finance,https://finance.yahoo.com/technology/article/apple-ceo-tim-cook-says-this-100-year-flood-wont-be-receding-anytime-soon-121832016.html,alpha_vantage,2026-07-31 04:00:00,304.5473560391476,310.4222943774597,299.7415030462749,308.6438293457031,132489100,0.0,0.0,neutral,0.0092,0.2662,0.7247
AAPL,av_f7dc3e38406869cf,"RBC Bearings earnings beat by $0.47, revenue topped estimates","RBC Bearings (NYSE: RBC) reported strong first-quarter results, exceeding analyst expectations with an EPS of $3.88, which was $0.47 higher than the estimated $3.41. The company's revenue also surpassed forecasts, coming in at $519.5 million against a consensus estimate of $508.48 million. Despite the positive earnings, the company's Q2 2027 revenue guidance of $505.00M-$515.00M was slightly below the analyst consensus of $515.30M.",2026-07-31 12:41:53,Investing.com,https://www.investing.com/news/earnings/rbc-bearings-earnings-beat-by-047-revenue-topped-estimates-4827945,alpha_vantage,2026-07-31 04:00:00,304.5473560391476,310.4222943774597,299.7415030462749,308.6438293457031,132489100,0.0,0.0,bullish,0.0023,0.9944,0.0033
AAPL,av_904db9cc6e595fef,Eric Trump-backed Space-Eyes to go public in $638 million SPAC deal,"Space-Eyes, an AI-driven defense technology company backed by Eric Trump, is set to go public through a merger with McKinley Acquisition Corp. The deal values Space-Eyes at $638 million and will see its shares trade on the Nasdaq under the ticker CUAS. Space-Eyes specializes in geospatial intelligence and Counter-Unmanned Aerial Systems, utilizing its CATE AI fusion engine",2026-07-31 12:46:45,The News International,https://www.thenews.com.pk/latest/1410832-eric-trump-backed-space-eyes-to-go-public-in-638-million-spac-deal,alpha_vantage,2026-07-31 04:00:00,304.5473560391476,310.4222943774597,299.7415030462749,308.6438293457031,132489100,0.0,0.0,neutral,0.0006,0.0007,0.9988
AAPL,av_19eb9efda9f301cb,Apple stock plunges: $300 support hangs by a thread after guidance miss (AAPL:NASDAQ),"Apple (AAPL) stock plummeted approximately 10% following the company's release of weaker-than-expected guidance, marking its worst post-earnings sell-off since January 2013. The decline pushed shares close to the significant $300 support level. This development indicates investor concern over the company's future performance.",2026-07-31 12:51:00,Seeking Alpha,https://seekingalpha.com/news/4622891-apple-stock-plunges-300-support-hangs-by-a-thread-after-guidance-miss,alpha_vantage,2026-07-31 04:00:00,304.5473560391476,310.4222943774597,299.7415030462749,308.6438293457031,132489100,0.0,0.0,bearish,0.9958,0.0008,0.0034
AAPL,av_2086cb8ab82b2796,"Earnings Beat: Logitech International S.A. Just Beat Analyst Forecasts, And Analysts Have Been Updating Their Models","Logitech International S.A. reported strong quarterly earnings with EPS significantly beating analyst expectations, despite revenues being in line. Following the report, analysts slightly trimmed revenue forecasts for 2027 but maintained EPS estimates and the price target. While Logitech's revenue is expected to decline, analysts project it to perform worse than the wider industry.",2026-07-31 13:39:39,Simply Wall St,https://simplywall.st/stocks/ch/tech/vtx-logn/logitech-international-shares/news/earnings-beat-logitech-international-sa-just-beat-analyst-fo-1,alpha_vantage,2026-07-31 04:00:00,304.5473560391476,310.4222943774597,299.7415030462749,308.6438293457031,132489100,0.0,0.0,bullish,0.0029,0.9932,0.0038
AAPL,av_4e216a215f8e2517,"Apple Macs Have Never Been More Popular. On His Final Earnings Call, Tim Cook Revealed What's Driving the Boom","During his final earnings call as Apple CEO, Tim Cook revealed that a significant driver of the Mac's record revenue-which jumped 29 percent to $10.4 billion-is customers using Mac Studio computers in clusters to run advanced AI models locally. He highlighted the power-efficient performance and unified-memory architecture of Apple's chips as key factors enabling this use case. Cook also announced that hardware chief John Ternus will take over as CEO on September 1, leading Apple into its next era.",2026-07-31 13:54:59,Inc.com,https://www.inc.com/georgia-fearn/apple-macs-never-been-more-popular-final-earnings-call-tim-cook-revealed-whats-driving-boom/91382332,alpha_vantage,2026-07-31 04:00:00,304.5473560391476,310.4222943774597,299.7415030462749,308.6438293457031,132489100,0.0,0.0,neutral,0.0037,0.2081,0.7881
AAPL,av_7b24568ca6e1e4fb,Form DEF 14A FIBROBIOLOGICS For: 31 July By Investing.com,Investing.com reports on FIBROBIOLOGICS' DEF 14A filing for July 31. The article provides a brief mention of the filing alongside various market data and popular news headlines from Investing.com. It indicates that the document is a routine regulatory filing.,2026-07-31 14:10:31,Investing.com Canada,https://ca.investing.com/news/stock-market-news/form-def-14a-fibrobiologics-for-31-july-93CH-4768593,alpha_vantage,2026-07-31 04:00:00,304.5473560391476,310.4222943774597,299.7415030462749,308.6438293457031,132489100,0.0,0.0,neutral,0.0006,0.0006,0.9988
AAPL,av_0dae841c3f0778b8,First Solar Stock Edges Higher After Q2 Profit Surge: What Investors Need to Know,"First Solar (FSLR) shares are trading higher after a mixed second-quarter report, where earnings beat estimates but revenue slightly missed. The company highlighted strong demand visibility with a significant contracted sales backlog extending through 2030 and record sales volumes. Analysts maintain a ""Buy"" consensus, with a focus on the stock's ability to reclaim key moving averages for sustained rallies.",2026-07-31 14:29:12,Benzinga,https://www.benzinga.com/trading-ideas/movers/26/07/60841290/first-solar-stock-edges-higher-after-q2-profit-surge-what-investors-need-to-know,alpha_vantage,2026-07-31 04:00:00,304.5473560391476,310.4222943774597,299.7415030462749,308.6438293457031,132489100,0.0,0.0,bullish,0.0028,0.9943,0.0029
AAPL,av_a5270aef3873f5e1,Nvidia regains title of largest company in the world,"Nvidia has once again surpassed Apple to become the world's most valuable public company after a volatile July where the two tech giants frequently exchanged the top spot. Nvidia's rise is attributed to the high demand for its GPUs in AI training and inference, following its pivot from cryptocurrency mining. The market leadership remains fluid, with both companies hovering in the $4.7 to $4.9 trillion range, and investors are watching for continued shifts in sentiment in the semiconductor space.",2026-07-31 14:34:52,Crypto Briefing,https://cryptobriefing.com/nvidia-regains-largest-company-title/,alpha_vantage,2026-07-31 04:00:00,304.5473560391476,310.4222943774597,299.7415030462749,308.6438293457031,132489100,0.0,0.0,bullish,0.0024,0.9906,0.0071
AAPL,av_6a618cbac8693388,DexCom stock reaches 52-week high at $82.85,"DexCom (DXCM) stock has hit a 52-week high of $82.85, indicating positive market sentiment despite being 6% below its all-time peak. This surge follows impressive second-quarter financial results, with revenues and adjusted EPS exceeding expectations, prompting several analyst firms to raise their price targets and maintain ""Buy"" ratings. The company also boasts a perfect Piotroski Score of 9, signaling strong financial health.",2026-07-31 14:38:00,Investing.com,https://www.investing.com/news/company-news/dexcom-stock-reaches-52week-high-at-8285-93CH-4828517,alpha_vantage,2026-07-31 04:00:00,304.5473560391476,310.4222943774597,299.7415030462749,308.6438293457031,132489100,0.0,0.0,bullish,0.0025,0.9956,0.0019
AAPL,av_c8d58d5f5a219622,Klarna Group (KLAR) Is Up 8.1% After Powering Apple’s New U.S. Hardware Leasing Program,"Klarna Group's stock (KLAR) rose by 8.1% after the company became the leasing provider for Apple's new U.S. Upgrade program, offering 12-36 month leasing options for various Apple devices. This partnership grants Klarna access to Apple's large customer base and integrates its financing solutions into the Apple ecosystem. The article discusses how this development could impact Klarna's investment narrative, highlighting both opportunities like deeper checkout integration and risks associated with capital-intensive lending.",2026-07-31 14:40:44,Sahm,https://www.sahmcapital.com/news/content/klarna-group-klar-is-up-81-after-powering-apples-new-us-hardware-leasing-program-2026-07-31,alpha_vantage,2026-07-31 04:00:00,304.5473560391476,310.4222943774597,299.7415030462749,308.6438293457031,132489100,0.0,0.0,bullish,0.0035,0.9942,0.0023
AAPL,av_96915ec6e7a14473,"TD Cowen raises Apple stock price target on product pricing, chip advances","TD Cowen has raised its price target for Apple (NASDAQ:AAPL) stock to $400 from $350, matching the highest analyst target for the company. The firm cited product price increases, including anticipated iPhone price hikes, and advancements in 2-nanometer chips as key drivers that could offset challenges like wafer supply constraints. Additionally, TD Cowen expects strength from the iPhone 17 and 18 cycles due to new AI Siri features and suggests a potential iCloud+ plan with AI cloud compute could boost Apple’s Services segment.",2026-07-31 15:10:36,Investing.com,https://m.investing.com/news/analyst-ratings/td-cowen-raises-apple-stock-price-target-on-product-pricing-chip-advances-93CH-4828884?ampMode=1,alpha_vantage,2026-07-31 04:00:00,304.5473560391476,310.4222943774597,299.7415030462749,308.6438293457031,132489100,0.0,0.0,bullish,0.002,0.994,0.004
AAPL,av_6a8eec5b7f360d6d,AAPU ETF offers 2x daily Apple stock gains but suits short-term traders due to daily leverage risks.,"The Direxion Daily AAPL Bull 2X ETF (AAPU) aims to deliver twice the daily performance of Apple stock, making it suitable for short-term traders willing to accept the risks associated with daily leverage resets. Due to Apple's low volatility, the ETF's long-term returns may not simply be double Apple's gains. Long-term investors are generally advised to hold Apple stock directly for steadier growth and lower risk.",2026-07-31 16:09:36,Pluang,https://pluang.com/en/news-feed/apakah-aapu-etf-leveraged-yang-tidak-seharusnya-ada,alpha_vantage,2026-07-31 04:00:00,304.5473560391476,310.4222943774597,299.7415030462749,308.6438293457031,132489100,0.0,0.0,neutral,0.0025,0.0424,0.9551
AAPL,av_33bb9641d49267ba,Apple’s installment payments target affordability,"Apple has introduced a new leasing program for its primary consumer devices, operated by buy now, pay later company Klarna, to enhance affordability for customers following recent price increases on some products. CEO Tim Cook stated the program aims to help consumers acquire products on a ""fairly affordable basis"" and upgrade on a schedule. This initiative comes as Apple anticipates the release of new, potentially higher-priced iPhones, including a foldable model, in September.",2026-07-31 16:10:53,Payments Dive,https://www.paymentsdive.com/news/apples-installment-payments-target-affordability/826721/,alpha_vantage,2026-07-31 04:00:00,304.5473560391476,310.4222943774597,299.7415030462749,308.6438293457031,132489100,0.0,0.0,neutral,0.0009,0.0029,0.9963
AAPL,av_bec899d6041f60b1,Services slowdown pushes Morgan Stanley's AAPL target down to $360,"Morgan Stanley has lowered its Apple (AAPL) price target from $364 to $360, citing a slowdown in Services growth and increased memory costs impacting Apple's earnings outlook. Despite strong product demand, the investment bank reduced its fiscal 2027 earnings estimate",2026-07-31 16:48:13,AppleInsider,https://appleinsider.com/articles/26/07/31/services-slowdown-pushes-morgan-stanleys-aapl-target-down-to-360,alpha_vantage,2026-07-31 04:00:00,304.5473560391476,310.4222943774597,299.7415030462749,308.6438293457031,132489100,0.0,0.0,bearish,0.9972,0.0014,0.0015
AAPL,av_fa40c519055af8fc,TD Cowen Forecasts Strong Price Appreciation for Humana (NYSE:HUM) Stock,"TD Cowen has increased its price target for Humana (NYSE:HUM) from $350 to $370, while maintaining a ""Hold"" rating, suggesting a slight upside from its previous close. Despite mixed analyst sentiment and an average ""Hold"" rating, Humana recently exceeded quarterly earnings expectations with $7.61 EPS and $40.89 billion in revenue, representing a 26.2% year-over-year increase. The company's stock traded up 0.2% and saw institutional investors adjust their positions.",2026-07-31 17:00:58,MarketBeat,https://www.marketbeat.com/instant-alerts/td-cowen-forecasts-strong-price-appreciation-for-humana-nysehum-stock-2026-07-31/,alpha_vantage,2026-07-31 04:00:00,304.5473560391476,310.4222943774597,299.7415030462749,308.6438293457031,132489100,0.0,0.0,bullish,0.0025,0.9854,0.0121
AAPL,av_ebec7e070d7774bd,Western Digital Corp Stock (WDC) Moved Up by 3.74% on Jul 31: What Investors Need To Know,"Western Digital Corp (WDC) saw its stock rise by 3.74% following positive quarterly financial results driven by cost-cutting and recovering NAND flash pricing. The company is benefiting from increased demand for high-capacity enterprise storage due to generative AI infrastructure expansion and plans a structural separation into two independent, publicly traded business units. Despite the positive movement, technical indicators show mixed signals, and potential risks include revenue guidance shortfalls and NAND pricing vulnerability.",2026-07-31 17:15:55,TradingKey,https://www.tradingkey.com/news/market-movers/262067986-market-movers-wdc-20260731,alpha_vantage,2026-07-31 04:00:00,304.5473560391476,310.4222943774597,299.7415030462749,308.6438293457031,132489100,0.0,0.0,bullish,0.0025,0.9941,0.0034
AAPL,av_170faef7b325c335,"Final Trades: Target, Monolithic Power, SLB NV and Transocean","The article features a ""Halftime Report Final Trades"" segment where the Investment Committee makes its closing calls on Target (TGT), Monolithic Power (MPWR), SLB NV (SLB), and Transocean (RIG). It also includes several related video segments discussing various market topics such as the AI bubble, Amazon's capex guidance, and ExxonMobil's CEO's views on crude prices. The primary focus is on the investment committee's recommendations for the mentioned companies.",2026-07-31 17:24:35,CNBC,https://www.cnbc.com/video/2026/07/31/final-trades-target-monolithic-power-slb-nv-and-transocean.html,alpha_vantage,2026-07-31 04:00:00,304.5473560391476,310.4222943774597,299.7415030462749,308.6438293457031,132489100,0.0,0.0,neutral,0.0005,0.001,0.9985
AAPL,av_b5519962b4dc7e27,Applied Materials Inc Stock (AMAT) Moved Up by 3.40% on Jul 31: Drivers Behind the Movement,"Applied Materials Inc. (AMAT) stock rose by 3.40% on July 31, driven by strong sector tailwinds, increased capital expenditure from major chipmakers, and a stabilizing macroeconomic environment. The company benefits from its leadership in materials engineering solutions crucial for advanced chip manufacturing, particularly for AI infrastructure. Despite ""sell"" signals from technical indicators, analysts maintain a strong ""Buy"" consensus with an average price target of $626.13.",2026-07-31 17:37:03,TradingKey,https://www.tradingkey.com/news/market-movers/262067990-market-movers-amat-20260731,alpha_vantage,2026-07-31 04:00:00,304.5473560391476,310.4222943774597,299.7415030462749,308.6438293457031,132489100,0.0,0.0,bullish,0.0026,0.9932,0.0042
AAPL,av_4738a0e718d78589,"Stock Market Today: Amazon Jumps 15%, Apple Wipes Out $475 Billion","Amazon's strong earnings report led to a 15% stock jump, while Apple's shares plunged 9.7% due to weaker-than-expected guidance and missed revenue targets, resulting in a nearly $475 billion market valuation wipeout. This divergence caused mixed movements in the stock market, with the S&P 500 and Dow Jones seeing gains, while the Nasdaq 100 also rose despite Apple's decline, and small caps slipped. Federal Reserve officials' hawkish rhetoric also influenced bond yields, pushing them higher.",2026-07-31 17:40:48,TradingView,https://www.tradingview.com/news/benzinga:36c6d83bd094b:0-stock-market-today-amazon-jumps-15-apple-wipes-out-475-billion/,alpha_vantage,2026-07-31 04:00:00,304.5473560391476,310.4222943774597,299.7415030462749,308.6438293457031,132489100,0.0,0.0,bullish,0.0023,0.9882,0.0095
AAPL,av_4b040ee915daff93,"Erasca, Inc. Notice of August 10, 2026 Application Deadline for Class Action Lawsuit - Contact Lewis Kahn, Esq. at Kahn Swick & Foti, LLC, Before Application Deadline","Kahn Swick & Foti, LLC (KSF) has filed a class action securities lawsuit against Erasca, Inc. (NASDAQ: ERAS), notifying investors of an August 10, 2026 application deadline to serve as lead plaintiff. The lawsuit alleges that Erasca and its executives made false and misleading statements regarding the preclinical data for their ERAS-0015 product, particularly concerning its comparisons to Revolution Medicines, Inc. and potential patent violations. Investors who purchased Erasca shares between January 14, 2025, and April 26, 2026, and suffered losses, are encouraged to contact KSF for more information.",2026-07-31 18:10:05,StreetInsider,https://www.streetinsider.com/Newsfile/Erasca%2C+Inc.+Notice+of+August+10%2C+2026+Application+Deadline+for+Class+Action+Lawsuit+-+Contact+Lewis+Kahn%2C+Esq.+at+Kahn+Swick+%26+Foti%2C+LLC%2C+Before+Application+Deadline/26849806.html,alpha_vantage,2026-07-31 04:00:00,304.5473560391476,310.4222943774597,299.7415030462749,308.6438293457031,132489100,0.0,0.0,neutral,0.0044,0.0341,0.9616
AAPL,av_6e90fb6ccdf6e58e,Spotify Technology SA Stock (SPOT) Moved Down by 3.46% on Jul 31: Facts Behind the Movement,"Spotify Technology SA (SPOT) stock declined by 3.46% on July 31st, primarily due to investors prioritizing long-term profit margins over user growth. Rising content licensing costs, intense competition, and macroeconomic shifts are creating significant earnings uncertainty and contributing to the stock's volatility. Concerns about MAU underperformance, potential legal issues regarding royalty payments, and subscriber churn risk further impact investor sentiment.",2026-07-31 18:15:00,TradingKey,https://www.tradingkey.com/news/market-movers/262068043-market-movers-spot-20260731,alpha_vantage,2026-07-31 04:00:00,304.5473560391476,310.4222943774597,299.7415030462749,308.6438293457031,132489100,0.0,0.0,bearish,0.9963,0.0007,0.003
AAPL,av_743b9738506da3f9,Corning Inc Stock (GLW) Moved Up by 4.64% on Jul 31: Key Drivers Unveiled,"Corning Inc.'s stock (GLW) rose by 4.64% on July 31, driven by strong quarterly earnings that surpassed expectations and increased full-year guidance. The company is benefiting significantly from the high demand for optical connectivity critical for AI infrastructure, positioning it as a key player in the generative AI market. While technical indicators show mixed signals, institutional investor interest and a strong market position in specialty glass contribute to a bullish outlook despite potential geopolitical and supply chain risks.",2026-07-31 18:15:00,TradingKey,https://www.tradingkey.com/news/market-movers/262068042-market-movers-glw-20260731,alpha_vantage,2026-07-31 04:00:00,304.5473560391476,310.4222943774597,299.7415030462749,308.6438293457031,132489100,0.0,0.0,bullish,0.0026,0.9937,0.0037
AAPL,av_bef125edcd489f69,Seagate Technology Holdings PLC Stock (STX) Moved Up by 3.68% on Jul 31: Facts Behind the Movement,"Seagate Technology Holdings PLC (STX) saw its stock rise by 3.68% on July 31, driven by strong demand in enterprise and cloud data storage, particularly for AI workloads. The company's Heat-Assisted Magnetic Recording (HAMR) technology is boosting gross margins, and analysts have issued upward revisions after the industry's inventory correction concluded. Despite technical signals indicating mixed conditions and potential risks like HAMR transition execution, volatile cloud spending, and geopolitical exposure, market momentum suggests confidence in Seagate's role in AI infrastructure.",2026-07-31 18:15:00,TradingKey,https://www.tradingkey.com/news/market-movers/262068040-market-movers-stx-20260731,alpha_vantage,2026-07-31 04:00:00,304.5473560391476,310.4222943774597,299.7415030462749,308.6438293457031,132489100,0.0,0.0,bullish,0.0025,0.9936,0.0039
AAPL,av_8806f8d48352644b,Apple stock slides nearly 10% as Cook warns of memory shortage impact,"Apple's stock dropped almost 10% after CEO Tim Cook revealed that the global memory shortage is significantly impacting the company's business, leading to increased memory costs and supply constraints for processors. While Apple exceeded Q3 earnings and revenue expectations, the ongoing shortages have forced price increases on Macs and iPads, with potential future hikes for iPhones. Analysts are concerned that rising prices could slow iPhone unit and user growth, consequently affecting Services revenue.",2026-07-31 18:36:58,Yahoo Finance,https://finance.yahoo.com/technology/article/apple-stock-slides-nearly-10-as-cook-warns-of-memory-shortage-impact-115246491.html,alpha_vantage,2026-07-31 04:00:00,304.5473560391476,310.4222943774597,299.7415030462749,308.6438293457031,132489100,0.0,0.0,bearish,0.9971,0.0014,0.0015
AAPL,av_9552184dccd3802c,Colliers International Group (NASDAQ:CIGI) Price Target Raised to $110.00,"National Bank Financial has increased its price target for Colliers International Group (NASDAQ:CIGI) to $110.00, maintaining an ""outperform"" rating, which suggests an 11.44% upside. Despite some analysts lowering targets and one issuing a ""sell"" rating, the company holds a ""Moderate Buy"" consensus. Colliers also exceeded quarterly earnings expectations with $1.83 EPS, though revenue missed estimates.",2026-07-31 18:39:44,MarketBeat,https://www.marketbeat.com/instant-alerts/colliers-international-group-nasdaqcigi-price-target-raised-to-11000-2026-07-31/,alpha_vantage,2026-07-31 04:00:00,304.5473560391476,310.4222943774597,299.7415030462749,308.6438293457031,132489100,0.0,0.0,bullish,0.0022,0.9949,0.0029
AAPL,av_1bf68d64d30fb82b,Did Apple just signal a bottom in momentum-driven memory chip stocks?,"Apple's recent revenue guidance, which cited a significant shortage and exponential price increases for memory chips, suggests a potential bottom for momentum-driven memory chip stocks. Despite recent pullbacks due to fears of Big Tech overspending on AI, analysts believe the underlying demand for HBM and DRAM in AI servers remains strong, tightening the market and providing pricing power to suppliers like SK Hynix, Samsung, and Micron. This situation indicates that investor caution might be overdone, and a market correction could be playing out before a rebound.",2026-07-31 18:39:56,Yahoo Finance,https://finance.yahoo.com/markets/article/did-apple-just-signal-a-bottom-in-momentum-driven-memory-chip-stocks-184019981.html,alpha_vantage,2026-07-31 04:00:00,304.5473560391476,310.4222943774597,299.7415030462749,308.6438293457031,132489100,0.0,0.0,neutral,0.007,0.0037,0.9893
AAPL,av_251561e18609291e,"Wix.com Ltd. Notice of September 22, 2026 Application Deadline for Class Action Lawsuit - Contact Lewis Kahn, Esq. at Kahn Swick & Foti, LLC, Before Application Deadline","Kahn Swick & Foti, LLC (KSF) has issued a notice to investors of Wix.com Ltd. regarding a class action lawsuit. Investors who purchased Wix securities between February 19, 2025, and May 12, 2026, have until September 22, 2026, to request to be appointed as lead plaintiff. The lawsuit alleges that Wix and its executives made false and misleading statements regarding the competitiveness and costs of its AI product offerings, thereby overstating their commercial and financial benefits.",2026-07-31 18:40:19,StreetInsider,https://www.streetinsider.com/Newsfile/Wix.com+Ltd.+Notice+of+September+22%2C+2026+Application+Deadline+for+Class+Action+Lawsuit+-+Contact+Lewis+Kahn%2C+Esq.+at+Kahn+Swick+%26+Foti%2C+LLC%2C+Before+Application+Deadline/26849980.html,alpha_vantage,2026-07-31 04:00:00,304.5473560391476,310.4222943774597,299.7415030462749,308.6438293457031,132489100,0.0,0.0,neutral,0.0024,0.0147,0.9829
AAPL,av_b3d0d132961bb49a,Astera Labs Inc Stock (ALAB) Moved Up by 5.83% on Jul 31: Key Drivers Unveiled,"Astera Labs Inc (ALAB) stock rose by 5.83% on July 31, driven by strong demand for AI infrastructure, particularly in high-performance computing and artificial intelligence sectors. The company's specialized connectivity solutions for PCIe and CXL standards are critical for data centers scaling for large language models, leading to upward revisions in analyst forecasts. Despite positive market sentiment and partnership rumors, technical indicators suggest sell conditions, and the company faces risks like revenue concentration, competitive pressure, and reliance on third-party foundries.",2026-07-31 19:10:15,TradingKey,https://www.tradingkey.com/news/market-movers/262068112-market-movers-alab-20260731,alpha_vantage,2026-07-31 04:00:00,304.5473560391476,310.4222943774597,299.7415030462749,308.6438293457031,132489100,0.0,0.0,bullish,0.0026,0.9939,0.0034
AAPL,av_5d21ff2ee508353a,NXP Semiconductors NV Stock (NXPI) Moved Down by 5.05% on Jul 31: Key Drivers Unveiled,"NXP Semiconductors NV (NXPI) stock declined by 5.05% on July 31st due to automotive market inventory adjustments, cyclical sector pressures, and dampened consumer demand from high interest rates. Technical analysis shows a sell signal with a MACD value of -5.657. The company's automotive segment saw a 7% year-over-year decline, and disappointing forward guidance has led to negative analyst sentiment.",2026-07-31 19:15:23,TradingKey,https://www.tradingkey.com/news/market-movers/262068113-market-movers-nxpi-20260731,alpha_vantage,2026-07-31 04:00:00,304.5473560391476,310.4222943774597,299.7415030462749,308.6438293457031,132489100,0.0,0.0,bearish,0.9969,0.0008,0.0024
AAPL,av_80e90ae782cab4c6,"Aberdeen Group plc Acquires 400,000 Shares of Eloxx Pharmaceuticals Inc (ELOX)","Aberdeen Group plc acquired 400,000 shares of Eloxx Pharmaceuticals Inc (ELOX) at $13.88 per share, making it a new holding that represents 0.01% of Aberdeen's portfolio and 9.91% of ELOX's outstanding shares. Eloxx Pharmaceuticals is a clinical-stage biopharmaceutical company with weak profitability and growth metrics, operating at a loss, but with a moderate balance sheet and significant short-term stock appreciation. Despite the recent price surge, the stock carries high risk due to its low GF-Score, indicating poor future performance potential for value investors.",2026-07-31 19:30:00,GuruFocus,https://www.gurufocus.com/news/8996728/aberdeen-group-plc-acquires-400000-shares-of-eloxx-pharmaceuticals-inc-elox?mobile=true,alpha_vantage,2026-07-31 04:00:00,304.5473560391476,310.4222943774597,299.7415030462749,308.6438293457031,132489100,0.0,0.0,neutral,0.0006,0.0016,0.9978
AAPL,av_1c0da43ffa86a72d,Cirrus Logic Shareholders Approve Incentive Plan as Fiscal 2026 Revenue Hits Record,"Cirrus Logic shareholders approved all proposals at their 2026 annual meeting, including the election of directors, ratification of Ernst & Young as auditor, and executive compensation. A significant amendment to the 2018 Long Term Incentive Plan was also approved, adding 3.5 million shares and extending the plan through 2036. The company reported record fiscal 2026 revenue of $2 billion, a 5% increase year-over-year, alongside record GAAP and non-GAAP EPS, driven by growth in smartphone, PC, and mixed-signal sectors.",2026-07-31 19:39:01,MarketBeat,https://www.marketbeat.com/instant-alerts/cirrus-logic-shareholders-approve-incentive-plan-as-fiscal-2026-revenue-hits-record-2026-07-31/?utm_source=yahoofinance&utm_medium=yahoofinance,alpha_vantage,2026-07-31 04:00:00,304.5473560391476,310.4222943774597,299.7415030462749,308.6438293457031,132489100,0.0,0.0,neutral,0.001,0.0535,0.9455
AAPL,av_17c694ed5374b9a2,Morgan Stanley's Woodring on Apple: Investors 'barking up the wrong tree' when it comes to supply issues,"Morgan Stanley's Erik Woodring believes investors are misjudging the impact of supply issues on Apple, suggesting their concerns are misplaced. His comments come as Apple shares experienced a slide following their recent earnings report. Woodring shared his reaction to the situation during an appearance on 'Closing Bell'.",2026-07-31 19:56:13,CNBC,https://www.cnbc.com/video/2026/07/31/morgan-stanleys-woodring-on-apple-investors-barking-up-the-wrong-tree-when-it-comes-to-supply-issues.html,alpha_vantage,2026-07-31 04:00:00,304.5473560391476,310.4222943774597,299.7415030462749,308.6438293457031,132489100,0.0,0.0,neutral,0.0103,0.0019,0.9878
AAPL,av_8bbc16ebef9d6e81,Coherent Corp Stock (COHR) Closed Up by 5.92% on Jul 31: Drivers Behind the Movement,"Coherent Corp (COHR) stock rose by 5.92% on July 31, driven by high demand for optical transceivers for AI infrastructure and easing supply chain constraints for laser components. The company's market leadership in high-bandwidth modules for hyperscale data centers and a stabilizing outlook for its silicon carbide and industrial laser businesses contributed to the positive sentiment. Despite some technical sell signals, institutional investors are viewing Coherent as a key player in AI development.",2026-07-31 20:15:00,TradingKey,https://www.tradingkey.com/news/market-movers/262068190-market-movers-cohr-20260731,alpha_vantage,2026-07-31 04:00:00,304.5473560391476,310.4222943774597,299.7415030462749,308.6438293457031,132489100,0.0,0.0,bullish,0.0031,0.9919,0.0049
AAPL,av_f956d2f690eea2b3,BFC stock hits all-time high at 154.42 USD,"Bank First National Corp (BFC) stock has reached an all-time high of $154.42, marking a 29.13% increase over the past year. This comes as the company announces an agreement to acquire PSB Holdings Inc. for approximately $202.9 million and has appointed three new directors to its board. Despite a P/E ratio of 19.76, InvestingPro suggests the stock might be overvalued.",2026-07-31 20:40:12,Investing.com,https://www.investing.com/news/company-news/bfc-stock-hits-alltime-high-at-15442-usd-93CH-4828523,alpha_vantage,2026-07-31 04:00:00,304.5473560391476,310.4222943774597,299.7415030462749,308.6438293457031,132489100,0.0,0.0,bullish,0.0027,0.9952,0.0022
AAPL,av_8382d34205b2554e,"ASML, GE Vernova and Apple Among General American Investors' Largest Holdings","General American Investors Company, Inc. (GAM) has filed its Certified Shareholder Report for the period ended June 30, 2026, revealing net assets of over $1.7 billion and net assets per common share of $72.84. The report highlights that the company's largest stock holdings include ASML Holding, GE Vernova, Berkshire Hathaway, Apple, and Alphabet. The company also reported net investment income of $5.6 million and net gain on investments of $181.5 million for the six-month period.",2026-07-31 20:40:51,Stock Titan,https://www.stocktitan.net/news/GAM/general-american-investors-files-certified-shareholder-report-for-fce6ki6wlw4o.html,alpha_vantage,2026-07-31 04:00:00,304.5473560391476,310.4222943774597,299.7415030462749,308.6438293457031,132489100,0.0,0.0,neutral,0.0012,0.0213,0.9774
AAPL,av_d5d63012fd5b7da2,Nvidia Is Back on Top as Most Valuable Company After Apple Stumbles,Nvidia has once again become the world's most valuable company. This shift occurred after Apple's stock declined and Amazon highlighted the crucial role of Nvidia's processors in the booming artificial intelligence sector. Nvidia's shares have seen approximately a 15% increase over the past 12 months.,2026-07-31 21:15:25,Barron's,https://www.barrons.com/articles/nvidia-stock-price-amazon-2354d905,alpha_vantage,2026-07-31 04:00:00,304.5473560391476,310.4222943774597,299.7415030462749,308.6438293457031,132489100,0.0,0.0,bullish,0.004,0.9274,0.0686
AAPL,av_d5857e1d6ad53eea,"Merchants Bancorp (NASDAQ:MBIN) Director Sells 9,000 Shares of Stock","Merchants Bancorp Director Julia Kaercher sold 9,000 shares of the company's stock for $496,800, retaining over 727,000 shares. This transaction comes after the company reported strong quarterly earnings, beating analyst expectations for both EPS and revenue. Despite the sale, analysts maintain a ""Moderate Buy"" rating for MBIN.",2026-07-31 21:39:32,MarketBeat,https://www.marketbeat.com/instant-alerts/merchants-bancorp-nasdaqmbin-director-sells-9000-shares-of-stock-2026-07-31/,alpha_vantage,2026-07-31 04:00:00,304.5473560391476,310.4222943774597,299.7415030462749,308.6438293457031,132489100,0.0,0.0,neutral,0.2474,0.0094,0.7432
AAPL,av_5a9ffa29010fdf69,Apple stock price falls: 3 reasons why AAPL shares are down after a record-breaking quarter,"Apple's stock price fell significantly despite the company reporting its best third quarter on record, exceeding most financial metrics. The article will delve into the reasons behind this unexpected stock drop following an otherwise stellar earnings report. It highlights strong revenue, gross margin, and diluted EPS growth for Q3 2026.",2026-07-31 22:07:02,Fast Company,https://www.fastcompany.com/91583303/apple-stock-price-3-reasons-why-aapl-down-today,alpha_vantage,2026-07-31 04:00:00,304.5473560391476,310.4222943774597,299.7415030462749,308.6438293457031,132489100,0.0,0.0,bearish,0.9976,0.001,0.0014
AAPL,av_2a7157ecec07d8ed,"USMC ETF Profile: Dividends, Returns (BOATS:USMC)","This article provides a detailed profile of the Principal U.S. Mega-Cap ETF (USMC), highlighting its dividends, returns, and key characteristics. It outlines the fund's investment strategy, asset allocation, top holdings, and essential financial metrics such as AUM and expense ratio. The article also addresses frequently asked questions about USMC.",2026-08-01 00:09:26,TradingView,https://www.tradingview.com/symbols/BOATS-USMC/profile/,alpha_vantage,2026-07-31 04:00:00,304.5473560391476,310.4222943774597,299.7415030462749,308.6438293457031,132489100,0.0,0.0,neutral,0.0005,0.0006,0.9988
AAPL,av_7c911aa590db3769,"HQGO ETF Profile: Dividends, Returns (BOATS:HQGO)","This article provides a detailed profile of the Hartford US Quality Growth ETF (HQGO), an open-ended fund launched on December 5, 2023, by The Hartford Insurance Group, Inc. It outlines the ETF's investment strategy, which uses an integrated multi-factor approach to select 75-175 US growth stocks based on value, quality, and momentum, aiming to reduce concentration risk. The profile also covers key financial metrics such as Assets Under Management (AUM) of $48.68 million, an expense ratio of 0.34%, dividend yield, and its primary holdings and sector allocations.",2026-08-01 00:10:58,TradingView,https://www.tradingview.com/symbols/BOATS-HQGO/profile/,alpha_vantage,2026-07-31 04:00:00,304.5473560391476,310.4222943774597,299.7415030462749,308.6438293457031,132489100,0.0,0.0,neutral,0.0005,0.0006,0.9988
AAPL,av_bfe96554b40a610c,"SEACOR Marine (NYSE:SMHI) VP Sells $15,616.98 in Stock","SEACOR Marine's VP, Andrew Everett II, sold 1,637 shares of SMHI stock for $15,616.98, reducing his direct ownership by 0.79%. The company's shares traded down 1.2% to $9.43, close to its 52-week high, despite beating quarterly earnings expectations. Analysts currently have a consensus ""Hold"" rating on the stock with a $10.00 target price.",2026-08-01 00:40:56,MarketBeat,https://www.marketbeat.com/instant-alerts/seacor-marine-nysesmhi-vp-sells-1561698-in-stock-2026-07-31/,alpha_vantage,2026-07-31 04:00:00,304.5473560391476,310.4222943774597,299.7415030462749,308.6438293457031,132489100,0.0,0.0,neutral,0.0082,0.0284,0.9633
AAPL,av_d760574e6a3405fe,"BlackRock, Inc. Reduces America's Car-Mart Inc (CRMT) Stake -- S","BlackRock, Inc. significantly reduced its stake in America's Car-Mart Inc (CRMT) by selling 384,359 shares, cutting its position by 68.28%. This move comes as America's Car-Mart faces substantial financial challenges, including an 86.78% year-to-date stock price decline, negative profitability, and weak growth indicators. Despite a ""Significantly Undervalued"" GF Valuation, the company's poor GF-Score and distressed financial health suggest fundamental issues beyond mere market mispricing.",2026-08-01 01:02:17,GuruFocus,https://www.gurufocus.com/news/8996777/blackrock-inc-reduces-americas-carmart-inc-crmt-stake-shares-look-92-undervalued-on-gf-value,alpha_vantage,2026-07-31 04:00:00,304.5473560391476,310.4222943774597,299.7415030462749,308.6438293457031,132489100,0.0,0.0,neutral,0.0141,0.0078,0.9781
AAPL,av_ae674d2c93651363,"BlackRock, Inc. Adds to Allegro Microsystems Inc (ALGM) Stake -- Shares Trade 39% Above GF Value","BlackRock, Inc. increased its stake in Allegro Microsystems Inc (ALGM) by purchasing 319,172 additional shares at $69.62 each, despite the stock subsequently dropping by over 40%. The semiconductor company, which serves automotive and industrial sectors, holds a GF Score of 85, indicating strong outperformance potential, but is currently valued as ""Significantly Overvalued"" by GuruFocus. Despite recent operational headwinds and a high P/E ratio of 691.67, BlackRock's move, alongside broader guru buying activity, suggests institutional confidence in ALGM's long-term prospects.",2026-08-01 01:10:20,GuruFocus,https://www.gurufocus.com/news/8996773/blackrock-inc-adds-to-allegro-microsystems-inc-algm-stake-shares-trade-39-above-gf-value,alpha_vantage,2026-07-31 04:00:00,304.5473560391476,310.4222943774597,299.7415030462749,308.6438293457031,132489100,0.0,0.0,neutral,0.0055,0.2502,0.7443
AAPL,av_cfad79e982fdc71f,"LGDX ETF Profile: Dividends, Returns (BOATS:LGDX)","The LGDX ETF, issued by Intech Holdings LLC, is an actively managed fund designed to outperform the S&P 500 Index by investing in large U.S. equity market companies with improved diversification. It focuses on analyzing stock volatility, correlation, profitability, and valuation, and rebalances weekly. As of July 2026, the fund has $140.89 million in assets under management, a 0.48% dividend yield, and an expense ratio of 0.25%, with major holdings in Electronic Technology and Technology Services.",2026-08-01 01:11:13,TradingView,https://www.tradingview.com/symbols/BOATS-LGDX/profile/,alpha_vantage,2026-07-31 04:00:00,304.5473560391476,310.4222943774597,299.7415030462749,308.6438293457031,132489100,0.0,0.0,neutral,0.0005,0.0006,0.9988
AAPL,av_74c5f51720dce307,3 Consumer Discretionary Stocks That Could Benefit From Tariff Refunds,"Following Amazon's recent tariff refund, this article identifies three consumer discretionary stocks that could benefit from similar refunds or reduced import costs. The highlighted companies are Nick Scali (ASX: NCK), Haverty Furniture Companies (HVT), and AO World (LSE: AO.), each offering potential for improved margins, pricing flexibility, or valuation upside due to these changes in tariff policies. Investors are encouraged to use Simply Wall St's screener to explore further opportunities in this sector.",2026-08-01 01:17:41,Sahm,https://www.sahmcapital.com/news/content/3-consumer-discretionary-stocks-that-could-benefit-from-tariff-refunds-2026-07-31,alpha_vantage,2026-07-31 04:00:00,304.5473560391476,310.4222943774597,299.7415030462749,308.6438293457031,132489100,0.0,0.0,neutral,0.0007,0.0033,0.9959
AAPL,av_e0f27383cdfd9533,JPMorgan Chase & Co. Boosts DigitalOcean Holdings Inc (DOCN) Stake -- Shares Trade 151% Above GF Value,"JPMorgan Chase & Co. increased its stake in DigitalOcean Holdings Inc (DOCN) by acquiring 2,859,934 shares, raising its total ownership to 13.00% of the company. This move is significant despite DigitalOcean's stock trading at a ""Significantly Overvalued"" status according to GuruFocus, with shares having declined 25.17% since the transaction. The investment highlights JPMorgan's continued focus on technology within its diversified portfolio, while also prompting questions for value-oriented investors regarding the rationale behind buying into a highly-valued growth stock.",2026-08-01 01:39:11,GuruFocus,https://www.gurufocus.com/news/8996735/jpmorgan-chase-co-boosts-digitalocean-holdings-inc-docn-stake-shares-trade-151-above-gf-value,alpha_vantage,2026-07-31 04:00:00,304.5473560391476,310.4222943774597,299.7415030462749,308.6438293457031,132489100,0.0,0.0,bullish,0.0016,0.9865,0.012
AAPL,av_8ec297c1b9bb10ec,"BlackRock, Inc. Adds to Carrier Global Corp (CARR) Stake -- Shares Look 11% Undervalued on GF Value","BlackRock, Inc. increased its stake in Carrier Global Corp (NYSE:CARR) by purchasing over 5.3 million additional shares on June 30, 2026, demonstrating continued confidence in the company despite recent stock declines. Carrier Global, specializing in HVAC and refrigeration, is considered modestly undervalued by GuruFocus, with a GF Value of $69.51 compared to its current price of $61.81. The company exhibits moderate financial health and growth metrics, with strong institutional interest, including 12 gurus holding the stock and more adding positions than trimming.",2026-08-01 01:39:20,GuruFocus,https://www.gurufocus.com/news/8996821/blackrock-inc-adds-to-carrier-global-corp-carr-stake-shares-look-11-undervalued-on-gf-value,alpha_vantage,2026-07-31 04:00:00,304.5473560391476,310.4222943774597,299.7415030462749,308.6438293457031,132489100,0.0,0.0,neutral,0.0217,0.0121,0.9662
AAPL,av_076219814883e722,"BlackRock, Inc. Slashes Cardiff Oncology (CRDF) Stake by 78.3%","BlackRock, Inc. significantly reduced its stake in Cardiff Oncology Inc. (CRDF) by 78.32%, selling over 3.1 million shares. This move reflects BlackRock's shift away from speculative biotech ventures towards more established technology and financial services companies. Cardiff Oncology faces significant financial challenges, including unprofitability and a high risk of distress, which likely influenced BlackRock's decision.",2026-08-01 01:39:27,GuruFocus,https://www.gurufocus.com/news/8996817/blackrock-inc-slashes-cardiff-oncology-crdf-stake-by-783,alpha_vantage,2026-07-31 04:00:00,304.5473560391476,310.4222943774597,299.7415030462749,308.6438293457031,132489100,0.0,0.0,bearish,0.9936,0.0009,0.0055
AAPL,av_01957ec6420ad6bf,"BlackRock, Inc. Adds to Aemetis Inc (AMTX) Stake -- Shares Trade 30% Below GF Value","BlackRock, Inc. increased its stake in Aemetis Inc (AMTX) by purchasing 3,337,181 additional shares, bringing its total holdings to 3,970,397 shares. This move signals BlackRock's continued interest in the renewable energy sector despite Aemetis's significant financial distress, including a negative Altman Z score and low profitability metrics. While GuruFocus indicates potential undervaluation with a ""Possible Value Trap"" warning, BlackRock's investment suggests a long-term strategic bet on the sector's growth.",2026-08-01 01:39:42,GuruFocus,https://www.gurufocus.com/news/8996752/blackrock-inc-adds-to-aemetis-inc-amtx-stake-shares-trade-30-below-gf-value,alpha_vantage,2026-07-31 04:00:00,304.5473560391476,310.4222943774597,299.7415030462749,308.6438293457031,132489100,0.0,0.0,neutral,0.3061,0.0025,0.6914
AAPL,av_4463c4c61308b62d,"BlackRock, Inc. Adds to Blackbaud Inc (BLKB) Stake -- Shares Tra","BlackRock, Inc. significantly increased its stake in Blackbaud Inc (BLKB) by adding 900,662 shares on June 30, 2026, when the stock was trading at a substantial discount. This move highlights BlackRock's confidence in Blackbaud's long-term potential, despite the stock trading at a 48% discount to its estimated intrinsic value and being flagged as a ""Possible Value Trap."" While Blackbaud has a strong business model serving the social good community and good profitability metrics, it faces challenges with financial strength, low growth ranks, and mixed market sentiment.",2026-08-01 01:40:05,GuruFocus,https://www.gurufocus.com/news/8996810/blackrock-inc-adds-to-blackbaud-inc-blkb-stake-shares-trade-at-48-discount-to-gf-value,alpha_vantage,2026-07-31 04:00:00,304.5473560391476,310.4222943774597,299.7415030462749,308.6438293457031,132489100,0.0,0.0,neutral,0.0006,0.0034,0.996
AAPL,av_599bfce16fe6e310,"BlackRock, Inc. Reduces Ardmore Shipping Corp (ASC) Stake -- Sha","BlackRock, Inc. has significantly reduced its stake in Ardmore Shipping Corp (ASC) by selling 986,987 shares, representing a 31.04% trim of its holdings. This transaction, executed at $14.01 per share, occurred on June 30, 2026, and the stock has since appreciated by 24.13%. Ardmore Shipping is currently classified as ""Modestly Overvalued"" by GuruFocus, suggesting BlackRock may have taken profits due to valuation concerns despite the company's strong financial health and recent market momentum.",2026-08-01 01:40:35,GuruFocus,https://www.gurufocus.com/news/8996750/blackrock-inc-reduces-ardmore-shipping-corp-asc-stake-shares-trade-30-above-gf-value,alpha_vantage,2026-07-31 04:00:00,304.5473560391476,310.4222943774597,299.7415030462749,308.6438293457031,132489100,0.0,0.0,neutral,0.0011,0.0052,0.9937
AAPL,av_3042650daa998850,"BlackRock, Inc. Buys BlackBerry Ltd (BB) -- Shares Look 127% Ove","BlackRock, Inc. increased its stake in BlackBerry Ltd (BB) by acquiring over 22 million additional shares, raising its total ownership to 4.40%. Despite this, the article highlights that BlackBerry's shares appear ""Significantly Overvalued"" according to GuruFocus's GF Value, trading at a substantial premium to its intrinsic value. The report details BlackBerry's transformation into a software provider, its financial challenges, and the potential risks for investors given its valuation concerns.",2026-08-01 02:10:58,GuruFocus,https://www.gurufocus.com/news/8996746/blackrock-inc-buys-blackberry-ltd-bb-shares-look-127-overvalued-on-gf-value,alpha_vantage,2026-07-31 04:00:00,304.5473560391476,310.4222943774597,299.7415030462749,308.6438293457031,132489100,0.0,0.0,bullish,0.0074,0.986,0.0066
AAPL,av_d75a01cc567b6791,"BlackRock, Inc. Expands Stake in Annexon Inc (ANNX) with Strategic Share Acquisition","BlackRock, Inc. has significantly increased its stake in Annexon Inc (ANNX) by acquiring over 2.1 million shares, bringing its total holdings to 13.1 million shares, representing an 8% position. This strategic move highlights BlackRock's calculated bet on the long-term potential of the clinical-stage biopharmaceutical company, despite Annexon's current unprofitability and high-risk profile. The acquisition suggests confidence in Annexon's pipeline of therapies targeting classical complement-mediated disorders, even as the stock experiences volatility.",2026-08-01 02:11:31,GuruFocus,https://www.gurufocus.com/news/8996796/blackrock-inc-expands-stake-in-annexon-inc-annx-with-strategic-share-acquisition,alpha_vantage,2026-07-31 04:00:00,304.5473560391476,310.4222943774597,299.7415030462749,308.6438293457031,132489100,0.0,0.0,neutral,0.0005,0.0022,0.9972
AAPL,av_4d96f32df1fd43e4,PodcastOne Stock And 2 Media Picks Riding The Romance Publishing Boom,"The article highlights three media and publishing stocks—PodcastOne (PODC), Newsmax (NMAX), and DoubleVerify Holdings (DV)—that are poised to benefit from the growing romance publishing boom, driven by trends like BookTok and streaming adaptations. It analyzes each company's operations, market cap, and potential risks and opportunities within this shifting media landscape. The piece suggests these stocks offer different ways to invest in the intersection of romance content, digital advertising, and AI-driven monetization.",2026-08-01 03:10:06,Sahm,https://www.sahmcapital.com/news/content/podcastone-stock-and-2-media-picks-riding-the-romance-publishing-boom-2026-07-31,alpha_vantage,2026-07-31 04:00:00,304.5473560391476,310.4222943774597,299.7415030462749,308.6438293457031,132489100,0.0,0.0,neutral,0.0005,0.0019,0.9976
AAPL,av_a43a8178d4ecca1d,"QGRW ETF Profile: Dividends, Returns (HAM:QGRW)","This article provides a detailed profile of the WisdomTree US Quality Growth UCITS ETF (QGRW), traded on the Hamburg Stock Exchange. It covers key statistics such as Assets Under Management (AUM), expense ratio, inception date, and the index it tracks. The ETF focuses primarily on U.S. large-cap growth stocks, with significant exposure to Electronic Technology and Technology Services, and it does not pay dividends.",2026-08-01 03:34:19,TradingView,https://www.tradingview.com/symbols/HAM-QGRW/profile/,alpha_vantage,2026-07-31 04:00:00,304.5473560391476,310.4222943774597,299.7415030462749,308.6438293457031,132489100,0.0,0.0,neutral,0.0005,0.0007,0.9988
AAPL,av_344420e8f3308be4,Guarantor: JPMorgan Chase & Co.,"JPMorgan Chase Financial Company LLC is offering structured investments in the form of Review Notes, fully and unconditionally guaranteed by JPMorgan Chase & Co. These notes are linked to the performance of the EURO STOXX 50®, Russell 2000®, and Nasdaq-100® Indices, with potential for early exit at a premium if specific call values are met. Investors face the risk of principal loss if the indices perform poorly and the notes are not automatically called.",2026-08-01 03:38:07,StreetInsider,https://www.streetinsider.com/SEC+Filings/Form+424B2+JPMORGAN+CHASE+%26amp%3B+CO/26850460.html,alpha_vantage,2026-07-31 04:00:00,304.5473560391476,310.4222943774597,299.7415030462749,308.6438293457031,132489100,0.0,0.0,neutral,0.0008,0.0008,0.9984
AAPL,av_bdcb6b12f0c85a6f,"Chady Alahmar Sells 11,771 Shares of Old National Bancorp (NASDAQ:ONB) Stock","Old National Bancorp CEO Chady Alahmar sold 11,771 shares of ONB stock for approximately $310,872, reducing his direct stake by 15.63%. This comes as the bank reported strong quarterly earnings, beating analyst estimates, and announced a quarterly dividend of $0.145 per share. Analysts generally maintain a ""Moderate Buy"" rating for ONB with an average price target of $29.36.",2026-08-01 03:39:52,MarketBeat,https://www.marketbeat.com/instant-alerts/chady-alahmar-sells-11771-shares-of-old-national-bancorp-nasdaqonb-stock-2026-07-31/,alpha_vantage,2026-07-31 04:00:00,304.5473560391476,310.4222943774597,299.7415030462749,308.6438293457031,132489100,0.0,0.0,bearish,0.8717,0.0054,0.1229
AAPL,av_035963b85fa422e3,"QGRO ETF Profile: Dividends, Returns (BOATS:QGRO)","This article provides a detailed profile of the American Century U.S. Quality Growth ETF (QGRO), covering its dividends, returns, and key financial metrics. It highlights QGRO's investment strategy, which focuses on US stocks with strong growth and quality fundamentals, and details its asset allocation, top holdings, and expense ratio. The ETF primarily invests in Technology Services and Electronic Technology sectors within North America.",2026-08-01 03:40:23,TradingView,https://www.tradingview.com/symbols/BOATS-QGRO/profile/,alpha_vantage,2026-07-31 04:00:00,304.5473560391476,310.4222943774597,299.7415030462749,308.6438293457031,132489100,0.0,0.0,neutral,0.0005,0.0007,0.9988
AAPL,av_3b2b295511a895e5,JPMorgan Chase & Co. Boosts DigitalOcean Holdings Inc (DOCN) Sta,"JPMorgan Chase & Co. increased its stake in DigitalOcean Holdings Inc (DOCN) by acquiring 2,859,934 shares, raising its total ownership to 13.00%. This move reflects JPMorgan's continued focus on technology investments, despite DigitalOcean's stock declining 25.17% since the purchase and GuruFocus identifying it as ""Significantly Overvalued."" The article details DigitalOcean's business model, strong growth metrics, and valuation concerns, highlighting a mixed institutional perspective on the company.",2026-08-01 05:10:00,GuruFocus,https://www.gurufocus.com/news/8996735/jpmorgan-chase-co-boosts-digitalocean-holdings-inc-docn-stake-shares-trade-151-above-gf-value?mobile=true,alpha_vantage,2026-07-31 04:00:00,304.5473560391476,310.4222943774597,299.7415030462749,308.6438293457031,132489100,0.0,0.0,bullish,0.0027,0.994,0.0034
AAPL,av_34fb47d653e3251b,"APi Group (NYSE:APG) Downgraded to ""Hold"" Rating by Wall Street Zen","Wall Street Zen downgraded APi Group (NYSE:APG) from a ""Buy"" to a ""Hold"" rating, despite the broader analyst consensus remaining a ""Moderate Buy"" with an average price target of $52.50. The company reported strong Q2 earnings, beating revenue and EPS estimates, and raised its 2026 adjusted EBITDA outlook. However, insiders have sold a significant amount of shares recently, totaling $149.2 million in the past 90 days.",2026-08-01 05:40:32,MarketBeat,https://www.marketbeat.com/instant-alerts/api-group-nyseapg-downgraded-to-hold-rating-by-wall-street-zen-2026-08-01/,alpha_vantage,2026-07-31 04:00:00,304.5473560391476,310.4222943774597,299.7415030462749,308.6438293457031,132489100,0.0,0.0,bearish,0.9968,0.0016,0.0016
AAPL,av_0cc14191b9e3e0bd,Rocky Brands (NASDAQ:RCKY) Upgraded by Wall Street Zen to Buy Rating,"Wall Street Zen has upgraded Rocky Brands (NASDAQ:RCKY) to a ""buy"" rating from ""hold,"" citing the company's strong quarterly performance. Rocky Brands exceeded analyst expectations with EPS of $1.90 and revenue of $118.37 million. Despite the upgrade, the broader analyst consensus for RCKY remains a ""hold"" with an average price target of $56.00.",2026-08-01 06:09:48,MarketBeat,https://www.marketbeat.com/instant-alerts/rocky-brands-nasdaqrcky-upgraded-by-wall-street-zen-to-buy-rating-2026-08-01/,alpha_vantage,2026-07-31 04:00:00,304.5473560391476,310.4222943774597,299.7415030462749,308.6438293457031,132489100,0.0,0.0,bullish,0.0041,0.9936,0.0023
AAPL,av_ebcb7d6145aed8fb,NUGO Dividend: Does Nuveen Growth Opportunities ETF Pay a Dividend?,"The Nuveen Growth Opportunities ETF (NUGO) currently has a 0% dividend yield and does not pay a regular dividend. While it has made past dividend payments since 2021, the company typically reinvests earnings into growth rather than issuing regular dividends. Investors looking for dividend-paying alternatives can use GuruFocus's dividend stock screener to find other options.",2026-08-01 06:12:39,GuruFocus,https://www.gurufocus.com/etf/NUGO/dividend,alpha_vantage,2026-07-31 04:00:00,304.5473560391476,310.4222943774597,299.7415030462749,308.6438293457031,132489100,0.0,0.0,neutral,0.0006,0.0006,0.9989
AAPL,av_ac72d440986ef475,"XAIX ETF Profile: Dividends, Returns (MUN:XAIX)","This article provides a profile of the Xtrackers Artificial Intelligence & Big Data UCITS ETF (XAIX), listed on the Munich Stock Exchange. It details key statistics such as assets under management, expense ratio, inception date, and issuer, Deutsche Bank AG. The ETF is passively managed, tracks the Nasdaq Yewno Global AI and Big Data Index, and focuses on technology services and electronic technology stocks, primarily in North America, without paying dividends.",2026-08-01 06:33:10,TradingView,https://www.tradingview.com/symbols/MUN-XAIX/profile/,alpha_vantage,2026-07-31 04:00:00,304.5473560391476,310.4222943774597,299.7415030462749,308.6438293457031,132489100,0.0,0.0,neutral,0.0005,0.0006,0.9988
AAPL,av_ed68868c6b0fcbfb,FuelCell Energy (NASDAQ:FCEL) Rating Increased to Hold at Wall Street Zen,"Wall Street Zen has upgraded FuelCell Energy (NASDAQ:FCEL) from a ""sell"" to a ""hold"" rating, though overall analyst sentiment remains mixed, resulting in an average ""Hold"" rating and a consensus price target of $22.83. The company recently reported a quarterly loss of $0.53 per share and revenue of $35.59 million, both missing analyst expectations. Shares are currently trading at $21.61, above its 200-day moving average but below its 50-day moving average, and institutional investors own 42.78% of the stock.",2026-08-01 06:41:00,MarketBeat,https://www.marketbeat.com/instant-alerts/fuelcell-energy-nasdaqfcel-rating-increased-to-hold-at-wall-street-zen-2026-08-01/,alpha_vantage,2026-07-31 04:00:00,304.5473560391476,310.4222943774597,299.7415030462749,308.6438293457031,132489100,0.0,0.0,bullish,0.0022,0.9927,0.0052
AAPL,av_8664d4061131a7c8,Cellectis (CLLS) to Post Quarterly Earnings on Thursday,"Cellectis (CLLS) is scheduled to report its H1 2026 earnings after market close on Thursday, August 6th, with analysts forecasting a loss of $0.263 per share and revenue of $11.05 million. The biotechnology company previously reported an EPS loss of $0.18, beating estimates, but its revenue of $7.55 million missed the consensus. Cellectis shares recently traded at $2.75, and institutional investors own 63.9% of the stock, while analysts maintain a ""Moderate Buy"" consensus with an average price target of $7.00.",2026-08-01 07:09:44,MarketBeat,https://www.marketbeat.com/instant-alerts/cellectis-clls-to-post-quarterly-earnings-on-thursday-2026-08-01/,alpha_vantage,2026-07-31 04:00:00,304.5473560391476,310.4222943774597,299.7415030462749,308.6438293457031,132489100,0.0,0.0,neutral,0.0006,0.0014,0.998
AAPL,av_db7606a78b608c1f,Amundi Raises Stake in Archer Daniels Midland Company $ADM,"Amundi increased its stake in Archer Daniels Midland Company (ADM) by 28.2% in the first quarter, now holding over 1.82 million shares valued at approximately $132.5 million. Despite institutional ownership reaching 78.28%, analysts maintain a ""Reduce"" consensus rating with an average price target of $75.67. ADM recently reported strong quarterly earnings, beating EPS estimates, and declared a quarterly dividend of $0.52 per share.",2026-08-01 07:37:06,MarketBeat,https://www.marketbeat.com/instant-alerts/filing-amundi-raises-stake-in-archer-daniels-midland-company-adm-2026-08-01/,alpha_vantage,2026-07-31 04:00:00,304.5473560391476,310.4222943774597,299.7415030462749,308.6438293457031,132489100,0.0,0.0,neutral,0.0006,0.0025,0.997
AAPL,av_eb0334af8d9da8ba,"Amundi Purchases 619,487 Shares of SS&C Technologies Holdings, Inc. $SSNC","Amundi increased its stake in SS&C Technologies Holdings, Inc. by 51.8% in Q1 2026, acquiring 619,487 shares to bring its total holdings to 1.82 million shares valued at $122.7 million. Institutional investors now own 96.9% of the company, which holds a ""Moderate Buy"" consensus rating from analysts with an average price target of $93.25. SS&C Technologies also exceeded recent quarterly earnings expectations and pays a quarterly dividend.",2026-08-01 07:39:25,MarketBeat,https://www.marketbeat.com/instant-alerts/filing-amundi-purchases-619487-shares-of-ssc-technologies-holdings-inc-ssnc-2026-08-01/,alpha_vantage,2026-07-31 04:00:00,304.5473560391476,310.4222943774597,299.7415030462749,308.6438293457031,132489100,0.0,0.0,neutral,0.0022,0.108,0.8898
AAPL,av_9c0b73cdd937b276,VICI Properties Inc. $VICI Shares Bought by Bank of America Corp DE,"Bank of America Corp DE increased its stake in VICI Properties Inc. by 2.7% in the first quarter, bringing its total holdings to 27.95 million shares valued at approximately $763.6 million. Institutional investors now own 97.71% of the company. Despite mixed analyst sentiment with a ""Hold"" consensus rating and a target price of $31.54, VICI continues to pay a quarterly dividend of $0.45 per share, representing an annualized yield of about 6.8%.",2026-08-01 07:48:12,MarketBeat,https://www.marketbeat.com/instant-alerts/filing-vici-properties-inc-vici-shares-bought-by-bank-of-america-corp-de-2026-08-01/,alpha_vantage,2026-07-31 04:00:00,304.5473560391476,310.4222943774597,299.7415030462749,308.6438293457031,132489100,0.0,0.0,neutral,0.0084,0.342,0.6497
AAPL,av_65be0c8830607d45,"First Trust Advisors LP Sells 31,036 Shares of Globalstar, Inc. $GSAT","First Trust Advisors LP reduced its stake in Globalstar, Inc. by 16.5% in the first quarter, selling 31,036 shares and retaining 156,889 shares. Other institutional investors also adjusted their positions, with overall institutional ownership at 18.89%. Globalstar's shares opened at $83.38, near its 52-week high, despite reporting a quarterly loss and having a negative P/E ratio, while analysts maintain a consensus ""Hold"" rating.",2026-08-01 08:09:12,MarketBeat,https://www.marketbeat.com/instant-alerts/filing-first-trust-advisors-lp-sells-31036-shares-of-globalstar-inc-gsat-2026-08-01/,alpha_vantage,2026-07-31 04:00:00,304.5473560391476,310.4222943774597,299.7415030462749,308.6438293457031,132489100,0.0,0.0,bearish,0.6377,0.0106,0.3517
AAPL,av_87de216880799767,Dimensional Fund Advisors LP Raises Holdings in Vermilion Energy Inc. $VET,"Dimensional Fund Advisors LP significantly increased its stake in Vermilion Energy Inc. (NYSE:VET) by 44% in the first quarter of 2026, acquiring an additional 1.49 million shares. The oil and gas company reported strong Q2 earnings, with EPS of $0.62 and revenue of $390.5 million, both exceeding analyst expectations. Analysts currently hold a consensus ""Hold"" rating for VET with an average price target of $15.00, and the company also announced a quarterly dividend of $0.135 per share.",2026-08-01 08:11:00,MarketBeat,https://www.marketbeat.com/instant-alerts/filing-dimensional-fund-advisors-lp-raises-holdings-in-vermilion-energy-inc-vet-2026-08-01/,alpha_vantage,2026-07-31 04:00:00,304.5473560391476,310.4222943774597,299.7415030462749,308.6438293457031,132489100,0.0,0.0,neutral,0.0005,0.0024,0.9972
AAPL,av_c4ed99467e634e33,Yatra Online (NASDAQ:YTRA) Stock Price Passes Below 50-Day Moving Average - Here's Why,"Yatra Online (NASDAQ:YTRA) stock price recently fell below its 50-day moving average, trading as low as $0.84, which is below the $0.90 average. Despite a recent upgrade from Zacks Research to a ""hold"" rating, analyst sentiment remains weak with a consensus ""Reduce"" rating. Institutional investors hold over 50% of the shares, with several firms initiating or increasing their positions.",2026-08-01 08:11:05,MarketBeat,https://www.marketbeat.com/instant-alerts/yatra-online-nasdaqytra-stock-price-passes-below-50-day-moving-average-heres-why-2026-08-01/,alpha_vantage,2026-07-31 04:00:00,304.5473560391476,310.4222943774597,299.7415030462749,308.6438293457031,132489100,0.0,0.0,bearish,0.9954,0.0014,0.0032
AAPL,av_20ea63a3058165ba,"BlackRock, Inc. Trims AerSale Corp (ASLE) Stake -- Shares Remain Modestly Undervalued on GF Value","BlackRock, Inc. has reduced its stake in AerSale Corp (ASLE) by 91,371 shares, selling at $6.32 per share, which represents a 3.51% decrease in its holdings. Despite being deemed ""Modestly Undervalued"" by GuruFocus with a GF Value of $7.60, AerSale faces significant headwinds including declining revenue, weak momentum, and modest profitability. This move by BlackRock, along with other institutional investors trimming their positions, suggests a cautious outlook for the company's near-term performance.",2026-08-01 08:11:20,GuruFocus,https://www.gurufocus.com/news/8996791/blackrock-inc-trims-aersale-corp-asle-stake-shares-remain-modestly-undervalued-on-gf-value,alpha_vantage,2026-07-31 04:00:00,304.5473560391476,310.4222943774597,299.7415030462749,308.6438293457031,132489100,0.0,0.0,bearish,0.9166,0.002,0.0814
AAPL,av_50b61ad5b44a0672,"BJ's Wholesale Club (NYSE:BJ) CEO Sells 73,016 Shares","BJ's Wholesale Club CEO Robert Eddy sold 73,016 shares of the company's stock for approximately $7.3 million, reducing his stake by 20.55%. Despite the sale, the company reported strong quarterly earnings and revenue, beating analyst estimates, and maintains a ""Moderate Buy"" consensus rating among analysts. Institutional investors hold a significant 98.6% of the stock.",2026-08-01 08:11:42,MarketBeat,https://www.marketbeat.com/instant-alerts/bjs-wholesale-club-nysebj-ceo-sells-73016-shares-2026-07-31/,alpha_vantage,2026-07-31 04:00:00,304.5473560391476,310.4222943774597,299.7415030462749,308.6438293457031,132489100,0.0,0.0,bearish,0.8995,0.0014,0.0992
AAPL,av_4c511eda4e4300e0,Carlisle Companies Incorporated $CSL Position Trimmed by Entropy Technologies LP,"Entropy Technologies LP significantly reduced its stake in Carlisle Companies Incorporated (NYSE:CSL) by 92.2% in the first quarter, now holding 626 shares worth $209,000. Other institutional investors have also recently adjusted their positions in the company, which maintains a ""Moderate Buy"" consensus rating from analysts with an average target price of $401.17. Carlisle Companies reported strong quarterly earnings, beating analyst estimates, with revenue up 8.3% year-over-year.",2026-08-01 08:29:04,MarketBeat,https://www.marketbeat.com/instant-alerts/filing-carlisle-companies-incorporated-csl-position-trimmed-by-entropy-technologies-lp-2026-08-01/,alpha_vantage,2026-07-31 04:00:00,304.5473560391476,310.4222943774597,299.7415030462749,308.6438293457031,132489100,0.0,0.0,neutral,0.0268,0.1864,0.7868
AAPL,av_a4c993fb00148acb,California State Teachers Retirement System Trims Stake in Archer Daniels Midland Company $ADM,"The California State Teachers Retirement System has reduced its stake in Archer Daniels Midland Company (NYSE:ADM) by 2.4%, selling 13,556 shares. Despite this trim, institutional investors collectively own 78.28% of ADM, and the company recently beat quarterly earnings expectations. Analysts, however, maintain a cautious ""Reduce"" rating for ADM with an average target price of $75.67.",2026-08-01 08:36:58,MarketBeat,https://www.marketbeat.com/instant-alerts/filing-california-state-teachers-retirement-system-trims-stake-in-archer-daniels-midland-company-adm-2026-08-01/,alpha_vantage,2026-07-31 04:00:00,304.5473560391476,310.4222943774597,299.7415030462749,308.6438293457031,132489100,0.0,0.0,neutral,0.0035,0.0013,0.9952
AAPL,av_ef759a782e758bd4,"Edgestream Partners L.P. Has $4.59 Million Stock Holdings in NetApp, Inc. $NTAP","Edgestream Partners L.P. significantly increased its stake in NetApp, Inc. by 203.1% in the first quarter, now holding 44,831 shares valued at $4.59 million. NetApp reported strong revenue growth but missed earnings estimates, while analysts maintain a consensus ""Hold"" rating with an average price target of $169.33. Insider transactions show recent sales by company executives, though institutional ownership remains high at 92.17%.",2026-08-01 08:43:35,MarketBeat,https://www.marketbeat.com/instant-alerts/filing-edgestream-partners-lp-has-459-million-stock-holdings-in-netapp-inc-ntap-2026-08-01/,alpha_vantage,2026-07-31 04:00:00,304.5473560391476,310.4222943774597,299.7415030462749,308.6438293457031,132489100,0.0,0.0,neutral,0.001,0.009,0.9899
AAPL,av_36659a38fd97a4e9,"Edgestream Partners L.P. Buys 31,431 Shares of PACCAR Inc. $PCAR","Edgestream Partners L.P. significantly increased its stake in PACCAR Inc. (NASDAQ:PCAR) by 839.7% in the first quarter, now holding 35,174 shares valued at $4.1 million. The article details PACCAR's strong financial performance, including beating earnings and revenue expectations, and highlights mixed analyst sentiment with some upgrades to price targets alongside a general ""Hold"" consensus. It also covers other institutional investor activities and key news influencing PACCAR's stock.",2026-08-01 08:55:39,MarketBeat,https://www.marketbeat.com/instant-alerts/filing-edgestream-partners-lp-buys-31431-shares-of-paccar-inc-pcar-2026-08-01/,alpha_vantage,2026-07-31 04:00:00,304.5473560391476,310.4222943774597,299.7415030462749,308.6438293457031,132489100,0.0,0.0,bullish,0.0025,0.9889,0.0086
AAPL,av_8d869dacb7ac10ec,"ThredUp Inc. (NASDAQ:TDUP) Receives Consensus Rating of ""Moderate Buy"" from Brokerages","ThredUp Inc. (NASDAQ:TDUP) has received a consensus ""Moderate Buy"" rating from six brokerages, with an average 12-month price target of $9.14. Despite some analysts lowering their price targets, the company reported quarterly revenue matching expectations and a loss per share of $0.05. Company insiders have sold shares to cover tax obligations related to equity awards, while institutional investors and hedge funds hold a significant portion of the stock.",2026-08-01 09:31:49,MarketBeat,https://www.marketbeat.com/instant-alerts/thredup-inc-nasdaqtdup-receives-consensus-rating-of-moderate-buy-from-brokerages-2026-08-01/,alpha_vantage,2026-07-31 04:00:00,304.5473560391476,310.4222943774597,299.7415030462749,308.6438293457031,132489100,0.0,0.0,bullish,0.0042,0.9938,0.002
AAPL,av_15feaaa1b5657984,"Renaissance Technologies LLC Has $15.12 Million Position in LeMaitre Vascular, Inc. $LMAT","Renaissance Technologies LLC decreased its stake in LeMaitre Vascular, Inc. by 23.3% during the first quarter, now holding shares worth approximately $15.12 million. Despite this reduction, institutional investors collectively own 84.64% of the company, and analysts maintain a ""Moderate Buy"" consensus rating with an average price target of $112.60. The company recently surpassed earnings expectations, reporting an EPS of $0.68 against an anticipated $0.66, with revenue increasing 11.1% year-over-year to $66.55 million.",2026-08-01 09:39:40,MarketBeat,https://www.marketbeat.com/instant-alerts/filing-renaissance-technologies-llc-has-1512-million-position-in-lemaitre-vascular-inc-lmat-2026-08-01/,alpha_vantage,2026-07-31 04:00:00,304.5473560391476,310.4222943774597,299.7415030462749,308.6438293457031,132489100,0.0,0.0,neutral,0.0012,0.03,0.9689
AAPL,av_f1d73aaf79b104ca,"Renaissance Technologies LLC Has $16.09 Million Stock Holdings in Daktronics, Inc. $DAKT","Renaissance Technologies LLC significantly increased its stake in Daktronics, Inc. (NASDAQ:DAKT) by 13.1% in the first quarter, now holding 822,854 shares valued at $16.09 million. Other institutional investors also adjusted their positions in Daktronics, with overall institutional ownership at 61.69%. The company reported strong Q2 earnings, beating analyst expectations, but its stock performance has been mixed, and two company insiders recently sold shares.",2026-08-01 09:40:51,MarketBeat,https://www.marketbeat.com/instant-alerts/filing-renaissance-technologies-llc-has-1609-million-stock-holdings-in-daktronics-inc-dakt-2026-08-01/,alpha_vantage,2026-07-31 04:00:00,304.5473560391476,310.4222943774597,299.7415030462749,308.6438293457031,132489100,0.0,0.0,neutral,0.0008,0.0052,0.994
AAPL,av_87a46b528b8b10b5,"TD Cowen Adjusts Price Target on Apple to $400 From $350, Maintains Buy Rating","TD Cowen has raised its price target for Apple (AAPL) shares to $400, up from the previous $350, while reiterating a Buy rating on the stock. This adjustment reflects continued confidence in the company's performance and future outlook.",2026-08-01 09:41:31,Moomoo,https://www.moomoo.com/news/post/73892060/td-cowen-adjusts-price-target-on-apple-to-400-from,alpha_vantage,2026-07-31 04:00:00,304.5473560391476,310.4222943774597,299.7415030462749,308.6438293457031,132489100,0.0,0.0,bullish,0.0156,0.9758,0.0086
AAPL,av_8570fbf7c4ebb291,"VeriSign, Inc. $VRSN Shares Acquired by Healthcare of Ontario Pension Plan Trust Fund","Healthcare of Ontario Pension Plan Trust Fund significantly increased its stake in VeriSign, Inc. (NASDAQ:VRSN) by 202.7% in the first quarter, now holding 9,983 shares valued at approximately $2.48 million. The company reported strong Q1 earnings with EPS of $2.38, surpassing estimates, and a 6% year-over-year revenue increase to $434.6 million, alongside declaring an $0.81 quarterly dividend. Analysts maintain a positive outlook with a consensus ""Buy"" rating and an average price target of $328.75.",2026-08-01 10:08:58,MarketBeat,https://www.marketbeat.com/instant-alerts/filing-verisign-inc-vrsn-shares-acquired-by-healthcare-of-ontario-pension-plan-trust-fund-2026-08-01/,alpha_vantage,2026-07-31 04:00:00,304.5473560391476,310.4222943774597,299.7415030462749,308.6438293457031,132489100,0.0,0.0,neutral,0.0006,0.0015,0.998
AAPL,av_3f6db417ffd8b110,Renaissance Technologies LLC Trims Holdings in VICI Properties Inc. $VICI,"Renaissance Technologies LLC significantly reduced its stake in VICI Properties Inc. by 80.1% in the first quarter, selling over 2 million shares. Despite this, other hedge funds and institutional investors have either maintained or initiated new positions in VICI Properties, which remains largely institutionally owned. Analyst ratings are mixed, with a consensus ""Hold"" rating and an average price target of $31.54, as the company reported strong Q2 earnings, exceeding revenue estimates and raising its AFFO outlook for 2026.",2026-08-01 10:09:20,MarketBeat,https://www.marketbeat.com/instant-alerts/filing-renaissance-technologies-llc-trims-holdings-in-vici-properties-inc-vici-2026-08-01/,alpha_vantage,2026-07-31 04:00:00,304.5473560391476,310.4222943774597,299.7415030462749,308.6438293457031,132489100,0.0,0.0,bearish,0.9873,0.0012,0.0115
AAPL,av_198fa26b1a50abf2,"Healthcare of Ontario Pension Plan Trust Fund Trims Holdings in Century Communities, Inc. $CCS","The Healthcare of Ontario Pension Plan Trust Fund reduced its stake in Century Communities, Inc. (NYSE:CCS) by 68.6% in the first quarter, selling 76,263 shares and retaining 34,849 shares valued at approximately $2 million. Despite this reduction, institutional investors and hedge funds collectively own 99.54% of the company. Century Communities reported strong quarterly earnings, beating EPS estimates, and analysts currently hold a consensus ""Hold"" rating with a $67 price target.",2026-08-01 10:10:41,MarketBeat,https://www.marketbeat.com/instant-alerts/filing-healthcare-of-ontario-pension-plan-trust-fund-trims-holdings-in-century-communities-inc-ccs-2026-08-01/,alpha_vantage,2026-07-31 04:00:00,304.5473560391476,310.4222943774597,299.7415030462749,308.6438293457031,132489100,0.0,0.0,bearish,0.6475,0.0023,0.3502
AAPL,av_09a6db7e30400bd3,"Kentucky Retirement Systems Takes $1.21 Million Position in Host Hotels & Resorts, Inc. $HST","Kentucky Retirement Systems has acquired a new stake in Host Hotels & Resorts, purchasing 62,440 shares valued at approximately $1.21 million during the first quarter. Institutional investors now own 98.52% of the company, which recently exceeded earnings and revenue expectations with $0.67 EPS and $1.65 billion in revenue. The REIT also announced a quarterly dividend of $0.20, representing a 3.2% annualized yield.",2026-08-01 10:37:56,MarketBeat,https://www.marketbeat.com/instant-alerts/filing-kentucky-retirement-systems-takes-121-million-position-in-host-hotels-resorts-inc-hst-2026-08-01/,alpha_vantage,2026-07-31 04:00:00,304.5473560391476,310.4222943774597,299.7415030462749,308.6438293457031,132489100,0.0,0.0,neutral,0.0005,0.0017,0.9978
AAPL,av_99076e8769468585,"EPS Dividend: 1.14% Yield, $0.90/Share — History & Dates","This article provides a detailed overview of the WisdomTree U.S. LargeCap Fund (EPS) dividend, highlighting its current yield of 1.14% ($0.90 per share annually) and a payout ratio of 0.3. It tracks the fund's dividend payment history since 2007, showcasing a 5-year dividend growth rate of 10.83% and a 10-year growth rate of 10.1%. The article also includes historical data on ex-dividend dates and dividend amounts.",2026-08-01 10:41:11,GuruFocus,https://www.gurufocus.com/etf/EPS/dividend,alpha_vantage,2026-07-31 04:00:00,304.5473560391476,310.4222943774597,299.7415030462749,308.6438293457031,132489100,0.0,0.0,neutral,0.0007,0.0016,0.9977
AAPL,av_062bd925ed460c73,Quantinno Capital Management LP Increases Position in Etsy Inc $ETSY,"Quantinno Capital Management LP increased its stake in Etsy Inc (NYSE:ETSY) by 4.9% in the first quarter, bringing its total holdings to 533,497 shares valued at $26.7 million. While institutional investors own a significant portion of Etsy, key insiders like Director Frederick Wilson and CEO Josh Silverman have recently sold substantial shares under Rule 10b5-1 plans. The stock is currently trading near its 12-month high, but its average analyst rating remains ""Hold"" with a target price of $75.36.",2026-08-01 10:41:16,MarketBeat,https://www.marketbeat.com/instant-alerts/filing-quantinno-capital-management-lp-increases-position-in-etsy-inc-etsy-2026-08-01/,alpha_vantage,2026-07-31 04:00:00,304.5473560391476,310.4222943774597,299.7415030462749,308.6438293457031,132489100,0.0,0.0,bullish,0.0022,0.9239,0.0738
AAPL,av_e947c08fba0875f2,"Summitry LLC Buys 6,862 Shares of The Walt Disney Company $DIS","Summitry LLC significantly increased its stake in The Walt Disney Company, purchasing an additional 6,862 shares in the first quarter, bringing its total to 10,918 shares valued at $1.05 million. This move is part of a broader trend of institutional investment in Disney, with major holders like Vanguard and State Street also boosting their positions. Investors are now keenly awaiting Disney's fiscal third-quarter earnings report on August 5, focusing on streaming profitability, parks performance, and content results amidst mixed analyst sentiment.",2026-08-01 11:07:35,MarketBeat,https://www.marketbeat.com/instant-alerts/filing-summitry-llc-buys-6862-shares-of-the-walt-disney-company-dis-2026-08-01/,alpha_vantage,2026-07-31 04:00:00,304.5473560391476,310.4222943774597,299.7415030462749,308.6438293457031,132489100,0.0,0.0,bullish,0.0036,0.6384,0.3579
AAPL,av_0b9cbaa261dc6193,"8,432 Shares in The Walt Disney Company $DIS Bought by WNY Asset Management LLC","WNY Asset Management LLC recently acquired 8,432 shares of The Walt Disney Company, valued at approximately $813,000, contributing to the 65.71% institutional ownership of the company. Despite some recent price target adjustments, analysts largely maintain a ""Moderate Buy"" rating for Disney with an average price target of $128.38. The company's latest quarterly results surpassed expectations, reporting an EPS of $1.57 and revenue of $25.17 billion, marking a 6.5% year-over-year increase.",2026-08-01 11:07:35,MarketBeat,https://www.marketbeat.com/instant-alerts/filing-8432-shares-in-the-walt-disney-company-dis-bought-by-wny-asset-management-llc-2026-08-01/,alpha_vantage,2026-07-31 04:00:00,304.5473560391476,310.4222943774597,299.7415030462749,308.6438293457031,132489100,0.0,0.0,neutral,0.0071,0.2023,0.7906
AAPL,av_c8b97e026607d53a,"Kentucky Retirement Systems Acquires Shares of 18,787 BorgWarner Inc. $BWA","Kentucky Retirement Systems acquired 18,787 shares of BorgWarner Inc. (BWA) worth approximately $1.05 million in the first quarter, joining other institutional investors who collectively own 95.67% of the company. Despite recent insider selling, analysts maintain a ""Moderate Buy"" consensus for BWA with an average price target of $74.57. BorgWarner exceeded quarterly earnings expectations and reaffirmed its fiscal 2026 EPS guidance, also declaring a $0.17 quarterly dividend.",2026-08-01 11:09:22,MarketBeat,https://www.marketbeat.com/instant-alerts/filing-kentucky-retirement-systems-acquires-shares-of-18787-borgwarner-inc-bwa-2026-08-01/,alpha_vantage,2026-07-31 04:00:00,304.5473560391476,310.4222943774597,299.7415030462749,308.6438293457031,132489100,0.0,0.0,neutral,0.0005,0.0019,0.9976
AAPL,av_53eafc6e0d85e13c,"Quantinno Capital Management LP Acquires 52,901 Shares of Eni SpA $E","Quantinno Capital Management LP significantly increased its stake in Eni SpA, acquiring an additional 52,901 shares, bringing its total holdings to 453,940 shares valued at approximately $25.7 million. This move occurred in the first quarter, with other institutional investors also adjusting their positions in the oil and gas company. Eni recently reported stronger-than-expected EPS of $1.76 but missed revenue estimates, while analysts maintain a ""Moderate Buy"" consensus rating for the stock.",2026-08-01 11:11:18,MarketBeat,https://www.marketbeat.com/instant-alerts/filing-quantinno-capital-management-lp-acquires-52901-shares-of-eni-spa-e-2026-08-01/,alpha_vantage,2026-07-31 04:00:00,304.5473560391476,310.4222943774597,299.7415030462749,308.6438293457031,132489100,0.0,0.0,neutral,0.0006,0.0014,0.998
AAPL,av_0884b1eb8232d95d,Segall Bryant & Hamill LLC Has $23.36 Million Stake in Synaptics Incorporated $SYNA,"Segall Bryant & Hamill LLC significantly increased its stake in Synaptics Incorporated, now holding 333,602 shares valued at $23.36 million. This comes as Synaptics exceeded Q1 earnings expectations, though analyst sentiment has shifted to a consensus ""Hold"" rating. Insider sales have also been noted, while institutional investors collectively own 99.43% of the company.",2026-08-01 11:39:05,MarketBeat,https://www.marketbeat.com/instant-alerts/filing-segall-bryant-hamill-llc-has-2336-million-stake-in-synaptics-incorporated-syna-2026-08-01/,alpha_vantage,2026-07-31 04:00:00,304.5473560391476,310.4222943774597,299.7415030462749,308.6438293457031,132489100,0.0,0.0,neutral,0.0007,0.0022,0.9971
AAPL,av_8228f050d2426011,"Lazard Asset Management LLC Buys Shares of 117,365 Photronics, Inc. $PLAB","Lazard Asset Management LLC has acquired 117,365 shares of Photronics, Inc. (NASDAQ:PLAB) valued at approximately $4.74 million, representing a 0.20% stake in the company. This comes as Photronics faces recent challenges, including missing quarterly earnings expectations, a slight year-over-year revenue decline, and ongoing shareholder litigation regarding alleged overstatement of customer demand. Despite these issues, the stock maintains a consensus ""Buy"" rating from analysts with an average price target of $49.33.",2026-08-01 11:39:10,MarketBeat,https://www.marketbeat.com/instant-alerts/filing-lazard-asset-management-llc-buys-shares-of-117365-photronics-inc-plab-2026-08-01/,alpha_vantage,2026-07-31 04:00:00,304.5473560391476,310.4222943774597,299.7415030462749,308.6438293457031,132489100,0.0,0.0,bullish,0.0032,0.8818,0.115
AAPL,av_bca650c0ab4ea92f,Eagle Materials Inc $EXP Shares Purchased by Segall Bryant & Hamill LLC,"Segall Bryant & Hamill LLC significantly increased its stake in Eagle Materials Inc (EXP) by 32.4% in the first quarter, now holding 236,441 shares valued at approximately $44.8 million. Institutional investors collectively own 96.07% of the stock. Despite this, analyst sentiment remains cautious with a consensus ""Hold"" rating and an average price target of $223.44, following mixed Q1 results where EPS missed estimates but revenue exceeded expectations.",2026-08-01 11:39:50,MarketBeat,https://www.marketbeat.com/instant-alerts/filing-eagle-materials-inc-exp-shares-purchased-by-segall-bryant-hamill-llc-2026-08-01/,alpha_vantage,2026-07-31 04:00:00,304.5473560391476,310.4222943774597,299.7415030462749,308.6438293457031,132489100,0.0,0.0,neutral,0.0008,0.0024,0.9968
AAPL,av_01c18eb8de1a2645,GENERAL AMERICAN INVESTORS CO INC's Apple Inc(AAPL) Holding History,"This article details GENERAL AMERICAN INVESTORS CO INC's historical holdings in Apple Inc (AAPL) as of June 30, 2026. It reports that the firm holds 265,705 shares valued at $76.88 million, representing 4.55% of its portfolio. The investment has yielded an estimated gain of $114.04 million, or 261.36%, since the initial trade in Q2 2013, with an average purchase price of $21.45 and average sale price of $42.75.",2026-08-01 11:39:54,GuruFocus,https://www.gurufocus.com/guru-portfolio/GENERAL%20AMERICAN%20INVESTORS%20CO%20INC/AAPL,alpha_vantage,2026-07-31 04:00:00,304.5473560391476,310.4222943774597,299.7415030462749,308.6438293457031,132489100,0.0,0.0,neutral,0.0007,0.0008,0.9985
AAPL,av_40806a6f83499b4d,"Healthcare of Ontario Pension Plan Trust Fund Purchases New Shares in LegalZoom.com, Inc. $LZ","The Healthcare of Ontario Pension Plan Trust Fund has acquired 339,212 new shares in LegalZoom.com, Inc. (NASDAQ:LZ), valued at approximately $1.92 million, increasing its stake to 0.20% of the company. Institutional investors now collectively own 81.99% of LegalZoom. The article also details mixed insider activity, with CEO Jeffrey Stibel buying shares and another insider selling shares to cover tax obligations, alongside recent analyst ratings and the company's latest financial performance.",2026-08-01 11:40:23,MarketBeat,https://www.marketbeat.com/instant-alerts/filing-healthcare-of-ontario-pension-plan-trust-fund-purchases-new-shares-in-legalzoomcom-inc-lz-2026-08-01/,alpha_vantage,2026-07-31 04:00:00,304.5473560391476,310.4222943774597,299.7415030462749,308.6438293457031,132489100,0.0,0.0,neutral,0.003,0.3579,0.6391
AAPL,av_5280c547e4a4e1a6,"Smart Investor: SpaceX in the Spotlight, Outperforming REITs, and a Vague Fed","This article provides a weekly market wrap-up, focusing on significant movements in big tech stocks, the upcoming SpaceX earnings report, and unexpected outperformance of real estate stocks. It also touches on insights into private credit, the outlook for Bitcoin, and the Federal Reserve's recent actions, offering investors a comprehensive overview of the week's financial landscape.",2026-08-01 12:09:16,Morningstar,https://www.morningstar.com/markets/smart-investor-spacex-spotlight-outperforming-reits-vague-fed,alpha_vantage,2026-07-31 04:00:00,304.5473560391476,310.4222943774597,299.7415030462749,308.6438293457031,132489100,0.0,0.0,neutral,0.0008,0.0007,0.9985
AAPL,av_237abeed6359c69e,"Analysts’ Opinions Are Mixed on These Technology Stocks: Astera Labs, Inc. (ALAB), Monolithic Power (MPWR) and Apple (AAPL)","This article summarizes recent analyst ratings for three technology stocks: Astera Labs, Inc. (ALAB), Monolithic Power (MPWR), and Apple (AAPL). Astera Labs and Monolithic Power received predominantly Buy ratings with significant upside potential, while Apple received Hold ratings with minimal projected upside. The analysis includes price targets and analyst success rates from TipRanks.",2026-08-01 12:10:37,The Globe and Mail,https://www.theglobeandmail.com/investing/markets/stocks/AAPL/pressreleases/3593301/analysts-opinions-are-mixed-on-these-technology-stocks-astera-labs-inc-alab-monolithic-power-mpwr-and-apple-aapl/,alpha_vantage,2026-07-31 04:00:00,304.5473560391476,310.4222943774597,299.7415030462749,308.6438293457031,132489100,0.0,0.0,neutral,0.002,0.0009,0.9971
AAPL,av_659f4eb58917b05e,"Healthcare of Ontario Pension Plan Trust Fund Acquires 34,551 Shares of A10 Networks, Inc. $ATEN","Healthcare of Ontario Pension Plan Trust Fund increased its stake in A10 Networks (NYSE:ATEN) by 53.7% in the first quarter, purchasing 34,551 shares to hold a total of 98,907 shares valued at $2.29 million. Institutional investors now own approximately 98.61% of A10 Networks, with several other funds also adjusting their positions. Despite the company exceeding Q1 earnings and revenue estimates and receiving some analyst price target increases, the consensus rating for ATEN remains ""Hold,"" notably after a company director sold a significant number of shares.",2026-08-01 12:11:14,MarketBeat,https://www.marketbeat.com/instant-alerts/filing-healthcare-of-ontario-pension-plan-trust-fund-acquires-34551-shares-of-a10-networks-inc-aten-2026-08-01/,alpha_vantage,2026-07-31 04:00:00,304.5473560391476,310.4222943774597,299.7415030462749,308.6438293457031,132489100,0.0,0.0,neutral,0.0005,0.0012,0.9983
AAPL,av_65e8136bcceb93d0,California State Teachers Retirement System Decreases Stock Holdings in Humana Inc. $HUM,"The California State Teachers Retirement System has reduced its stake in Humana Inc. by 2.5%, selling 4,480 shares but still retaining a significant holding valued at approximately $29.7 million. This move comes as Humana exceeded Q2 earnings and revenue expectations, yet maintained its full-year guidance and announced further Medicare Advantage market exits for 2027, leading to mixed analyst sentiment. While some institutional investors increased their holdings, others, like CalSTRS, slightly trimmed their positions amidst a complex outlook for the insurance provider.",2026-08-01 12:37:52,MarketBeat,https://www.marketbeat.com/instant-alerts/filing-california-state-teachers-retirement-system-decreases-stock-holdings-in-humana-inc-hum-2026-08-01/,alpha_vantage,2026-07-31 04:00:00,304.5473560391476,310.4222943774597,299.7415030462749,308.6438293457031,132489100,0.0,0.0,bearish,0.9675,0.0025,0.03
AAPL,av_70fb845b41916081,Carlson Capital L.P. Makes New Investment in Truist Financial Corporation $TFC,"Carlson Capital L.P. has acquired a new stake in Truist Financial Corporation (NYSE:TFC), purchasing 44,600 shares valued at approximately $2.05 million, making it their 18th largest holding. While institutional ownership is high at 71.28%, analyst sentiment is mixed with a ""Hold"" rating, and recent insider activity shows sales by the CEO and a director. Truist Financial reported strong quarterly earnings, beating estimates with $1.23 EPS and a 5.6% year-over-year revenue increase, and declared a quarterly dividend of $0.52 per share.",2026-08-01 12:39:03,MarketBeat,https://www.marketbeat.com/instant-alerts/filing-carlson-capital-lp-makes-new-investment-in-truist-financial-corporation-tfc-2026-08-01/,alpha_vantage,2026-07-31 04:00:00,304.5473560391476,310.4222943774597,299.7415030462749,308.6438293457031,132489100,0.0,0.0,neutral,0.0007,0.0168,0.9825
AAPL,av_94e126d7205323b5,"Analysts Offer Insights on Technology Companies: Apple (AAPL), GoDaddy (GDDY) and CCC Intelligent Solutions Holdings (CCC)","Analysts from Oppenheimer, Jefferies, Truist Financial, and William Blair have provided updated ratings and price targets for Apple (AAPL), GoDaddy (GDDY), and CCC Intelligent Solutions Holdings (CCC). Apple received a Moderate Buy consensus with a slight upside, GoDaddy a Moderate Buy with a 6.0% upside, and CCC Intelligent Solutions Holdings a Moderate Buy with a significant 65.4% upside. The reports highlight individual analyst performance metrics and company share closures from the previous Thursday.",2026-08-01 13:10:31,The Globe and Mail,https://www.theglobeandmail.com/investing/markets/stocks/AAPL/pressreleases/3593939/analysts-offer-insights-on-technology-companies-apple-aapl-godaddy-gddy-and-ccc-intelligent-solutions-holdings-ccc/,alpha_vantage,2026-07-31 04:00:00,304.5473560391476,310.4222943774597,299.7415030462749,308.6438293457031,132489100,0.0,0.0,neutral,0.0005,0.001,0.9985
AAPL,av_a38108d2e53ff7ce,"Analysts Offer Insights on Financial Companies: Coinbase Global (COIN) and Hercules Capital, Inc. (HTGC)","This article summarizes recent analyst ratings for Coinbase Global (COIN) and Hercules Capital, Inc. (HTGC). B. Riley Securities maintained a Hold rating for Coinbase with a $203 price target, while Ladenburg Thalmann & Co. maintained a Buy rating for Hercules Capital with a $20 price target. The article notes the analyst consensus for both companies, highlighting price targets and potential upside.",2026-08-01 14:10:20,The Globe and Mail,https://www.theglobeandmail.com/investing/markets/stocks/HTGC-N/pressreleases/3594363/analysts-offer-insights-on-financial-companies-coinbase-global-coin-and-hercules-capital-inc-htgc/,alpha_vantage,2026-07-31 04:00:00,304.5473560391476,310.4222943774597,299.7415030462749,308.6438293457031,132489100,0.0,0.0,neutral,0.0005,0.0008,0.9987
AAPL,av_42438a7002e23832,NB Bancorp (NASDAQ:NBBK) Upgraded to Buy at Wall Street Zen,"NB Bancorp (NASDAQ:NBBK) has been upgraded to a ""Buy"" rating by Wall Street Zen and other analysts, reflecting positive sentiment. The company reported strong quarterly earnings, surpassing analyst expectations, and has seen supportive insider and institutional investment activity. NB Bancorp's stock opened at $23.01, close to its 52-week high, with a consensus price target of $25.50.",2026-08-01 14:40:30,MarketBeat,https://www.marketbeat.com/instant-alerts/nb-bancorp-nasdaqnbbk-upgraded-to-buy-at-wall-street-zen-2026-08-01/,alpha_vantage,2026-07-31 04:00:00,304.5473560391476,310.4222943774597,299.7415030462749,308.6438293457031,132489100,0.0,0.0,bullish,0.0055,0.9931,0.0014
AAPL,av_6b32f0c23d682c5a,Marvell Technology Inc Stock (MRVL) Moved Up by 4.03% on Jul 31: What Signal Does It Send?,"Marvell Technology Inc (MRVL) saw a 4.03% stock price increase on July 31, driven by investor confidence in the semiconductor sector, particularly due to increased capital expenditure on AI infrastructure. The company benefits from its role as a key supplier for custom ASICs and high-speed optical interconnects, crucial for data centers and generative AI models. However, technical indicators suggest a sell signal despite positive analyst outlooks, and the company faces risks from geopolitical trade restrictions, supply chain dynamics, and equity dilution.",2026-08-01 15:09:07,TradingKey,https://www.tradingkey.com/news/market-movers/262067938-market-movers-mrvl-20260731,alpha_vantage,2026-07-31 04:00:00,304.5473560391476,310.4222943774597,299.7415030462749,308.6438293457031,132489100,0.0,0.0,bullish,0.0029,0.9934,0.0037
AAPL,av_70b1650b68823216,Orchid Island Capital (NYSE:ORC) Share Price Passes Below Two Hundred Day Moving Average - Should You Sell?,"Orchid Island Capital (NYSE:ORC) shares recently traded below their 200-day moving average, reaching $6.42 compared to the $7.14 average. The company missed quarterly earnings and revenue estimates, reporting $0.26 EPS versus $0.28 expected and $59.97 million revenue against $74.26 million. Despite analyst caution with a ""Reduce"" rating, Orchid Island declared a monthly dividend of $0.10, yielding 18.5%, and authorized a buyback of up to 12.5% of outstanding shares.",2026-08-01 15:09:46,MarketBeat,https://www.marketbeat.com/instant-alerts/orchid-island-capital-nyseorc-share-price-passes-below-two-hundred-day-moving-average-should-you-sell-2026-08-01/,alpha_vantage,2026-07-31 04:00:00,304.5473560391476,310.4222943774597,299.7415030462749,308.6438293457031,132489100,0.0,0.0,bearish,0.975,0.0016,0.0234
AAPL,av_867bc6553bf18fab,"Berkshire Hathaway shares hit 8-month highs, boosted by strong gains in Apple, Coca-Cola, and Bank of America.","Berkshire Hathaway's shares have reached an eight-month high, with Class B shares closing at $512.37 and Class A shares at $768,010. This rally is primarily driven by the strong performance of its key portfolio holdings, including Apple, Coca-Cola, and Bank of America. Analysts anticipate further growth, and upcoming Q2 earnings and share buyback details on August 8 are expected to provide additional insights into the company's momentum.",2026-08-01 15:39:56,Pluang,https://pluang.com/en/news-feed/saham-berkshire-hathaway-raih-level-tertinggi-delapan-bulan,alpha_vantage,2026-07-31 04:00:00,304.5473560391476,310.4222943774597,299.7415030462749,308.6438293457031,132489100,0.0,0.0,bullish,0.0038,0.9946,0.0016
AAPL,av_01e1ee22ea5e7200,Resources Connection (NASDAQ:RGP) Stock Rating Lowered by Wall Street Zen,"Wall Street Zen has downgraded Resources Connection (NASDAQ:RGP) stock from ""hold"" to ""sell,"" despite the company beating earnings estimates in its last quarterly report. The stock's current average rating from analysts is ""Hold"" with a target price of $7.00. Resources Connection's shares opened at $4.37, and the company reported a narrower-than-expected loss but slightly missed revenue estimates.",2026-08-01 16:40:33,MarketBeat,https://www.marketbeat.com/instant-alerts/resources-connection-nasdaqrgp-stock-rating-lowered-by-wall-street-zen-2026-08-01/,alpha_vantage,2026-07-31 04:00:00,304.5473560391476,310.4222943774597,299.7415030462749,308.6438293457031,132489100,0.0,0.0,bearish,0.9965,0.0012,0.0022
AAPL,av_aa8b116131e3e8df,"Arrowstreet Capital Limited Partnership Purchases 945,823 Shares of Savers Value Village, Inc. $SVV","Arrowstreet Capital Limited Partnership significantly increased its stake in Savers Value Village, Inc. (NYSE:SVV) by purchasing an additional 945,823 shares, bringing their total to 1.75 million shares. The company reported a revenue increase of 8.9% year-over-year and met analyst EPS estimates, maintaining a ""Moderate Buy"" consensus despite recent insider share sales by CEO Mark Walsh. Institutional investors collectively own a substantial 98.78% of SVV's stock.",2026-08-01 17:40:38,MarketBeat,https://www.marketbeat.com/instant-alerts/filing-arrowstreet-capital-limited-partnership-purchases-945823-shares-of-savers-value-village-inc-svv-2026-08-01/,alpha_vantage,2026-07-31 04:00:00,304.5473560391476,310.4222943774597,299.7415030462749,308.6438293457031,132489100,0.0,0.0,neutral,0.0007,0.0073,0.992
AAPL,av_2d1dae785d8f698a,"Summitry LLC Has $39.92 Million Stock Position in Ross Stores, Inc. $ROST","Summitry LLC significantly reduced its stake in Ross Stores (ROST) by 57.5% in the first quarter, selling over 249,000 shares but still retaining 184,299 shares valued at approximately $39.9 million. Despite this, other institutional investors like Norges Bank and Marshall Wace LLP increased their holdings. Ross Stores reported strong first-quarter earnings and revenue, exceeding analyst estimates, and has a ""Moderate Buy"" consensus rating from analysts with an average price target of $233.18.",2026-08-01 18:38:38,MarketBeat,https://www.marketbeat.com/instant-alerts/filing-summitry-llc-has-3992-million-stock-position-in-ross-stores-inc-rost-2026-08-01/,alpha_vantage,2026-07-31 04:00:00,304.5473560391476,310.4222943774597,299.7415030462749,308.6438293457031,132489100,0.0,0.0,neutral,0.0043,0.4475,0.5482
AAPL,av_5fc0c54a422a9a04,"Amkor Technology CEO Kevin Engel sells $151,387 in company stock","Amkor Technology CEO Kevin Engel sold 3,221 shares of the company's common stock for $151,387 on July 30, 2026. This transaction occurred despite the stock's significant return over the past year, though it has recently declined and is considered overvalued by InvestingPro analysis. Engel still directly owns 9,666 shares after the sale, which follows the company's strong Q2 2026 earnings beat.",2026-08-01 19:17:14,Investing.com,https://www.investing.com/news/insider-trading-news/amkor-technology-ceo-kevin-engel-sells-151387-in-company-stock-93CH-4829281,alpha_vantage,2026-07-31 04:00:00,304.5473560391476,310.4222943774597,299.7415030462749,308.6438293457031,132489100,0.0,0.0,neutral,0.0412,0.0022,0.9566
AAPL,av_1bb6aee0ce912c65,"ABFL Dividend: 0.55% Yield, $0.45/Share — History & Dates","This article provides a comprehensive overview of the Abacus FCF Leaders ETF (ABFL) dividend, detailing its 0.55% yield and $0.45 annual payout per share. It includes the ETF's complete dividend history, ex-dividend dates, payout ratio trends, and dividend yield charts, highlighting its 10-year track record of dividend payments and growth rates. Investors can find detailed historical data and answers to frequently asked questions regarding ABFL's dividend performance.",2026-08-01 19:39:45,GuruFocus,https://www.gurufocus.com/etf/ABFL/dividend,alpha_vantage,2026-07-31 04:00:00,304.5473560391476,310.4222943774597,299.7415030462749,308.6438293457031,132489100,0.0,0.0,neutral,0.0008,0.0014,0.9978
AAPL,av_c85dcdae302280aa,Binah Capital Group Inc (BCG) Earnings Forecast: Future EPS & Revenue Growth Estimates,"This article provides an earnings forecast for Binah Capital Group Inc (BCG), focusing on future EPS and revenue growth estimates. It includes a snapshot of the company's stock performance, market capitalization, and P/E ratio, along with various financial analysis dimensions offered by TradingKey. The page also lists peer comparisons and provides a framework for financial forecasting related to EPS, Revenue, Net Profit, and EBIT.",2026-08-01 21:11:46,TradingKey,https://www.tradingkey.com/markets/stocks/bcg/earnings,alpha_vantage,2026-07-31 04:00:00,304.5473560391476,310.4222943774597,299.7415030462749,308.6438293457031,132489100,0.0,0.0,bullish,0.006,0.7291,0.2649
AAPL,av_085b534e6508797d,"USCA Dividend: 1.07% Yield, $0.50/Share — History & Dates","The Xtrackers MSCI USA Climate Action Equity ETF (USCA) currently offers a 1.06% dividend yield, distributing $0.50 per share annually. The ETF has been paying dividends since 2023, with a 5-year dividend growth rate of 11.31%. This article provides a detailed dividend history, including ex-dividend dates and payout ratio trends for USCA.",2026-08-01 22:09:59,GuruFocus,https://www.gurufocus.com/etf/USCA/dividend,alpha_vantage,2026-07-31 04:00:00,304.5473560391476,310.4222943774597,299.7415030462749,308.6438293457031,132489100,0.0,0.0,neutral,0.0007,0.0014,0.9979
AAPL,av_2da576f51a38ee0f,"XYLD Dividend: 10.33% Yield, $4.33/Share — History & Dates","This article details the dividend history and yield of the Global X S&P 500 Covered Call ETF (XYLD). It reports a current dividend yield of 10.33% ($4.33 per share annually) and a payout ratio of 0.31. The ETF has been consistently paying dividends since 2013, with a 5-year dividend growth rate of 11.5%.",2026-08-01 22:42:18,GuruFocus,https://www.gurufocus.com/etf/XYLD/dividend,alpha_vantage,2026-07-31 04:00:00,304.5473560391476,310.4222943774597,299.7415030462749,308.6438293457031,132489100,0.0,0.0,neutral,0.0007,0.0015,0.9978
AAPL,av_a4075aaa09fc084d,"QDF ETF Profile: Dividends, Returns (AMEX:QDF)","This article provides a detailed profile of the FlexShares Quality Dividend Index Fund (QDF), an ETF that targets high yield from ""quality"" dividend payers. It covers key statistics like AUM, dividend yield, and expense ratio, along with its investment strategy, holdings, regional breakdown, and recent performance metrics. The ETF, issued by Northern Trust Corp., focuses on U.S. equities with significant exposure to Electronic Technology and Finance sectors.",2026-08-02 04:04:08,TradingView,https://www.tradingview.com/symbols/AMEX-QDF/profile/,alpha_vantage,2026-07-31 04:00:00,304.5473560391476,310.4222943774597,299.7415030462749,308.6438293457031,132489100,0.0,0.0,neutral,0.0005,0.0007,0.9989
AAPL,av_a12c7c0d6fe7dedd,"QARP ETF Profile: Dividends, Returns (BOATS:QARP)","The article provides a detailed profile of the QARP ETF (Xtrackers Russell 1000 US Quality at a Reasonable Price ETF), including its key statistics, issuer details, and investment strategy. It highlights QARP's focus on large-cap US companies based on quality and value metrics, its dividend history, and top holdings like Apple Inc. and Microsoft Corporation.",2026-08-02 04:11:08,TradingView,https://www.tradingview.com/symbols/BOATS-QARP/profile/,alpha_vantage,2026-07-31 04:00:00,304.5473560391476,310.4222943774597,299.7415030462749,308.6438293457031,132489100,0.0,0.0,neutral,0.0005,0.0006,0.9988
AAPL,av_cf4ebe280b8bf1c7,Earnings To Watch: Kosmos Energy (KOS) Reports Q2 Results Tomorrow,"Kosmos Energy (NYSE:KOS), an oil and gas producer, is scheduled to announce its Q2 earnings results soon. The company missed revenue expectations last quarter, and analysts are anticipating a 20.5% year-on-year revenue growth for the upcoming report. Sentiment in the upstream & integrated segment is positive, with Kosmos Energy's share price up 32.3% over the last month, against an average analyst price target of $3.07.",2026-08-02 04:40:52,Yahoo Finance UK,https://uk.finance.yahoo.com/news/earnings-watch-kosmos-energy-kos-050057442.html,alpha_vantage,2026-07-31 04:00:00,304.5473560391476,310.4222943774597,299.7415030462749,308.6438293457031,132489100,0.0,0.0,neutral,0.0004,0.0007,0.9989
AAPL,av_8ba86f76448b4b01,"Axe Compute Inc (Derivatives) price today, AGPU to USD live price, marketcap and chart","This article provides live price information for Axe Compute Inc (Derivatives) (AGPU) against USD, showing its current price of $8.07, a 0% change over 24 hours, and a market cap of $0. The cryptocurrency's all-time high was $8.08 (2 hours ago) and its all-time low was $8.07 (5 hours ago). The piece also lists various real-world asset token prices and other cryptocurrency rankings.",2026-08-02 05:41:28,CoinMarketCap,https://coinmarketcap.com/currencies/axe-compute-inc-derivaties/,alpha_vantage,2026-07-31 04:00:00,304.5473560391476,310.4222943774597,299.7415030462749,308.6438293457031,132489100,0.0,0.0,neutral,0.0011,0.0072,0.9916
AAPL,av_b6f066a13e4d7e4c,Viking Holdings Ltd. $VIK Shares Sold by Evolutionary Tree Capital Management LLC,"Evolutionary Tree Capital Management LLC reduced its stake in Viking Holdings Ltd. (NYSE:VIK) by 26.3% in the first quarter of 2026, selling 9,645 shares and retaining 27,018 shares valued at approximately $1.99 million. Despite this sale, analysts maintain a ""Moderate Buy"" consensus rating for Viking, with an average price target of $104.06. The company recently reported strong first-quarter revenues of $1.05 billion, exceeding estimates, though it matched EPS expectations with a loss of $0.11.",2026-08-02 06:41:40,MarketBeat,https://www.marketbeat.com/instant-alerts/filing-viking-holdings-ltd-vik-shares-sold-by-evolutionary-tree-capital-management-llc-2026-08-01/,alpha_vantage,2026-07-31 04:00:00,304.5473560391476,310.4222943774597,299.7415030462749,308.6438293457031,132489100,0.0,0.0,bearish,0.5143,0.0028,0.4829
AAPL,av_966a985d1e38887c,"VICI Properties Inc. (NYSE:VICI) Given Consensus Recommendation of ""Hold"" by Brokerages","VICI Properties Inc. (NYSE:VICI) has received a consensus ""Hold"" recommendation from brokerages, with seven out of thirteen analysts rating it a hold and six recommending a buy. The average 12-month price target is approximately $31.54, compared to its recent share price of $26.39. Institutional investors hold a substantial 97.71% ownership, and the REIT offers a 6.8% annualized dividend yield while pursuing growth through lease escalators and acquisitions.",2026-08-02 06:50:25,MarketBeat,https://www.marketbeat.com/instant-alerts/vici-properties-inc-nysevici-given-consensus-recommendation-of-hold-by-brokerages-2026-08-02/,alpha_vantage,2026-07-31 04:00:00,304.5473560391476,310.4222943774597,299.7415030462749,308.6438293457031,132489100,0.0,0.0,neutral,0.0007,0.0024,0.9969
AAPL,av_21370e71a0ccdfa7,"FIWD ETF Profile: Dividends, Returns (HAM:FIWD)","This article provides a profile of the Fidelity MSCI Information Technology Index ETF (FIWD), detailing its investment strategy, key statistics, holdings, and dividend information. FIWD offers exposure to US technology firms across various market caps by tracking the MSCI USA IMI Information Technology 25/50 Index, with a low expense ratio of 0.08%. The fund primarily invests in Electronic Technology and Technology Services and has paid increasing quarterly dividends.",2026-08-02 07:09:58,TradingView,https://www.tradingview.com/symbols/HAM-FIWD/profile/,alpha_vantage,2026-07-31 04:00:00,304.5473560391476,310.4222943774597,299.7415030462749,308.6438293457031,132489100,0.0,0.0,neutral,0.0005,0.0007,0.9988
AAPL,av_d41bcb5095243eaa,Apple Inc. $AAPL Shares Acquired by Enterprise Financial Services Corp,"Enterprise Financial Services Corp increased its stake in Apple Inc. by 4.3% in the first quarter, bringing its total holdings to 48,189 shares valued at $12.23 million. This acquisition makes Apple its second-largest holding, comprising approximately 6.2% of its investment portfolio. Apple recently reported strong quarterly earnings with revenue up 16.4% year-over-year and an EPS of $2.02, while analysts maintain a ""Moderate Buy"" rating with an average price target of $331.60.",2026-08-02 07:11:48,MarketBeat,https://www.marketbeat.com/instant-alerts/filing-apple-inc-aapl-shares-acquired-by-enterprise-financial-services-corp-2026-08-02/,alpha_vantage,2026-07-31 04:00:00,304.5473560391476,310.4222943774597,299.7415030462749,308.6438293457031,132489100,0.0,0.0,neutral,0.0011,0.0076,0.9912
AAPL,av_dae259719305fd14,"QGRW Dividend: 0.07% Yield, $0.05/Share — History & Dates","This article provides a detailed overview of the WisdomTree U.S. Quality Growth Fund (QGRW) dividend. It highlights the fund's 0.07% dividend yield, its annual payout of $0.05 per share, and its dividend history dating back to 2023. The article also includes information on its payout ratio, dividend growth rates, and frequently asked questions about QGRW's dividend performance.",2026-08-02 07:39:54,GuruFocus,https://www.gurufocus.com/etf/QGRW/dividend,alpha_vantage,2026-07-31 04:00:00,304.5473560391476,310.4222943774597,299.7415030462749,308.6438293457031,132489100,0.0,0.0,neutral,0.0007,0.0015,0.9977
AAPL,av_6c9dc89bd30d7ae4,Apple: Is the Pullback Offering a New Buying Opportunity? for NASDAQ:AAPL by DL_INVEST,"Apple's stock is experiencing a short-term pullback after reaching an all-time high, creating a potential period of consolidation. While the long-term bullish trend remains intact, the article suggests two optimal entry points for investors: either after a confirmed recovery above the gap resistance at $329.59 or following a controlled pullback to the major support zone around $288.62, emphasizing patience and risk management. The company's strong fundamentals, including its ecosystem, customer loyalty, and robust cash flow, continue to support its long-term investment case.",2026-08-02 08:06:56,TradingView,https://www.tradingview.com/chart/AAPL/4xfojji0-Apple-Is-the-Pullback-Offering-a-New-Buying-Opportunity/,alpha_vantage,2026-07-31 04:00:00,304.5473560391476,310.4222943774597,299.7415030462749,308.6438293457031,132489100,0.0,0.0,neutral,0.0022,0.0992,0.8986
AAPL,av_f5767ad53cd557c9,"AAPE | Leverage Shares 2X Long Stock Data, Price & News","This page provides comprehensive data and news for AAPE, the Leverage Shares 2X Long AAPL Daily ETF, including real-time price, financial overviews, institutional holdings, and analyst ratings. It details various financial metrics, backtesting disclaimers, and premium features available through Quiver Quantitative. The article highlights the absence of recent congressional trading, insider trading, corporate lobbying, and government contract data for AAPE, while offering insights into its Smart Score and bull/bear case summaries for premium users.",2026-08-02 08:53:31,Quiver Quantitative,https://www.quiverquant.com/stock/AAPE/,alpha_vantage,2026-07-31 04:00:00,304.5473560391476,310.4222943774597,299.7415030462749,308.6438293457031,132489100,0.0,0.0,neutral,0.0005,0.0014,0.9981
AAPL,av_76cd80bfca72cc98,"GSLC ETF Profile: Dividends, Returns (BOATS:GSLC)","This article provides a detailed profile of the Goldman Sachs ActiveBeta U.S. Large Cap Equity ETF (GSLC), covering its dividends, returns, and key characteristics. It highlights the ETF's multi-factor strategy, expense ratio, top holdings, and asset allocation. The fund combines value, quality, momentum, and low volatility factors to select and weight stocks within its index.",2026-08-02 10:40:20,TradingView,https://www.tradingview.com/symbols/BOATS-GSLC/profile/,alpha_vantage,2026-07-31 04:00:00,304.5473560391476,310.4222943774597,299.7415030462749,308.6438293457031,132489100,0.0,0.0,neutral,0.0005,0.0006,0.9989
AAPL,av_99baa35bf161c7b3,"AAPY ETF Profile: Dividends, Returns (LSE:AAPY)","This article provides a detailed profile of the AAPY ETF (IncomeShares Apple Options ETP), including key statistics like Assets Under Management (AUM), expense ratio, and dividend information. It highlights that AAPY's AUM is $4.37M USD, it has a 0.58% expense ratio, and it pays monthly dividends, though the last payment saw a significant decrease. The fund, issued by Leverage Shares LLC, invests in stocks and employs an active management style without tracking an underlying index.",2026-08-02 10:40:32,TradingView,https://www.tradingview.com/symbols/LSE-AAPY/profile/,alpha_vantage,2026-07-31 04:00:00,304.5473560391476,310.4222943774597,299.7415030462749,308.6438293457031,132489100,0.0,0.0,neutral,0.0005,0.0007,0.9988
AAPL,av_87e35e8b0295b672,"Consumer Tech (July 27-31): AI Boom Drives Tech Earnings As Apple, Amazon Lead Markets & More","This article summarizes key developments in consumer technology from July 27-31, highlighting the impact of the AI boom on tech earnings. Apple and Amazon reported strong financial results, with Apple facing challenges from rising memory chip costs and Amazon increasing its capital spending for AI infrastructure. The sector also saw significant news regarding semiconductor incentives, AI regulation, and earnings reports from other major tech companies like Microsoft, Meta, Roblox, and Reddit.",2026-08-02 12:00:06,Benzinga,https://www.benzinga.com/markets/tech/26/08/60861868/consumer-tech-july-27-31-ai-boom-drives-tech-earnings-as-apple-amazon-lead-markets-more,alpha_vantage,2026-07-31 04:00:00,304.5473560391476,310.4222943774597,299.7415030462749,308.6438293457031,132489100,0.0,0.0,neutral,0.0047,0.3786,0.6167
AAPL,av_a6902b66f9123676,Apple tightens bug reporting as AI floods security teams (AAPL:NASDAQ),"Apple is implementing stricter controls on bug reporting by external researchers due to an overwhelming influx of AI-generated submissions. This move highlights the growing challenge AI poses to software security teams, as it simultaneously aids in vulnerability discovery and creates a surge of inaccurate reports. Internally, Apple is leveraging AI from companies like OpenAI and Anthropic to help prioritize bug reports and enhance its cybersecurity defenses.",2026-08-02 12:59:57,Seeking Alpha,https://seekingalpha.com/news/4623133-apple-tightens-bug-reporting-as-ai-floods-security-teams,alpha_vantage,2026-07-31 04:00:00,304.5473560391476,310.4222943774597,299.7415030462749,308.6438293457031,132489100,0.0,0.0,neutral,0.0116,0.004,0.9844
AAPL,av_4d4206ed453081e4,Berkshire Hathaway (NYSE:BRK.B) Focus Shifts From Stock Holdings to Repurchasing Shares Amid Rally,"Berkshire Hathaway's Class B stock gained 3.4% last week, outperforming the S&P 500, despite reducing its position in top public holdings like Apple. This rally is attributed to an estimated $8.5 billion in share repurchases, a significant increase from the first quarter. Analysts view these buybacks as a strong indicator of management believing the stock is undervalued, rather than just a capital return mechanism.",2026-08-02 14:09:41,TechStock²,https://ts2.tech/en/berkshire-hathaway-nysebrk-b-focus-shifts-from-stock-holdings-to-repurchasing-shares-amid-rally/,alpha_vantage,2026-07-31 04:00:00,304.5473560391476,310.4222943774597,299.7415030462749,308.6438293457031,132489100,0.0,0.0,neutral,0.0283,0.1554,0.8163
AAPL,av_65b1074ea6bbffe4,MP Materials Stock And Rare Earth Shares Backed by US Supply Chain Demand,"This article highlights three rare earth metal stocks – MP Materials, USA Rare Earth, and Lynas Rare Earths – emphasizing their roles in the critical minerals supply chain for clean energy, advanced technology, and defense. It details each company's operations, market capitalization, strategic importance, and financial outlook, including their challenges and opportunities within the context of global demand and geopolitical considerations. The piece underscores the significance of these companies in establishing secure, non-Chinese rare earth supply chains.",2026-08-02 15:40:28,Simply Wall St,https://simplywall.st/stocks/us/materials/nyse-mp/mp-materials/news/mp-materials-stock-and-rare-earth-shares-backed-by-us-supply,alpha_vantage,2026-07-31 04:00:00,304.5473560391476,310.4222943774597,299.7415030462749,308.6438293457031,132489100,0.0,0.0,neutral,0.0009,0.0036,0.9956
AAPL,av_7241eddd84554527,"DWLD ETF Profile: Dividends, Returns (LSE:DWLD)","This article provides a profile of the Franklin FTSE Developed World UCITS ETF Accum Shs USD (DWLD), detailing its investment strategy, holdings, and performance metrics. It highlights that DWLD invests in large and mid-capitalization stocks in developed markets, with major allocations in Electronic Technology and Finance, primarily in North America. The fund does not pay dividends and has an expense ratio of 0.09%.",2026-08-02 15:45:54,TradingView,https://www.tradingview.com/symbols/LSE-DWLD/profile/,alpha_vantage,2026-07-31 04:00:00,304.5473560391476,310.4222943774597,299.7415030462749,308.6438293457031,132489100,0.0,0.0,neutral,0.0005,0.0007,0.9988
AAPL,av_748dc564c3bec3e7,Microsoft vs. Apple: Comparing Revenue Trends and the Impact of Artificial Intelligence,"This article compares the revenue trends of Microsoft and Apple, highlighting their distinct business models and financial performance. It discusses how Microsoft's consistent revenue growth is driven by cloud computing and AI offerings, leading to a recent stock surge. In contrast, Apple, while reporting record revenue, faced a stock decline due to anticipated supply constraints from AI-driven memory component shortages, emphasizing the differing impacts of AI on each company.",2026-08-02 20:13:00,Yahoo Finance,https://finance.yahoo.com/markets/stocks/articles/microsoft-vs-apple-comparing-revenue-131301005.html,alpha_vantage,2026-07-31 04:00:00,304.5473560391476,310.4222943774597,299.7415030462749,308.6438293457031,132489100,0.0,0.0,neutral,0.0004,0.0012,0.9983
AAPL,av_ce4c987e5f7ac4b2,Analysts Top 5 Questions Ahead of Apple’s Q3 Earnings Report,"Ahead of Apple's Q3 earnings report, analysts focused on key questions regarding iPhone and Services revenue sustainability, Greater China growth, Apple Intelligence monetization, and tariff pass-through impacts on gross margins. Post-earnings, Apple reported strong revenue growth across most segments, particularly iPhone, Mac, and Greater China, but saw its stock fall initially. The report highlighted record R&D spending, suggesting increased AI investment, and noted that tariff refunds significantly boosted gross margins and EPS.",2026-08-02 20:40:12,24/7 Wall St.,https://247wallst.com/investing/2026/07/30/live-apple-reports-q3-earnings-tonight-will-their-new-5-trillion-market-cap-hold/liveupdates/4/?tpid=liveblog-1634130-7&tv=link&tc=in_content,alpha_vantage,2026-07-31 04:00:00,304.5473560391476,310.4222943774597,299.7415030462749,308.6438293457031,132489100,0.0,0.0,neutral,0.0007,0.0006,0.9987
AAPL,av_8ad34928642a7a4b,Why is Berkshire Hathaway stock rallying today?,"Berkshire Hathaway's stock is rallying due to trailing the wider market, trading below last year's valuation, holding significant cash, and potential share buybacks. The rally also coincides with a drop in technology shares, making the diversified conglomerate an attractive defensive investment. Analyst Brian Meredith of UBS Group raised Berkshire's Class A price target and profit forecasts, citing improved earnings at BNSF and lower catastrophe losses in its insurance business.",2026-08-02 21:41:26,Bitget,https://www.bitget.com/amp/news/detail/12560605591367,alpha_vantage,2026-07-31 04:00:00,304.5473560391476,310.4222943774597,299.7415030462749,308.6438293457031,132489100,0.0,0.0,bullish,0.003,0.9936,0.0034
AAPL,av_74660680f5aa9564,SanDisk Stock is Down 50% From the YTD High: Will Earnings Spark a Rebound?,"SanDisk (NASDAQ: SNDK) stock has dropped 50% from its year-to-date high due to weakness in the memory industry. Investors are awaiting the upcoming earnings report, with analysts expecting significant revenue growth and a surge in profits. Despite the industry's historical volatility, multi-year deals with companies like Meta Platforms and Apple are providing a floor for SanDisk's products, leading to technical indicators that suggest a potential rebound for the stock.",2026-08-02 22:39:57,Benzinga,https://www.benzinga.com/markets/equities/26/08/60862411/sandisk-stock-is-down-50-from-the-ytd-high-will-earnings-spark-a-rebound,alpha_vantage,2026-07-31 04:00:00,304.5473560391476,310.4222943774597,299.7415030462749,308.6438293457031,132489100,0.0,0.0,bearish,0.9903,0.0009,0.0088
AAPL,av_7909fcbe27bd4cd7,Micron Stock Falls. Here’s What’s Overshadowing Big Tech Spending.,"Micron Technology shares experienced a significant decline on Friday, despite strong earnings reports from Apple and Amazon.com that confirmed high spending on memory chips. The stock had previously seen a substantial increase of over 700% in the last year. The market's optimism was reportedly undermined by concerns over potential higher interest rates.",2026-08-02 23:08:42,Barron's,https://www.barrons.com/articles/micron-stock-price-apple-cook-8ea028d6,alpha_vantage,2026-07-31 04:00:00,304.5473560391476,310.4222943774597,299.7415030462749,308.6438293457031,132489100,0.0,0.0,bearish,0.9926,0.0008,0.0066
AAPL,av_9998a78f1ad17ec7,Semi‑Annual Results and Portfolio Tilt Might Change The Case For Investing In General American Investors (GAM),"General American Investors Company, Inc. (GAM) has released its semi-annual results, reporting US$12.67 million in revenue and US$187.19 million in net income for the half-year ended June 30, 2026. The report also highlights ASML Holding, GE Vernova, Berkshire Hathaway, Apple, and Alphabet as its largest equity positions, indicating a continued focus on large, established companies. Despite the stock's rise, Simply Wall St suggests GAM may still be undervalued by 50%, while emphasizing that market volatility and portfolio concentration remain key factors for investors.",2026-08-03 01:14:18,Sahm,https://www.sahmcapital.com/news/content/semiannual-results-and-portfolio-tilt-might-change-the-case-for-investing-in-general-american-investors-gam-2026-08-01,alpha_vantage,2026-07-31 04:00:00,304.5473560391476,310.4222943774597,299.7415030462749,308.6438293457031,132489100,0.0,0.0,neutral,0.0013,0.0008,0.9979
AAPL,av_c9cb2a2fdb2ca9ef,"RAFE ETF Profile: Dividends, Returns (BOATS:RAFE)","The RAFE ETF (PIMCO RAFI ESG U.S. ETF) aims to outperform market-cap-weighted indexes by incorporating fundamental and ESG criteria. It selects US large- and mid-cap equities based on factors like de-levered sales, cash flow, and ESG scores, while excluding companies involved in tobacco, gambling, weapons, and fossil fuels. The ETF, with an expense ratio of 0.29% and a dividend yield of 1.48%, has Apple Inc. and Microsoft Corporation as its top holdings and primarily invests in Electronic Technology and Health Technology sectors within North America.",2026-08-03 04:40:23,TradingView,https://www.tradingview.com/symbols/BOATS-RAFE/profile/,alpha_vantage,2026-08-03 04:00:00,309.313234694189,311.5313230344714,302.29929450581176,303.1585693359375,75052000,0.0,0.0,neutral,0.0006,0.0006,0.9989
AAPL,av_4c913364eee88650,"AI Boom Delivers Historic Earnings Beats - Invesco QQQ Trust, Series 1 (NASDAQ:QQQ)","The AI boom is leading to historic earnings beats, particularly for companies within the AI ecosystem. S&P 500 companies have surpassed earnings estimates by 27%, while Nasdaq 100 companies are beating by 55%, and those in Bloomberg's AI Value Chain Index by 71%. Big Tech firms like Microsoft and Amazon continue to invest heavily in AI infrastructure, demonstrating strong demand that supports record spending.",2026-08-03 05:57:37,Benzinga,https://www.benzinga.com/markets/tech/26/08/60863456/ai-spending-pays-off-as-big-tech-delivers-historic-earnings-beats-etfs-to-watch,alpha_vantage,2026-08-03 04:00:00,309.313234694189,311.5313230344714,302.29929450581176,303.1585693359375,75052000,0.0,0.0,neutral,0.0003,0.0013,0.9983
AAPL,av_8442be85f5cb6b3d,Should TCW Transform 500 ETF (VOTE) Be on Your Investing Radar?,"The article evaluates the TCW Transform 500 ETF (VOTE), a passively managed large-cap blend ETF launched in 2021 with over $1.10 billion in assets. It highlights VOTE's low expense ratio of 0.05% and its holdings, which are heavily weighted in Information Technology, with Nvidia, Apple, and Microsoft as top individual stocks. The ETF tracks the Morningstar US Large Cap Select Index and has shown a 10% return year-to-date and 19.08% over the last year, earning a Zacks ETF Rank of 2 (Buy).",2026-08-03 06:20:00,Yahoo Finance Singapore,https://sg.finance.yahoo.com/news/tcw-transform-500-etf-vote-102002497.html,alpha_vantage,2026-08-03 04:00:00,309.313234694189,311.5313230344714,302.29929450581176,303.1585693359375,75052000,0.0,0.0,neutral,0.0008,0.0004,0.9988
AAPL,av_e73a111e6ebc6fde,"Nasdaq Jumps 1% as Amazon Shares Surge: Investor Sentiment Improves, But Greed Index Remains in 'Fear' Zo","The Nasdaq Composite saw a 1% jump on Friday, driven largely by a significant surge in Amazon.com Inc. shares after better-than-expected Q2 results. Despite this positive movement and an improved CNN Money Fear and Greed Index reading, the market sentiment remained in the ""Fear"" zone. Meanwhile, Apple Inc. stock declined after its fiscal third-quarter results, and most S&P 500 sectors closed negatively, with communication services and consumer discretionary as notable gainers.",2026-08-03 06:22:08,Benzinga,https://www.benzinga.com/markets/market-summary/26/08/60863538/nasdaq-jumps-1-as-amazon-shares-surge-investor-sentiment-improves-but-greed-index-remains-in-fear-zone,alpha_vantage,2026-08-03 04:00:00,309.313234694189,311.5313230344714,302.29929450581176,303.1585693359375,75052000,0.0,0.0,bullish,0.0024,0.994,0.0037
AAPL,av_73b80e584721a5b3,"KT Loses 230,000 Mobile Subscribers to Rivals; SK Telecom and LG U+ Absorb Defections","KT experienced a net loss of over 230,000 mobile subscribers to rivals SK Telecom and LG U+ in the first seven months of this year, largely due to a personal information leak and associated contract termination fee waivers. Despite the subscriber exodus and a significant fine, analysts expect KT's earnings to recover, projecting a rebound from one-time costs and growth in its B2B and AICT segments. The company's future performance will depend on the recovery of its core business competitiveness.",2026-08-03 06:44:45,BigGo Finance,https://finance.biggo.com/news/381d4374-819a-4e8a-808c-698b2885cda5,alpha_vantage,2026-08-03 04:00:00,309.313234694189,311.5313230344714,302.29929450581176,303.1585693359375,75052000,0.0,0.0,neutral,0.1438,0.0013,0.8549
AAPL,av_03508f635152cc48,"Micron, SanDisk, SK Hynix stocks: is Morgan Stanley’s Korea call a buy signal?","Morgan Stanley upgraded Korean equities to Overweight, arguing that a recent ""leverage washout"" created a better entry point for AI and industrial stocks. While the direct recommendation is for South Korea, the bank's renewed confidence boosts SK Hynix significantly and provides an indirect signal for Micron and SanDisk due to shared data center investment and memory pricing dependencies. The call suggests that the July market crash was driven more by forced selling than fundamental demand collapse, positioning these memory stocks for a potential re-rating as liquidity stress eases.",2026-08-03 07:08:07,Invezz,https://invezz.com/news/2026/08/03/micron-sandisk-sk-hynix-stocks-is-morgan-stanleys-korea-call-a-buy-signal/,alpha_vantage,2026-08-03 04:00:00,309.313234694189,311.5313230344714,302.29929450581176,303.1585693359375,75052000,0.0,0.0,neutral,0.0008,0.0072,0.992
AAPL,av_74845738642a6c2e,Micron Technology (NASDAQ:MU) Shares Drop 10.6% Even as Memory Market Remains Tight,"Micron Technology's shares dropped 10.6% last week, closing at $823.03, despite a tight memory market and strong revenue guidance for the fourth quarter. The market volatility reflects investor concerns about the sustainability of record-high margins and the broader memory cycle, even as demand signals from major customers like Amazon and Apple indicate continued constraint until 2027 or 2028. Analysts suggest a potential upside of 94% with a median price target of $1,600, yet acknowledge risks including Chinese competition and economic factors.",2026-08-03 07:08:40,TechStock²,https://ts2.tech/en/micron-technology-nasdaqmu-shares-drop-10-6-even-as-memory-market-remains-tight/,alpha_vantage,2026-08-03 04:00:00,309.313234694189,311.5313230344714,302.29929450581176,303.1585693359375,75052000,0.0,0.0,bearish,0.9971,0.0009,0.0019
AAPL,av_36946b67bb1130e0,Arrowstreet Capital Limited Partnership Has $5.95 Million Holdings in Luxfer Holdings PLC $LXFR,"Arrowstreet Capital Limited Partnership increased its stake in Luxfer Holdings PLC (NYSE:LXFR) by 17% in the first quarter, now holding 488,252 shares valued at approximately $5.95 million. Other institutional investors also adjusted their positions, and 90.82% of the stock is owned by institutional investors, while insiders own 2.00%. Luxfer recently reported better-than-expected earnings and revenue, declared a quarterly dividend of $0.13 per share, and maintains a ""Moderate Buy"" consensus rating from analysts.",2026-08-03 07:13:59,MarketBeat,https://www.marketbeat.com/instant-alerts/filing-arrowstreet-capital-limited-partnership-has-595-million-holdings-in-luxfer-holdings-plc-lxfr-2026-08-03/,alpha_vantage,2026-08-03 04:00:00,309.313234694189,311.5313230344714,302.29929450581176,303.1585693359375,75052000,0.0,0.0,neutral,0.0006,0.0014,0.998
AAPL,av_717e322c59cc3047,Concorde Asset Management LLC Lowers Stake in Intel Corporation $INTC,"Concorde Asset Management LLC significantly reduced its Intel Corporation stake by 66.3% in Q1 2026, holding 4,749 shares valued at $210,000. While some institutions increased their holdings, analyst sentiment remains mixed due to potential Apple supply opportunities, AI spending trends, and competition from TSMC. Intel recently reported strong Q2 earnings, exceeding analyst estimates with $0.42 EPS and $16.13 billion in revenue.",2026-08-03 07:38:16,Longbridge,https://longbridge.com/news/294659124,alpha_vantage,2026-08-03 04:00:00,309.313234694189,311.5313230344714,302.29929450581176,303.1585693359375,75052000,0.0,0.0,neutral,0.0009,0.0025,0.9966
AAPL,av_439952bc20f0676c,"Invesco NASDAQ 100 ETF (QQQM) Price, Holdings, & News","This article provides detailed information on the Invesco NASDAQ 100 ETF (QQQM), including its current price, key statistics, expense ratios, and top holdings. It highlights that QQQM is a passively managed ETF tracking the NASDAQ-100 index, excluding financial companies, and offers news headlines related to the ETF. The article also covers FAQs about QQQM's performance and how to invest in it.",2026-08-03 07:49:34,MarketBeat,https://www.marketbeat.com/stocks/NASDAQ/QQQM/,alpha_vantage,2026-08-03 04:00:00,309.313234694189,311.5313230344714,302.29929450581176,303.1585693359375,75052000,0.0,0.0,neutral,0.0005,0.0007,0.9988
AAPL,av_86017e423e5f4e98,Buffett’s Top Holdings Drive Berkshire Shares to Eight-Month High Ahead of Q2 Earnings,"Berkshire Hathaway's shares recently reached an eight-month high, fueled by strong performances from key holdings like Apple, Coca-Cola, and Bank of America, despite the company's stock lagging the S&P 500 year-to-date. Investors are keenly awaiting the Q2 earnings report, the second under CEO Greg Abel, to assess his capital allocation strategy, particularly regarding the substantial cash pile and potential share buybacks. The report will also shed light on the recovery of Berkshire's insurance and rail businesses, crucial for evaluating leadership in the post-Buffett era.",2026-08-03 08:11:22,TradingKey,https://www.tradingkey.com/analysis/stocks/us-stocks/262070056-buffett-berkshire-stock-eight-month-high-heavy-holdings-q2-earnings-tradingkey,alpha_vantage,2026-08-03 04:00:00,309.313234694189,311.5313230344714,302.29929450581176,303.1585693359375,75052000,0.0,0.0,bullish,0.0024,0.9947,0.0029
AAPL,av_49f8209f9a677c0b,Western Wealth Management LLC Increases Stock Position in Intel Corporation $INTC,"Western Wealth Management LLC significantly increased its stake in Intel Corporation by 57.7% in the first quarter, now owning 21,223 shares valued at $937,000. This move is part of a broader trend where institutional investors collectively own 64.53% of Intel. Despite mixed analyst sentiment and competitive pressures from TSMC, Intel reported stronger-than-expected quarterly earnings and revenue, with its stock performance reflecting both challenges and positive developments like potential Apple supply opportunities and AI spending trends.",2026-08-03 09:27:16,MarketBeat,https://www.marketbeat.com/instant-alerts/filing-western-wealth-management-llc-increases-stock-position-in-intel-corporation-intc-2026-08-03/,alpha_vantage,2026-08-03 04:00:00,309.313234694189,311.5313230344714,302.29929450581176,303.1585693359375,75052000,0.0,0.0,bullish,0.0023,0.9931,0.0046
AAPL,av_60c4acac4e3064e4,"Healthcare of Ontario Pension Plan Trust Fund Cuts Stock Holdings in Globalstar, Inc. $GSAT","Healthcare of Ontario Pension Plan Trust Fund significantly reduced its stake in Globalstar, Inc. (NASDAQ:GSAT) by 89.7% in the first quarter, selling 22,284 shares and retaining 2,564 shares valued at $170,000. Despite this reduction by one institutional investor, other firms like UBS Group AG, Defiance ETFs LLC, and Price T Rowe Associates Inc. MD increased their holdings in Globalstar. The company's stock performance shows a market cap of $10.74 billion and a P/E ratio of -555.87, with recent analyst ratings giving the stock an average ""Hold"" and a target price of $69.00.",2026-08-03 09:45:14,MarketBeat,https://www.marketbeat.com/instant-alerts/filing-healthcare-of-ontario-pension-plan-trust-fund-cuts-stock-holdings-in-globalstar-inc-gsat-2026-08-03/,alpha_vantage,2026-08-03 04:00:00,309.313234694189,311.5313230344714,302.29929450581176,303.1585693359375,75052000,0.0,0.0,bearish,0.9956,0.0009,0.0035
AAPL,av_e7bc341b02d90ee9,Militia Capital Management LLC Purchases New Stake in Intel Corporation $INTC,"Militia Capital Management LLC has acquired a new position in Intel Corporation, purchasing 45,000 shares valued at approximately $1.986 million during the first quarter. This comes as other institutional investors like Vanguard Group Inc., State Street Corp, and Capital World Investors also adjusted their holdings in the chip maker. Wall Street analysts have issued mixed ratings for Intel, with a consensus ""Hold"" rating and a price target of $107.93, while the company faces both positive sentiment from potential Apple supply opportunities and negative sentiment regarding competitive challenges from TSMC.",2026-08-03 10:07:28,MarketBeat,https://www.marketbeat.com/instant-alerts/filing-militia-capital-management-llc-purchases-new-stake-in-intel-corporation-intc-2026-08-03/,alpha_vantage,2026-08-03 04:00:00,309.313234694189,311.5313230344714,302.29929450581176,303.1585693359375,75052000,0.0,0.0,neutral,0.0006,0.0022,0.9972
AAPL,av_f742db2959b8b549,"Western Wealth Management LLC Makes New Investment in Skyworks Solutions, Inc. $SWKS","Western Wealth Management LLC has made a new investment in Skyworks Solutions, Inc. (NASDAQ:SWKS), purchasing 22,810 shares valued at approximately $1.22 million. Skyworks Solutions recently exceeded quarterly earnings and revenue expectations but saw revenue decline year-over-year, and analyst sentiment remains cautious with a consensus ""Hold"" rating. The company also pays a $0.71 quarterly dividend, yielding about 4.6%, despite an elevated payout ratio.",2026-08-03 10:10:26,MarketBeat,https://www.marketbeat.com/instant-alerts/filing-western-wealth-management-llc-makes-new-investment-in-skyworks-solutions-inc-swks-2026-08-03/,alpha_vantage,2026-08-03 04:00:00,309.313234694189,311.5313230344714,302.29929450581176,303.1585693359375,75052000,0.0,0.0,neutral,0.0006,0.015,0.9843
AAPL,av_26591065c3f0b630,"WAMA ETF Profile: Dividends, Returns (NASDAQ:WAMA)","The WAMA ETF is a passively managed fund providing adaptive exposure to US equities and treasuries, utilizing a trend-following strategy based on a 200-day moving average crossover. It has an expense ratio of 0.32% and pays quarterly dividends with a yield of 1.62%. The fund's top holdings include NVIDIA Corporation and Apple Inc.",2026-08-03 10:10:50,TradingView,https://www.tradingview.com/symbols/NASDAQ-WAMA/profile/,alpha_vantage,2026-08-03 04:00:00,309.313234694189,311.5313230344714,302.29929450581176,303.1585693359375,75052000,0.0,0.0,neutral,0.0005,0.0007,0.9988
AAPL,av_79c096b9c0266938,"Pacer Advisors Inc. Increases Holdings in VeriSign, Inc. $VRSN","Pacer Advisors Inc. significantly increased its stake in VeriSign, Inc. (NASDAQ:VRSN) by 324.4% in the first quarter, now owning 347,683 shares valued at approximately $86.4 million. Institutional investors collectively hold 92.9% of VRSN's outstanding stock, and analysts maintain a ""Buy"" consensus rating with an average price target of $328.75. VeriSign reported strong quarterly earnings, beating expectations with $2.38 EPS and $434.6 million in revenue, and declared a quarterly dividend of $0.81 per share.",2026-08-03 10:42:39,MarketBeat,https://www.marketbeat.com/instant-alerts/filing-pacer-advisors-inc-increases-holdings-in-verisign-inc-vrsn-2026-08-03/,alpha_vantage,2026-08-03 04:00:00,309.313234694189,311.5313230344714,302.29929450581176,303.1585693359375,75052000,0.0,0.0,bullish,0.0032,0.519,0.4778
AAPL,av_45b0dae6142a572a,Should iShares Russell 1000 ETF (IWB) Be on Your Investing Radar?,"The iShares Russell 1000 ETF (IWB), launched in May 2000 and sponsored by Blackrock, is a passively managed ETF offering broad exposure to the Large Cap Blend segment of the US equity market with over $48.30 billion in assets. It features a low expense ratio of 0.15% and a 12-month trailing dividend yield of 0.92%, with significant allocation to Information Technology. IWB has performed well, up 9.81% year-to-date and 18.65% over the last year, and is considered a medium-risk option with a Zacks ETF Rank of 3 (Hold).",2026-08-03 10:42:41,Yahoo Finance Singapore,https://sg.finance.yahoo.com/news/ishares-russell-1000-etf-iwb-102002486.html,alpha_vantage,2026-08-03 04:00:00,309.313234694189,311.5313230344714,302.29929450581176,303.1585693359375,75052000,0.0,0.0,neutral,0.0007,0.0004,0.9988
AAPL,av_b9a39a97400aba37,Who Owns Snapchat?,"Snapchat, initially launched in 2011 by Evan Spiegel, Bobby Murphy, and Reggie Brown, is now technically owned by its parent company, Snap Inc. While Snap Inc. is publicly traded, its founders, Spiegel and Murphy, retain overwhelming voting control due to their significant holdings in Class B and Class C stock. Major asset management and investment firms like FMR, Vanguard, JP Morgan, and BlackRock Inc. hold substantial shares in Snap Inc., but do not hold the majority voting power.",2026-08-03 10:43:31,www.bgr.com,https://www.bgr.com/2226377/who-owns-snapchat/,alpha_vantage,2026-08-03 04:00:00,309.313234694189,311.5313230344714,302.29929450581176,303.1585693359375,75052000,0.0,0.0,neutral,0.0008,0.0004,0.9988
AAPL,av_c7ce2d17c7db21b8,Should iShares Russell 1000 Value ETF (IWD) Be on Your Investing Radar?,"The iShares Russell 1000 Value ETF (IWD) offers broad exposure to the Large Cap Value segment of the US equity market, holding assets over $82.05 billion. With an expense ratio of 0.18% and a Zacks ETF Rank of 1 (Strong Buy), it is considered a strong option for investors seeking exposure to large-cap value stocks. The fund's top holdings include Amazon.com Inc, Apple Inc, and Microsoft Corp, with significant allocation to the Financials sector.",2026-08-03 10:44:51,Yahoo Finance,https://finance.yahoo.com/markets/stocks/articles/ishares-russell-1000-value-etf-102002818.html,alpha_vantage,2026-08-03 04:00:00,309.313234694189,311.5313230344714,302.29929450581176,303.1585693359375,75052000,0.0,0.0,neutral,0.0007,0.0005,0.9988
AAPL,av_2126df7f6629f282,Why We Downgraded Vanguard Dividend Growth Fund,"Morningstar downgraded the Vanguard Dividend Growth Fund (VDIGX) to Bronze from Gold due to management changes, including the departure of Peter Fisher and the appointment of new comanagers. These changes have broadened the fund's mandate and altered its investment process, introducing uncertainty. The article also highlights rating changes for other funds, including AB Large Cap Growth, JPMorgan Mid Cap Growth, and T. Rowe Price US Equity Research Fund.",2026-08-03 11:43:35,Morningstar,https://www.morningstar.com/funds/why-we-downgraded-vanguard-dividend-growth,alpha_vantage,2026-08-03 04:00:00,309.313234694189,311.5313230344714,302.29929450581176,303.1585693359375,75052000,0.0,0.0,bearish,0.9972,0.0011,0.0017
AAPL,av_ee444b6e6ae5551a,Pacer Advisors Inc. Trims Stock Position in Comcast Corporation $CMCSA,"Pacer Advisors Inc. reduced its stake in Comcast Corporation by 10.2% during the first quarter, selling over 1.6 million shares but still retaining a significant holding valued at approximately $404 million. Despite this reduction, institutional investors collectively own 84.32% of Comcast. The company recently reported better-than-expected quarterly earnings and declared a quarterly dividend of $0.33 per share, while analysts maintain a consensus ""Hold"" rating with an average price target of $32.96.",2026-08-03 12:12:21,MarketBeat,https://www.marketbeat.com/instant-alerts/filing-pacer-advisors-inc-trims-stock-position-in-comcast-corporation-cmcsa-2026-08-03/,alpha_vantage,2026-08-03 04:00:00,309.313234694189,311.5313230344714,302.29929450581176,303.1585693359375,75052000,0.0,0.0,bearish,0.9949,0.0009,0.0042
AAPL,av_26515471c22581b7,Which Is the Better International ETF: Vanguard's Low-Cost VEA or State Street's Climate-Focused NZAC?,"This article compares two international ETFs: Vanguard's FTSE Developed Markets ETF (VEA) and State Street's SPDR MSCI ACWI Climate Paris Aligned ETF (NZAC). VEA offers broad diversification and a lower expense ratio, making it ideal for cost-conscious investors seeking international exposure outside the U.S. In contrast, NZAC targets companies aligned with the Paris Agreement, focusing on climate-risk standards, but comes with a higher expense ratio and a significant concentration in U.S. megacap technology stocks, which may not provide the desired international diversification.",2026-08-03 12:13:27,The Globe and Mail,https://www.theglobeandmail.com/investing/markets/stocks/AAPL/pressreleases/3612118/which-is-the-better-international-etf-vanguards-low-cost-vea-or-state-streets-climate-focused-nzac/,alpha_vantage,2026-08-03 04:00:00,309.313234694189,311.5313230344714,302.29929450581176,303.1585693359375,75052000,0.0,0.0,neutral,0.0008,0.0004,0.9988
AAPL,av_d9f776562fde3ed6,Amazon Joins Elite List of Stocks to Top $3 Trillion in Value,"Amazon.com Inc. has surpassed a $3 trillion market value for the first time, making it the fifth company to achieve this milestone. The company's shares climbed after strong second-quarter earnings, driven by accelerating cloud-computing revenue. Amazon now joins Nvidia, Alphabet, Microsoft, and Apple in this elite group.",2026-08-03 13:39:11,Bloomberg,https://www.bloomberg.com/news/articles/2026-08-03/amazon-joins-elite-list-of-stocks-to-top-3-trillion-in-value,alpha_vantage,2026-08-03 04:00:00,309.313234694189,311.5313230344714,302.29929450581176,303.1585693359375,75052000,0.0,0.0,neutral,0.0008,0.0305,0.9687
AAPL,av_0f0b493806537421,Should iShares Russell 1000 ETF (IWB) Be on Your Investing Radar?,"The iShares Russell 1000 ETF (IWB) offers broad exposure to the Large Cap Blend segment of the US equity market, with over $48.30 billion in assets and an expense ratio of 0.15%. Its portfolio is heavily allocated to Information Technology, with top holdings including Nvidia, Apple, and Microsoft. IWB has shown strong performance, up 9.81% year-to-date and 18.65% in the last year, and carries a Zacks ETF Rank of 3 (Hold).",2026-08-03 14:09:51,Yahoo Finance,https://finance.yahoo.com/markets/stocks/articles/ishares-russell-1000-etf-iwb-102002486.html,alpha_vantage,2026-08-03 04:00:00,309.313234694189,311.5313230344714,302.29929450581176,303.1585693359375,75052000,0.0,0.0,neutral,0.0007,0.0004,0.9988
AAPL,av_c6af4a8229753dee,Rlj Lodging Trust stock hits 52-week high at $12.57 By Investing.com,"RLJ Lodging Trust (RLJ) stock reached a new 52-week high of $12.57, reflecting an 82.55% year-over-year return and strong investor confidence. The company's market capitalization is $1.89 billion, and it offers a 4.9% dividend yield, having increased its dividend for four consecutive years. This surge follows better-than-expected Q1 2026 financial results, with analysts like Truist Securities and Raymond James adjusting their ratings and price targets for the stock.",2026-08-03 14:11:01,Investing.com Canada,https://ca.investing.com/news/stock-market-news/rlj-lodging-trust-stock-hits-52week-high-at-1257-93CH-4771511,alpha_vantage,2026-08-03 04:00:00,309.313234694189,311.5313230344714,302.29929450581176,303.1585693359375,75052000,0.0,0.0,bullish,0.0026,0.995,0.0024
AAPL,av_f1a7e0ff1c49bb54,"DWLD ETF Profile: Dividends, Returns (DUS:DWLD)","This article provides a profile of the Franklin FTSE Developed World UCITS ETF Accum Shs USD (DWLD), detailing its investment strategy, holdings, and key financial metrics. DWLD aims to offer exposure to large and mid-capitalization stocks in developed markets globally, with a significant portion of its assets in North America and sectors like Electronic Technology and Finance. The ETF does not pay dividends and has an expense ratio of 0.09%, tracking the FTSE All-World Developed index.",2026-08-03 14:11:12,TradingView,https://www.tradingview.com/symbols/DUS-DWLD/profile/,alpha_vantage,2026-08-03 04:00:00,309.313234694189,311.5313230344714,302.29929450581176,303.1585693359375,75052000,0.0,0.0,neutral,0.0005,0.0007,0.9988
AAPL,av_f00f162921f3916c,Garmin: Beware Consumer Hardware As Sales Slow (NYSE:GRMN),"Garmin's stock surged post-Q2 despite a slowdown in sales across most segments, leading to a historically rich valuation. The company projects 11% revenue growth and $10.00 pro forma EPS, but faces decelerating growth and potential longer replacement cycles for its hardware. The author reiterates a 'Sell' rating, citing Garmin's high PEG and P/E ratios which are disconnected from its modest growth outlook.",2026-08-03 14:38:35,Seeking Alpha,https://seekingalpha.com/article/4929490-garmin-beware-consumer-hardware-as-sales-slow,alpha_vantage,2026-08-03 04:00:00,309.313234694189,311.5313230344714,302.29929450581176,303.1585693359375,75052000,0.0,0.0,bearish,0.994,0.0007,0.0053
AAPL,av_6a04b98d7d9dd827,"Micron's 85% Gross Margin Tops Meta, Microsoft, and Google - Here's Why It Could Climb Even Higher","Micron Technology has achieved an 85% gross margin, surpassing software giants like Meta, Microsoft, and Alphabet, largely due to the high demand and limited supply of advanced memory chips essential for AI infrastructure. This remarkable shift in profitability for a hardware manufacturer, which previously faced negative margins, is driven by AI-related spending and the bottleneck in memory production controlled by only three companies. While memory is historically cyclical, current industry forecasts suggest that tight HBM supply and strong pricing power for Micron could continue well into 2027 or even 2028.",2026-08-03 14:39:35,24/7 Wall St.,https://247wallst.com/investing/2026/08/03/microns-85-gross-margin-tops-meta-microsoft-and-google-heres-why-it-could-climb-even-higher/,alpha_vantage,2026-08-03 04:00:00,309.313234694189,311.5313230344714,302.29929450581176,303.1585693359375,75052000,0.0,0.0,bullish,0.0023,0.9946,0.0031
AAPL,av_7cc4e30ac737b6b9,India Eyes More Tax Breaks for Electronics in Win For Apple,"India plans to extend tax breaks for foreign firms supplying machinery to local electronics manufacturers, including companies like Apple Inc. and Google. This move, which involves amendments to the Income Tax Act, will prolong tax exemptions for contract manufacturers until 2041, benefiting the production of mobile phones, laptops, tablets, and servers. The initiative is set to bolster domestic electronics manufacturing efforts.",2026-08-03 15:07:08,Bloomberg,https://www.bloomberg.com/news/articles/2026-08-03/india-eyes-more-tax-breaks-for-electronics-in-win-for-apple,alpha_vantage,2026-08-03 04:00:00,309.313234694189,311.5313230344714,302.29929450581176,303.1585693359375,75052000,0.0,0.0,neutral,0.0047,0.0473,0.9481
AAPL,av_feceb1ae236944fd,Sapient Capital LLC Decreases Stock Position in The Walt Disney Company $DIS,"Sapient Capital LLC reduced its stake in The Walt Disney Company by 21.4% in the first quarter, selling 83,769 shares and retaining 307,730 shares worth $29.7 million. While institutional ownership of Disney stands at 65.71%, the company faces mixed sentiment with potential positive catalysts like streaming profitability and asset sales, alongside negative factors such as analyst caution and job cuts at Pixar. Disney's stock recently traded near $96.29, below its 52-week high of $119.91.",2026-08-03 15:07:33,MarketBeat,https://www.marketbeat.com/instant-alerts/filing-sapient-capital-llc-decreases-stock-position-in-the-walt-disney-company-dis-2026-08-03/,alpha_vantage,2026-08-03 04:00:00,309.313234694189,311.5313230344714,302.29929450581176,303.1585693359375,75052000,0.0,0.0,bearish,0.9797,0.0075,0.0127
AAPL,av_e65dcfda1d396fc9,"Hewlett Packard Enterprise Company (NYSE:HPE) Given Consensus Rating of ""Moderate Buy"" by Brokerages","Hewlett Packard Enterprise (HPE) has received a ""Moderate Buy"" consensus rating from brokerages, with an average 12-month price target of $67.31, significantly above its current share price of $48.01. The company recently surpassed earnings expectations, reporting $0.79 EPS against a $0.54 consensus, and revenue of $10.68 billion, a 40% year-over-year increase. Despite insider selling worth $3.9 million, institutional investors hold a substantial 80.78% of the stock.",2026-08-03 16:08:42,MarketBeat,https://www.marketbeat.com/instant-alerts/hewlett-packard-enterprise-company-nysehpe-given-consensus-rating-of-moderate-buy-by-brokerages-2026-08-03/,alpha_vantage,2026-08-03 04:00:00,309.313234694189,311.5313230344714,302.29929450581176,303.1585693359375,75052000,0.0,0.0,bullish,0.003,0.9943,0.0027
AAPL,av_1308f6b1a64157b9,Apple Plans iPhone-to-Windows Copy and Paste in EU After Microsoft Request,"Apple is developing a new feature that will enable cross-device copy and paste functionality between iPhones and Windows PCs, a capability requested by Microsoft through Apple's EU interoperability system. This feature, expected to be fully implemented by fall 2027, will require a one-time user consent for paired devices and will likely first launch in the European Union, potentially expanding worldwide later. It addresses current limitations where clipboard synchronization from an iPhone to a PC is restricted due to app foreground requirements.",2026-08-03 16:19:00,MacRumors,https://www.macrumors.com/2026/08/03/apple-iphone-windows-copy-paste/,alpha_vantage,2026-08-03 04:00:00,309.313234694189,311.5313230344714,302.29929450581176,303.1585693359375,75052000,0.0,0.0,neutral,0.0008,0.0007,0.9985
AAPL,av_e3e3645a190bcb61,Form 144 Oklo Inc. For: 3 August By Investing.com,This article announces the filing of Form 144 for Oklo Inc. on August 3. Form 144 is a document filed with the SEC by an affiliate of a company who intends to sell restricted or control securities. The brief notice indicates that Oklo Inc. (OKLO) saw a 6.16% increase.,2026-08-03 17:11:57,Investing.com Canada,https://ca.investing.com/news/stock-market-news/form-144-oklo-inc-for-3-august-93CH-4771908,alpha_vantage,2026-08-03 04:00:00,309.313234694189,311.5313230344714,302.29929450581176,303.1585693359375,75052000,0.0,0.0,neutral,0.0005,0.0007,0.9988
AAPL,av_f6faa5dacd428a51,Apple launches legal challenge against UK government demand to access data,"Apple has initiated a new legal challenge against the UK government's demand for ""back door"" access to encrypted iCloud data belonging to British users. This action comes after the Home Office issued a second request through a ""technical capability notice"" (TCN), which Apple is now contesting at the Investigatory Powers Tribunal. The tech giant's complaint seeks to challenge the UK's powers under the Investigatory Powers Act, arguing that such access compromises user privacy and security.",2026-08-03 17:35:00,The Guardian,https://www.theguardian.com/technology/2026/aug/03/apple-legal-challenge-uk-government-data-access,alpha_vantage,2026-08-03 04:00:00,309.313234694189,311.5313230344714,302.29929450581176,303.1585693359375,75052000,0.0,0.0,bearish,0.9282,0.0358,0.036
AAPL,av_933ad5a3b09e1ee3,Form 144 STANDEX INTERNATIONAL CORP/DE/ For: 3 August By Investing.com,"This article announces the filing of Form 144 for STANDEX INTERNATIONAL CORP/DE/ on August 3rd. Form 144 indicates an intent to sell restricted securities, providing transparency regarding potential insider transactions. The brief piece primarily serves as a notification from Investing.com.",2026-08-03 18:09:33,Investing.com Canada,https://ca.investing.com/news/stock-market-news/form-144-standex-international-corpde-for-3-august-93CH-4771920,alpha_vantage,2026-08-03 04:00:00,309.313234694189,311.5313230344714,302.29929450581176,303.1585693359375,75052000,0.0,0.0,neutral,0.0006,0.0006,0.9988
AAPL,av_762b46f823f717f9,Apple Files New Challenge Against UK Effort to Access User Files,"Apple Inc. has filed a new legal challenge against the UK government's efforts to access encrypted user data, including that of iPhone users, stored in the cloud. A UK court, which oversees secret surveillance activities, confirmed Apple's latest filing, with a hearing scheduled for September. The details of Apple's specific arguments in the filing are not yet public due to the confidentiality of the proceedings.",2026-08-03 18:13:00,Bloomberg.com,https://www.bloomberg.com/news/articles/2026-08-03/apple-files-new-challenge-against-uk-effort-to-access-user-files,alpha_vantage,2026-08-03 04:00:00,309.313234694189,311.5313230344714,302.29929450581176,303.1585693359375,75052000,0.0,0.0,neutral,0.0068,0.0044,0.9888
AAPL,av_bf531f44d551b82d,Suppliers Competing on Price Are Losing the Real Game. Apple’s Ford Deal Shows What Wins,"The article discusses how suppliers focused solely on price are missing the bigger picture of creating value through customer experience. It highlights the partnership between Apple and Ford, where Apple's MapKit for Automotive will enhance the driving experience in Ford's new electric vehicles, demonstrating how the strongest suppliers shape customer memory. The author argues that B2B companies should focus on whose experience their product shapes, two steps beyond their direct client.",2026-08-03 18:44:14,Inc.com,https://www.inc.com/soren-kaplan/suppliers-competing-on-price-are-losing-the-real-game-apples-ford-deal-shows-what-wins/91382264,alpha_vantage,2026-08-03 04:00:00,309.313234694189,311.5313230344714,302.29929450581176,303.1585693359375,75052000,0.0,0.0,neutral,0.0012,0.0013,0.9975
AAPL,av_8ca95a5cf0741271,Form 144 Fold Holdings For: 3 August By Investing.com,"This article announces the Form 144 Fold Holdings for August 3rd, indicating insider selling activity. It appears to be a placeholder or very brief notification from Investing.com, providing no specific details about the holdings but pointing to the date of the filing. The article is extremely short and serves mainly as a title and date announcement.",2026-08-03 20:12:44,Investing.com Canada,https://ca.investing.com/news/stock-market-news/form-144-fold-holdings-for-3-august-93CH-4772096,alpha_vantage,2026-08-03 04:00:00,309.313234694189,311.5313230344714,302.29929450581176,303.1585693359375,75052000,0.0,0.0,neutral,0.0005,0.0006,0.9989
AAPL,av_8e63b0c6bbff07b0,Hewlett Packard Enterprise Co Stock (HPE) Closed Up by 5.25% on Aug 3: Facts Behind the Movement,"Hewlett Packard Enterprise (HPE) stock increased by 5.25% on August 3rd, driven by high demand for AI-optimized servers and liquid-cooling technology, along with margin expansion from the integration of Juniper Networks. Stable interest rates and resilient IT budgets are also supporting its GreenLake business model. Despite this positive movement, the company faces risks such as anti-trust regulatory scrutiny for the Juniper acquisition, AI margin compression, persistent weakness in its networking segment, and dilution risks from its capital structure.",2026-08-03 20:15:36,TradingKey,https://www.tradingkey.com/news/market-movers/262071563-market-movers-hpe-20260803,alpha_vantage,2026-08-03 04:00:00,309.313234694189,311.5313230344714,302.29929450581176,303.1585693359375,75052000,0.0,0.0,bullish,0.0026,0.9935,0.0039
AAPL,av_2925072478e39d6b,"Buffett-Inspired ETF Owns Berkshire, Apple, Amex and Generates 15% Yield","The VistaShares Target 15 Berkshire Select Income ETF, inspired by Warren Buffett's investment philosophy, has achieved its goal of generating a 15% annual distribution rate since its launch in March 2025. This ETF allocates 10% of its holdings to Berkshire Hathaway shares and invests in 20 other stocks based on their weighting within Berkshire's portfolio, including companies like Apple and American Express. The fund aims to provide income to investors by tracking the equity investments of Berkshire Hathaway.",2026-08-03 20:24:32,Barron's,https://www.barrons.com/articles/buffett-etf-berkshire-apple-amex-dd8507e0,alpha_vantage,2026-08-03 04:00:00,309.313234694189,311.5313230344714,302.29929450581176,303.1585693359375,75052000,0.0,0.0,neutral,0.0006,0.0007,0.9987
AAPL,av_8254e395be50f6db,Form 144 Maze Therapeutics For: 3 August By Investing.com,"The article reports on a Form 144 filing by Maze Therapeutics for August 3rd. It is a brief news item from Investing.com, likely indicating an insider transaction or an intent to sell restricted stock by the company. The content also includes market data, other news headlines, and various financial tool advertisements.",2026-08-03 20:43:04,Investing.com Canada,https://ca.investing.com/news/stock-market-news/form-144-maze-therapeutics-for-3-august-93CH-4772089,alpha_vantage,2026-08-03 04:00:00,309.313234694189,311.5313230344714,302.29929450581176,303.1585693359375,75052000,0.0,0.0,neutral,0.0005,0.0005,0.9989
AAPL,av_4c4fc8713188060f,Form 144 Honeywell International Inc. For: 3 August By Investing.com,This article announces the filing of Form 144 by Honeywell International Inc. on August 3rd. Form 144 indicates an intent to sell restricted securities. The article provides no further details beyond the company and date.,2026-08-03 21:02:46,Investing.com Canada,https://ca.investing.com/news/stock-market-news/form-144-honeywell-international-inc-for-3-august-93CH-4772238,alpha_vantage,2026-08-03 04:00:00,309.313234694189,311.5313230344714,302.29929450581176,303.1585693359375,75052000,0.0,0.0,neutral,0.0006,0.0007,0.9987
AAPL,av_8cdf87f889504048,Spotify Earnings Prediction Market Preview: What Will Its New Co-CEOs Say?,"Spotify is set to report its second-quarter earnings, with analysts expecting $3.29 per share on $5.6 billion in revenue. Following recent price increases, investors are keen to see if subscriber retention and advertising revenue acceleration will offset potential churn. Prediction markets are betting on key terms like ""retention"" and ""monetization"" to be discussed by the new co-CEOs, while downplaying mentions of ""Claude"" or ""Netflix"".",2026-08-03 21:09:24,Benzinga,https://www.benzinga.com/markets/prediction-markets/26/08/60893295/spotify-earnings-prediction-market-preview-what-will-its-new-co-ceos-say,alpha_vantage,2026-08-03 04:00:00,309.313234694189,311.5313230344714,302.29929450581176,303.1585693359375,75052000,0.0,0.0,neutral,0.0007,0.0005,0.9989
AAPL,av_048f36c4bed6a6b0,"Goldman Sachs Group Inc Q2 2026: Revenue $20.34B, EPS $20.98— 10-Q Summary","Goldman Sachs Group Inc. reported strong second-quarter 2026 results, with revenue reaching $20.34 billion and diluted EPS at $20.98. This significant growth was primarily driven by robust performance in markets and increased investment banking fees compared to the previous year. The company also returned $5.36 billion to shareholders and maintained strong liquidity and capital positions.",2026-08-03 21:38:04,TradingView,https://www.tradingview.com/news/tradingview:df82bbc79d4fb:0-goldman-sachs-group-inc-q2-2026-revenue-20-34b-eps-20-98-10-q-summary/,alpha_vantage,2026-08-03 04:00:00,309.313234694189,311.5313230344714,302.29929450581176,303.1585693359375,75052000,0.0,0.0,neutral,0.0005,0.0016,0.9978
AAPL,av_e1250af829418c08,RenaissanceRe Holdings (RNR) Could Be 6% Undervalued On Earnings And Buybacks,"RenaissanceRe Holdings (RNR) is currently trading at US$319.98, which is slightly below the consensus fair value of $339, suggesting it might be 6% undervalued based on analyst expectations. This valuation is influenced by recent Q2 earnings, a declared quarterly dividend, and a share repurchase program. While the stock has seen positive momentum over the past year, its recent revenue and net income were softer, and its future valuation depends on assumptions regarding revenue, margins, and potential risks like catastrophe losses.",2026-08-03 22:39:24,Simply Wall Street,https://simplywall.st/stocks/us/insurance/nyse-rnr/renaissancere-holdings/news/renaissancere-holdings-rnr-could-be-6-undervalued-on-earning,alpha_vantage,2026-08-03 04:00:00,309.313234694189,311.5313230344714,302.29929450581176,303.1585693359375,75052000,0.0,0.0,neutral,0.2635,0.0174,0.7191
AAPL,av_410a1f1a9918cc92,Is Wells Fargo (WFC) Undervalued After Its Earnings Beat And 11% Dividend Increase?,"Wells Fargo (WFC) recently reported better-than-expected second-quarter earnings and increased its quarterly dividend by 11% to $0.50 per share. The stock is currently trading about 16% below the average analyst price target and is considered undervalued with a narrative fair value of $98.34, compared to its last closing price of $86.45. This positive outlook is largely attributed to the removal of asset caps and the resolution of regulatory orders, which are expected to drive future growth in its balance sheet, revenues, and earnings.",2026-08-03 22:39:35,Simply Wall Street,https://simplywall.st/stocks/us/banks/nyse-wfc/wells-fargo/news/is-wells-fargo-wfc-undervalued-after-its-earnings-beat-and-1,alpha_vantage,2026-08-03 04:00:00,309.313234694189,311.5313230344714,302.29929450581176,303.1585693359375,75052000,0.0,0.0,neutral,0.0013,0.0007,0.998
AAPL,av_e72bc18af7e4c552,Form 4 CELESTICA INC For: 3 August By Investing.com,This article from Investing.com reports the filing of Form 4 for CELESTICA INC on August 3rd. It includes a brief mention of the stock's performance (-5.97%) and is part of a broader financial news update. The core content is the announcement of the Form 4 filing itself.,2026-08-03 22:39:48,Investing.com Canada,https://ca.investing.com/news/stock-market-news/form-4-celestica-inc-for-3-august-93CH-4772363,alpha_vantage,2026-08-03 04:00:00,309.313234694189,311.5313230344714,302.29929450581176,303.1585693359375,75052000,0.0,0.0,neutral,0.0007,0.0006,0.9988
AAPL,av_8b84f4038d4dfaa4,Form 4 Kennametal For: 3 August By Investing.com,"This article from Investing.com reports on a Form 4 filing for Kennametal on August 3rd, 2026. Form 4 filings are required by the SEC when there's a change in the beneficial ownership of a company's securities by officers, directors, or significant shareholders. The article itself is brief, primarily serving as a notification of this regulatory event.",2026-08-03 23:13:48,Investing.com Canada,https://ca.investing.com/news/stock-market-news/form-4-kennametal-for-3-august-93CH-4772376,alpha_vantage,2026-08-03 04:00:00,309.313234694189,311.5313230344714,302.29929450581176,303.1585693359375,75052000,0.0,0.0,neutral,0.0006,0.0006,0.9989
AAPL,av_8dcc389a009522bd,"Janus Henderson Group PLC Acquires 955,147 Shares of Tyra Biosciences, Inc. $TYRA","Janus Henderson Group PLC has significantly increased its stake in Tyra Biosciences, Inc. (NASDAQ:TYRA) by purchasing an additional 955,147 shares, bringing its total holdings to 3.89 million shares valued at approximately $148.9 million. This acquisition makes Janus Henderson Group PLC one of the largest institutional holders with 6.54% of the company's stock, contributing to the overall institutional ownership of 84.14%. Despite a recent dip in share price and a quarterly earnings miss, analysts maintain a ""Moderate Buy"" rating for Tyra Biosciences with an average price target of $47.",2026-08-04 04:11:12,MarketBeat,https://www.marketbeat.com/instant-alerts/filing-janus-henderson-group-plc-acquires-955147-shares-of-tyra-biosciences-inc-tyra-2026-08-01/,alpha_vantage,2026-08-04 04:00:00,302.46913991298527,310.1525156602479,301.0603512911937,309.1134033203125,68001000,0.0,0.0,neutral,0.0006,0.0019,0.9975
AAPL,av_c878cc93b0c200f1,Apple Briefly Takes Telegram Off App Store Over Abusive Content,"Apple briefly removed the Telegram messaging app from its App Store in several countries, including the US, India, Australia, and Singapore, due to the presence of child sexual abuse material, which violates Apple's content policies. The app was later fully restored after the issue was addressed. This action highlights Apple's enforcement of its content guidelines on platforms available through its store.",2026-08-04 05:06:58,Bloomberg.com,https://www.bloomberg.com/news/articles/2026-08-04/apple-briefly-takes-telegram-off-app-store-over-abusive-content,alpha_vantage,2026-08-04 04:00:00,302.46913991298527,310.1525156602479,301.0603512911937,309.1134033203125,68001000,0.0,0.0,bearish,0.9572,0.0021,0.0407
AAPL,av_065c781b96184036,Apple’s India Sales Top $10 Billion on Widening Retail Push,"Apple Inc. achieved over $10 billion in annual sales in India for the first time in the last fiscal year, driven by increasing demand for its products and an expanding retail presence. This marks a significant double-digit percentage growth from the previous year's $9 billion. The majority of these sales were attributed to iPhones, with strong contributions from iPads and MacBooks as well.",2026-08-04 07:23:00,Bloomberg,https://www.bloomberg.com/news/articles/2026-08-04/apple-s-india-sales-top-10-billion-on-widening-retail-push,alpha_vantage,2026-08-04 04:00:00,302.46913991298527,310.1525156602479,301.0603512911937,309.1134033203125,68001000,0.0,0.0,bullish,0.0027,0.9941,0.0032
AAPL,av_e801418d973fb697,Apple seeks injunction against OpenAI in trade secrets lawsuit (AAPL:NASDAQ),"Apple Inc. is seeking a preliminary injunction against OpenAI and two former employees, accusing them of accessing, acquiring, using, or disclosing confidential information. The lawsuit aims to prevent further alleged trade secret violations. This action by Apple underscores its ongoing efforts to protect its intellectual property.",2026-08-04 08:06:59,Seeking Alpha,https://seekingalpha.com/news/4624305-apple-seeks-injunction-against-openai-in-trade-secrets-lawsuit,alpha_vantage,2026-08-04 04:00:00,302.46913991298527,310.1525156602479,301.0603512911937,309.1134033203125,68001000,0.0,0.0,bullish,0.3277,0.6599,0.0124
AAPL,av_5b6c3d5e65b023ae,"California State Teachers Retirement System Grows Position in Skyworks Solutions, Inc. $SWKS","The California State Teachers Retirement System significantly increased its stake in Skyworks Solutions (NASDAQ:SWKS) by 22% in the first quarter, now holding 171,987 shares valued at $9.21 million. This comes as institutional investors collectively own 85.43% of the semiconductor manufacturer. Despite Skyworks Solutions beating analyst EPS and revenue estimates in its latest earnings report, analysts maintain a cautious ""Hold"" rating with an average price target of $74.22, and the stock opened down 1.6%.",2026-08-04 08:08:35,MarketBeat,https://www.marketbeat.com/instant-alerts/filing-california-state-teachers-retirement-system-grows-position-in-skyworks-solutions-inc-swks-2026-08-04/,alpha_vantage,2026-08-04 04:00:00,302.46913991298527,310.1525156602479,301.0603512911937,309.1134033203125,68001000,0.0,0.0,neutral,0.0013,0.0349,0.9638
AAPL,av_e434f54f0deb2c6b,Kinsale Capital Group Inc. Has $14.07 Million Stake in Apple Inc. $AAPL,"Kinsale Capital Group Inc. increased its stake in Apple Inc. by 4.9% in the first quarter, now holding 55,430 shares valued at $14.07 million, making it their 11th-largest holding. Apple recently reported strong quarterly earnings, beating analyst estimates, and declared a dividend of $0.27 per share. Analyst sentiment remains largely positive, with a ""Moderate Buy"" consensus rating and an average price target of $331.60.",2026-08-04 08:40:43,MarketBeat,https://www.marketbeat.com/instant-alerts/filing-kinsale-capital-group-inc-has-1407-million-stake-in-apple-inc-aapl-2026-08-04/,alpha_vantage,2026-08-04 04:00:00,302.46913991298527,310.1525156602479,301.0603512911937,309.1134033203125,68001000,0.0,0.0,neutral,0.0007,0.0044,0.9949
AAPL,av_070ed2112cb1648e,JLVP ETF Holdings List — NASDAQ:JLVP,"This article provides a detailed list of the top holdings for the JPMorgan U.S. Large Cap Value Plus ETF (JLVP) as of August 6, 2026. Key holdings include major technology companies like Amazon, Microsoft, and Apple, alongside financial institutions such as Bank of America and Wells Fargo. The list specifies the weight, shares, and market value for each company in the ETF's portfolio.",2026-08-04 09:16:40,TradingView,https://www.tradingview.com/symbols/NASDAQ-JLVP/holdings/,alpha_vantage,2026-08-04 04:00:00,302.46913991298527,310.1525156602479,301.0603512911937,309.1134033203125,68001000,0.0,0.0,neutral,0.0005,0.0008,0.9987
AAPL,av_380a963cf2394232,"Pacer Advisors Inc. Has $56.08 Million Holdings in Skyworks Solutions, Inc. $SWKS","Pacer Advisors Inc. increased its stake in Skyworks Solutions (NASDAQ:SWKS) by 10.8% during the first quarter, now owning 1.05 million shares valued at approximately $56.1 million. Despite a cautious ""Hold"" rating from analysts and a consensus price target of $74.22, Skyworks Solutions exceeded its recent quarterly earnings expectations with adjusted EPS of $1.08 and revenue of $934.8 million. The company's stock, however, opened down 1.6% at $61.29, reflecting a 3.1% year-over-year revenue decline.",2026-08-04 09:38:55,MarketBeat,https://www.marketbeat.com/instant-alerts/filing-pacer-advisors-inc-has-5608-million-holdings-in-skyworks-solutions-inc-swks-2026-08-04/,alpha_vantage,2026-08-04 04:00:00,302.46913991298527,310.1525156602479,301.0603512911937,309.1134033203125,68001000,0.0,0.0,neutral,0.0008,0.0034,0.9958
AAPL,av_9c529edb7a9a3abe,"Pacer Advisors Inc. Cuts Position in Cirrus Logic, Inc. $CRUS","Pacer Advisors Inc. reduced its stake in Cirrus Logic (NASDAQ:CRUS) by 2.9% in the first quarter, selling 12,145 shares but still holding 409,281 shares valued at $59.2 million. Despite this, other institutional investors have increased their positions, and 87.96% of the company's stock is held by institutional investors. Cirrus Logic recently beat earnings estimates with $1.95 per share and saw a 5.7% revenue increase year-over-year, yet its shares opened down 1.6% at $127.33.",2026-08-04 09:40:28,MarketBeat,https://www.marketbeat.com/instant-alerts/filing-pacer-advisors-inc-cuts-position-in-cirrus-logic-inc-crus-2026-08-04/,alpha_vantage,2026-08-04 04:00:00,302.46913991298527,310.1525156602479,301.0603512911937,309.1134033203125,68001000,0.0,0.0,bearish,0.9934,0.0013,0.0053
AAPL,av_970748fcf1699dfb,RGLO ETF Holdings List — BOATS:RGLO,"This article provides a list of the top holdings for the Russell Investments Global Equity ETF (RGLO) as of March 31, 2026. Key holdings include major technology companies like Apple, NVIDIA, Alphabet, Microsoft, and Amazon, along with a significant portion in U.S. Dollar. The list details the weight percentage, number of shares, and market value for each holding.",2026-08-04 09:40:43,TradingView,https://www.tradingview.com/symbols/BOATS-RGLO/holdings/,alpha_vantage,2026-08-04 04:00:00,302.46913991298527,310.1525156602479,301.0603512911937,309.1134033203125,68001000,0.0,0.0,neutral,0.0007,0.0006,0.9987
AAPL,av_85ec6d74486c9f18,Raised 2026 Revenue Guidance With Softer Earnings Could Be A Game Changer For VEON (VEON),"VEON Ltd. reported Q2 2026 results with higher first-half revenues but lower earnings, alongside raising its full-year 2026 revenue growth guidance to 15%–18%. This updated guidance strengthens the near-term revenue outlook, supporting the company's digital expansion strategy. However, the contrast between stronger revenues and weaker profits highlights execution risks concerning profitability and balance sheet flexibility, urging investors to consider both the growth potential and the challenges.",2026-08-04 09:46:22,Simply Wall St,https://simplywall.st/stocks/us/telecom/nasdaq-veon/veon/news/raised-2026-revenue-guidance-with-softer-earnings-could-be-a,alpha_vantage,2026-08-04 04:00:00,302.46913991298527,310.1525156602479,301.0603512911937,309.1134033203125,68001000,0.0,0.0,neutral,0.1532,0.0939,0.753
AAPL,av_6b9be36ad625a417,"GSLC ETF Profile: Dividends, Returns (BIVA:GSLC)","This article provides a detailed profile of the GSLC ETF, focusing on its dividends and returns. It includes key statistics such as Assets Under Management (AUM), expense ratio, and dividend yield, along with a breakdown of its holdings by sector and region. The fund, issued by Goldman Sachs Group, Inc., invests in stocks across various sectors like Electronic Technology and Technology Services, and tracks the Stuttgart Goldman Sachs ActiveBeta US Large Cap (USD) index.",2026-08-04 10:11:09,TradingView,https://www.tradingview.com/symbols/BIVA-GSLC/profile/,alpha_vantage,2026-08-04 04:00:00,302.46913991298527,310.1525156602479,301.0603512911937,309.1134033203125,68001000,0.0,0.0,neutral,0.0005,0.0006,0.9988
AAPL,av_7326444a9ee9e051,Adeia Inc (ADEA) (Q2 2026) Earnings Call Highlights: Revenue Hits $96. ...,"Adeia Inc (ADEA) reported strong Q2 2026 results with revenue of $96.1 million and an adjusted EBITDA margin of 59%, meeting expectations. The company highlighted significant growth in non-Pay-TV recurring revenue (up 54% year-over-year) and a raised long-term revenue target to $600 million annually, primarily driven by semiconductor opportunities. Despite ongoing headwinds in the Pay-TV business and leadership uncertainty due to an ongoing CEO search, Adeia generated $54.6 million in cash from operations and expanded its patent portfolio.",2026-08-04 10:36:00,Yahoo Finance,https://finance.yahoo.com/markets/stocks/articles/adeia-inc-adea-q2-2026-050634400.html,alpha_vantage,2026-08-04 04:00:00,302.46913991298527,310.1525156602479,301.0603512911937,309.1134033203125,68001000,0.0,0.0,bullish,0.0028,0.9792,0.018
AAPL,av_0edccab5821052fb,Is FlexShares Morningstar U.S. Market Factor Tilt ETF (TILT) a Strong ETF Right Now?,"The FlexShares Morningstar U.S. Market Factor Tilt ETF (TILT), launched in 2011, offers broad exposure to the Style Box - All Cap Blend category, focusing on small-capitalization and value stocks. With over $2.22 billion in assets and an expense ratio of 0.25%, TILT has generated a year-to-date return of 13.36% and a 12-month return of 26.18%. The fund's top holdings include Nvidia, Apple, and Microsoft, with significant allocation to the Information Technology sector.",2026-08-04 10:39:26,Yahoo Finance,https://finance.yahoo.com/markets/stocks/articles/flexshares-morningstar-u-market-factor-102002452.html,alpha_vantage,2026-08-04 04:00:00,302.46913991298527,310.1525156602479,301.0603512911937,309.1134033203125,68001000,0.0,0.0,neutral,0.0006,0.0016,0.9979
AAPL,av_4984933f526cb77f,"Brunswick corp director Nancy Cooper sells $16,160 in stock By Investing.com","Nancy Cooper, a director at Brunswick Corp, recently sold 206 shares of the company's common stock for $16,160, following an acquisition of 589 shares. After these transactions, Ms. Cooper directly holds 28,184 shares. The stock has seen a 43.5% increase over the past year and Brunswick Corp also reported strong Q2 2026 results, exceeding analyst expectations for revenue and EPS.",2026-08-04 11:11:12,Investing.com Canada,https://ca.investing.com/news/stock-market-news/brunswick-corp-director-nancy-cooper-sells-16160-in-stock-93CH-4772367,alpha_vantage,2026-08-04 04:00:00,302.46913991298527,310.1525156602479,301.0603512911937,309.1134033203125,68001000,0.0,0.0,neutral,0.2847,0.0033,0.7119
AAPL,av_1e9b20351c75d134,Replimune Group : REPL,"This article provides an overview of Replimune Group Inc. (REPL), a biotechnology firm specializing in oncolytic immunotherapies for cancer treatment. It",2026-08-04 13:09:18,24/7 Wall St.,https://247wallst.com/companies/repl?tpid=1635515&tv=link&tc=in_content,alpha_vantage,2026-08-04 04:00:00,302.46913991298527,310.1525156602479,301.0603512911937,309.1134033203125,68001000,0.0,0.0,neutral,0.0013,0.0008,0.9979
AAPL,av_9c542dc5087b9d6d,United Bankshares stock hits 52-week high at 49.28 USD By Investing.com,"United Bankshares Inc. (UBSI) stock recently hit a 52-week high of $49.28, reflecting strong investor confidence and a 42% total return over the past year. The company's valuation appears attractive with a P/E ratio of ~13.4 and a low PEG ratio of 0.44, and it has consistently raised its dividend for 37 consecutive years, currently yielding 3.11%. This surge follows an earnings beat in the second quarter, where the company surpassed analyst expectations with $0.95 per diluted share.",2026-08-04 14:41:04,Investing.com Canada,https://ca.investing.com/news/stock-market-news/united-bankshares-stock-hits-52week-high-at-4928-usd-93CH-4774642,alpha_vantage,2026-08-04 04:00:00,302.46913991298527,310.1525156602479,301.0603512911937,309.1134033203125,68001000,0.0,0.0,bullish,0.0025,0.9951,0.0023
AAPL,av_8b2740b3f473905a,Ford Is Teaming Up With Apple For Its New Lineup Of EVs,"Ford Motor Company has announced a partnership with Apple to integrate Apple Maps as the primary navigation system in some of its upcoming electric vehicles. This integration will utilize Apple's MapKit for Automotive SDK, providing enhanced navigation features without needing a connected phone. The technology will first appear in Ford's new Universal Electric Vehicle (UEV) models, starting in 2027, which are designed to be more affordable, with a target MSRP of around $30,000.",2026-08-04 14:44:35,SlashGear,https://www.slashgear.com/2229473/ford-apple-maps-uev-partnership-announcement/,alpha_vantage,2026-08-04 04:00:00,302.46913991298527,310.1525156602479,301.0603512911937,309.1134033203125,68001000,0.0,0.0,neutral,0.0012,0.0084,0.9905
AAPL,av_d5c14fdd4ebe68ce,Nrg Energy stock hits 52-week low at 120.11 USD By Investing.com,"NRG Energy Inc.'s stock recently hit a 52-week low of $120.11, despite a subsequent 8.94% rebound, and is considered slightly undervalued by InvestingPro. The company faces challenges, evident from a 29.72% decline over the past year, but management has been actively buying back shares and consistently raising dividends. Recent Q2 2026 earnings showed mixed results with an earnings per share miss but exceeded revenue expectations and a significant EBITDA increase, alongside a new data-center project in Texas.",2026-08-04 15:44:20,Investing.com Canada,https://ca.investing.com/news/stock-market-news/nrg-energy-stock-hits-52week-low-at-12011-usd-93CH-4774826,alpha_vantage,2026-08-04 04:00:00,302.46913991298527,310.1525156602479,301.0603512911937,309.1134033203125,68001000,0.0,0.0,bearish,0.9971,0.0013,0.0015
AAPL,av_b5a0d2c2c7fec751,Digital Turbine set to report earnings amid app distribution shift,"Digital Turbine is preparing to report its first-quarter fiscal 2027 earnings, with analysts expecting 9 cents per share on $145 million in revenue, a 10.8% increase year-over-year. Investors will be closely watching for signs of the mobile ad-tech company's turnaround sustainability amidst margin pressures and its strategic shift towards its new Launchpad app distribution platform, especially following its sale of AdColony assets. The company's ability to maintain growth and profitability while capitalizing on alternative app stores and AI-powered distribution will be key.",2026-08-04 17:09:43,Investing.com,https://m.investing.com/news/earnings/digital-turbine-set-to-report-earnings-amid-app-distribution-shift-93CH-4835313?ampMode=1,alpha_vantage,2026-08-04 04:00:00,302.46913991298527,310.1525156602479,301.0603512911937,309.1134033203125,68001000,0.0,0.0,neutral,0.0028,0.0743,0.923
AAPL,av_3b7723719a1198cd,Western Union and Rain Launch Stablecoin Card in 37 Markets,"Western Union and Rain have launched Stablecard, a digital wallet and Visa card that allows users to receive remittances as USDPT stablecoin and spend it at any Visa merchant. This initiative expands Western Union's blockchain integration into a consumer-facing product, targeting 37 markets with plans to reach over 60 by year-end, particularly in regions with unstable local currencies. The move comes as Western Union aims to grow its digital and consumer services amid a shrinking core business.",2026-08-04 18:10:02,The Defiant,https://thedefiant.io/converge/tradfi-and-fintech/western-union-and-rain-launch-stablecoin-card-in-37-markets,alpha_vantage,2026-08-04 04:00:00,302.46913991298527,310.1525156602479,301.0603512911937,309.1134033203125,68001000,0.0,0.0,neutral,0.0007,0.0024,0.9968
AAPL,av_e78cd275761868b4,Orchestra BioMed (OBIO) Projected to Announce Quarterly Earnings on Tuesday,"Orchestra BioMed (OBIO) is projected to announce its Q2 2026 earnings before market open on Tuesday, August 11th, with analysts forecasting a loss of $0.35 per share and revenue of $138,000. The company previously beat EPS expectations but missed revenue targets in Q1. The stock currently holds a ""Moderate Buy"" consensus rating with an average price target significantly higher than its current trading price, and insiders have recently increased their holdings.",2026-08-04 18:39:59,MarketBeat,https://www.marketbeat.com/instant-alerts/orchestra-biomed-obio-projected-to-announce-quarterly-earnings-on-tuesday-2026-08-04/,alpha_vantage,2026-08-04 04:00:00,302.46913991298527,310.1525156602479,301.0603512911937,309.1134033203125,68001000,0.0,0.0,neutral,0.0005,0.0014,0.9981
AAPL,av_f99c0f919fcaedd3,"Schwab U.S. Large-Cap Growth ETF (SCHG) Price, Holdings, & News","This article provides an overview of the Schwab U.S. Large-Cap Growth ETF (SCHG), detailing its price, holdings, and recent news. It highlights the ETF's objective to track the Dow Jones U.S. Large-Cap Growth Total Stock Market Index and lists its top holdings, including major tech companies like NVIDIA, Apple, and Microsoft. The article also includes key statistics, expense ratios, and frequently asked questions regarding SCHG's performance and ownership.",2026-08-04 20:40:48,MarketBeat,https://www.marketbeat.com/stocks/NYSEARCA/SCHG/,alpha_vantage,2026-08-04 04:00:00,302.46913991298527,310.1525156602479,301.0603512911937,309.1134033203125,68001000,0.0,0.0,neutral,0.0005,0.0013,0.9982
AAPL,av_d850facaff62ae39,Silicon Labs Announces BG2B Low-Power Bluetooth LE SoC,"Silicon Labs has unveiled the BG2B, a new Series 2 Bluetooth Low Energy (LE) wireless SoC, designed to improve power efficiency, security, and integration for battery-powered IoT devices. This SoC features Silicon Labs' lowest-power Bluetooth architecture, advanced Bluetooth Channel Sounding for location awareness, Secure Vault High security, and integrated peripherals like CAN-FD and LED drivers. It targets applications such as secure ranging, asset tracking, smart home devices, and industrial monitoring, aiming to extend battery life and simplify system design.",2026-08-04 21:12:51,Embedded Computing Design,https://embeddedcomputing.com/technology/processing/chips-and-socs/silicon-labs-announces-bg2b-low-power-bluetooth-le-soc,alpha_vantage,2026-08-04 04:00:00,302.46913991298527,310.1525156602479,301.0603512911937,309.1134033203125,68001000,0.0,0.0,neutral,0.0009,0.0062,0.9929
AAPL,av_b6614f271ac67e04,OpenAI Called Apple’s Lawsuit ‘Oddly Personal.’ Apple Says the Real Issue Is Stolen Secrets,"A legal battle between Apple and OpenAI has intensified after OpenAI publicly released private employee messages and attorney emails to counter Apple's trade secret theft claims. Apple's lawsuit alleges that OpenAI exploited job interviews to gather confidential information and physical components, using this data to advance its hardware business. OpenAI, however, argues that Apple's case is partly based on its own security vulnerabilities and misrepresents their communications, while Apple maintains the released messages address irrelevant activity.",2026-08-04 22:29:58,Inc.com,https://www.inc.com/georgia-fearn/openai-called-apples-lawsuit-oddly-personal-apple-says-the-real-issue-is-stolen-secrets/91384409,alpha_vantage,2026-08-04 04:00:00,302.46913991298527,310.1525156602479,301.0603512911937,309.1134033203125,68001000,0.0,0.0,bearish,0.9007,0.0113,0.088
AAPL,av_6b05901f13e0bc4b,OpenAI publicly pushes back against Apple lawsuit after new filing,"OpenAI has publicly countered Apple's lawsuit, which accuses the ChatGPT developer of stealing intellectual property to support its entry into the consumer electronics market. OpenAI's blog post, including internal correspondence, aims to weaken Apple's claims regarding former employees Chang Liu and Tang Tan, and an alleged email mix-up. Apple is seeking an expedited discovery process and a preliminary injunction against OpenAI, which plans to launch AI-powered devices like a smart speaker next year.",2026-08-04 22:37:00,SiliconANGLE,https://siliconangle.com/2026/08/04/openai-publicly-pushes-back-apple-lawsuit-new-filing/,alpha_vantage,2026-08-04 04:00:00,302.46913991298527,310.1525156602479,301.0603512911937,309.1134033203125,68001000,0.0,0.0,neutral,0.0102,0.1608,0.829
AAPL,av_12de9adae82713f6,Zenas BioPharma (ZBIO) Projected to Release Quarterly Earnings on Tuesday,"Zenas BioPharma (ZBIO) is expected to announce its Q2 2026 earnings before market open on Tuesday, August 11th. Analysts forecast a loss of $1.12 per share on $15 million in revenue, following a Q1 loss of $1.46 per share which slightly beat estimates. The company's stock recently rose 1.2% to $31.50, and analysts maintain a ""Moderate Buy"" rating with an average price target of $44.29.",2026-08-04 22:41:09,MarketBeat,https://www.marketbeat.com/instant-alerts/zenas-biopharma-zbio-projected-to-release-quarterly-earnings-on-tuesday-2026-08-04/,alpha_vantage,2026-08-04 04:00:00,302.46913991298527,310.1525156602479,301.0603512911937,309.1134033203125,68001000,0.0,0.0,neutral,0.0005,0.0015,0.9979
AAPL,av_1454389b4a5fe87f,Ampco-Pittsburgh (AP) Expected to Release Earnings on Tuesday,"Ampco-Pittsburgh (NYSE:AP) is anticipated to release its Q2 2026 earnings on Tuesday, August 11th, with analysts projecting earnings of $0.08 per share and revenue of $84.90 million. The company missed earnings estimates in the previous quarter, reporting a loss of $0.04 per share. Despite a recent stock price increase, market sentiment remains bearish, and insider activity shows both sales and purchases of company shares.",2026-08-04 23:39:38,MarketBeat,https://www.marketbeat.com/instant-alerts/ampco-pittsburgh-ap-expected-to-release-earnings-on-tuesday-2026-08-04/,alpha_vantage,2026-08-04 04:00:00,302.46913991298527,310.1525156602479,301.0603512911937,309.1134033203125,68001000,0.0,0.0,neutral,0.0005,0.0008,0.9987
AAPL,av_303b7a227f943f66,Aberdeen Group plc Buys ProQR Therapeutics NV (PRQR) -- Shares L,"Aberdeen Group plc significantly increased its stake in ProQR Therapeutics NV (PRQR) by purchasing over 5.6 million shares at $1.86 each, bringing their total ownership to 6.33%. Despite ProQR's low GF-Score and financial challenges typical of early-stage biopharmaceutical companies, GuruFocus assesses it as ""Modestly Undervalued"" with an 11% discount to its intrinsic value, suggesting a long-term conviction in its RNA therapeutics platform. This move by Aberdeen highlights a strategy to identify undervalued opportunities in high-growth sectors, particularly in the risky but potentially rewarding biopharmaceutical space.",2026-08-05 01:41:41,GuruFocus,https://www.gurufocus.com/news/9004062/aberdeen-group-plc-buys-proqr-therapeutics-nv-prqr-shares-look-11-undervalued-on-gf-value,alpha_vantage,2026-08-04 04:00:00,302.46913991298527,310.1525156602479,301.0603512911937,309.1134033203125,68001000,0.0,0.0,neutral,0.001,0.0027,0.9963
AAPL,av_a16c7f18be29e6a4,Apple says more ex-employees may have taken confidential data to OpenAI,"Apple is escalating its trade secrets lawsuit against OpenAI, seeking a preliminary injunction and expedited discovery. The iPhone maker claims new evidence suggests more former employees, beyond the initially accused, may have taken confidential data related to unannounced products to OpenAI. OpenAI has publicly denied Apple's claims, stating they are based on false information and that the company is focused on innovation, not stealing trade secrets.",2026-08-05 03:37:08,Yahoo Finance,https://finance.yahoo.com/technology/ai/articles/apple-says-more-ex-employees-140301387.html,alpha_vantage,2026-08-04 04:00:00,302.46913991298527,310.1525156602479,301.0603512911937,309.1134033203125,68001000,0.0,0.0,neutral,0.0027,0.0008,0.9965
AAPL,av_a78e47031e13503b,Eli Lilly Ripe for Stock Split After Obesity Drug-Fueled Rally,"Eli Lilly's stock has surged over 285% since 2022 due to its successful obesity drugs, pushing its share price above $1,000 and making it the first pharma company to exceed a $1 trillion market cap. Analysts and investors suggest the company is ripe for a stock split to make shares more accessible to smaller investors, despite the availability of fractional shares. While Lilly has not indicated a split, the move is generally seen as a positive for increasing shareholder accessibility and attracting new investors.",2026-08-05 04:00:00,Yahoo Finance,https://finance.yahoo.com/markets/stocks/articles/eli-lilly-ripe-stock-split-110005696.html,alpha_vantage,2026-08-05 04:00:00,309.09342362565195,311.4414048335362,305.406631186344,310.7320251464844,49438800,0.0,0.0,bullish,0.2156,0.7162,0.0682
AAPL,av_167f6743aa55ee6f,Apple Gears Up for September iPhone Launch With Retail Employee Lottery,"Apple is preparing for its major September product launch, likely for the new iPhone, by initiating a lottery for U.S. retail employees. These selected employees will assist with event logistics, such as managing lines, greeting guests, and supporting security teams during the in-person unveiling. This strategy aims to leverage its retail workforce for a smooth launch event.",2026-08-05 04:06:58,Bloomberg.com,https://www.bloomberg.com/news/articles/2026-08-04/apple-gears-up-for-september-iphone-launch-with-retail-employee-lottery,alpha_vantage,2026-08-05 04:00:00,309.09342362565195,311.4414048335362,305.406631186344,310.7320251464844,49438800,0.0,0.0,neutral,0.0006,0.001,0.9984
AAPL,av_1978393e4fd0a1cf,VOO’s 0.03% Fee Hides the Real Cost: 28.7% of Your Money in Seven Stocks,"The Vanguard S&P 500 ETF (VOO), despite its low 0.03% expense ratio, has a hidden cost: 28.7% of its holdings are concentrated in seven AI-driven mega-cap stocks. This concentration, a result of market-cap weighting, exposes investors to significant risk if these tech giants underperform, effectively making VOO a leveraged bet on a small cluster of companies rather than a broadly diversified S&P 500 fund. While VOO has delivered strong returns due to this focus, alternatives like Vanguard Total Stock Market ETF (VTI) offer greater diversification for investors seeking to mitigate this concentration risk.",2026-08-05 04:10:27,24/7 Wall St.,https://247wallst.com/investing/etf/2026/08/04/voos-0-03-fee-hides-the-real-cost-28-7-of-your-money-in-seven-stocks/,alpha_vantage,2026-08-05 04:00:00,309.09342362565195,311.4414048335362,305.406631186344,310.7320251464844,49438800,0.0,0.0,neutral,0.0006,0.0006,0.9988
AAPL,av_05e6c59f132e97c3,"RTD Financial Advisors, Inc.'s International Business Machines Corp(IBM) Holding History","As of June 30, 2026, RTD Financial Advisors, Inc. holds 6,633 shares of International Business Machines Corp (IBM), valued at $1.87 million, representing 0.2% of their portfolio. The firm initiated its position in 2025Q1, making four purchases and one sale, resulting in an estimated loss of $102,669.35 to date based on the current IBM stock price.",2026-08-05 04:39:05,GuruFocus,"https://www.gurufocus.com/guru-portfolio/RTD%20Financial%20Advisors,%20Inc./IBM",alpha_vantage,2026-08-05 04:00:00,309.09342362565195,311.4414048335362,305.406631186344,310.7320251464844,49438800,0.0,0.0,neutral,0.0006,0.0008,0.9986
AAPL,av_34050e282fd8e466,MP Materials Q1 2026 slides: record NdPr output drives earnings beat,"MP Materials reported a significant earnings beat in Q1 2026, driven by record Neodymium-Praseodymium (NdPr) production and strong revenue growth. Despite the positive financial performance and strategic advancements in its Magnetics Segment, the stock experienced a slight decline, potentially due to valuation concerns. The company expects a temporary dip in Q2 production due to maintenance but anticipates resumed growth and initial finished magnet sales in the latter half of 2026.",2026-08-05 05:40:51,Investing.com,https://www.investing.com/news/company-news/mp-materials-q1-2026-slides-record-ndpr-output-drives-earnings-beat-93CH-4671011,alpha_vantage,2026-08-05 04:00:00,309.09342362565195,311.4414048335362,305.406631186344,310.7320251464844,49438800,0.0,0.0,neutral,0.0027,0.1672,0.8301
AAPL,av_d8903e0a3c225e6a,Sen. Shelley Moore Capito Sells Shares of Intel Corporation (NASDAQ:INTC),Senator Shelley Moore Capito recently sold shares of Intel Corporation (NASDAQ:INTC) and other major,2026-08-05 06:10:08,MarketBeat,https://www.marketbeat.com/instant-alerts/sen-shelley-moore-capito-sells-shares-of-intel-corporation-nasdaqintc-2026-08-05/,alpha_vantage,2026-08-05 04:00:00,309.09342362565195,311.4414048335362,305.406631186344,310.7320251464844,49438800,0.0,0.0,neutral,0.0033,0.0016,0.9951
AAPL,av_05f41cbd936f247b,"LRGE ETF Profile: Dividends, Returns (BOATS:LRGE)","This article provides a detailed profile of the LRGE ETF (ClearBridge Large Cap Growth Select ETF), outlining its investment strategy, key statistics, holdings, and dividend information. The ETF focuses on about 30 US large-cap growth stocks and is actively managed by Franklin Resources, Inc. It also highlights the fund's expense ratio, inception date, and recent changes to its ESG strategy.",2026-08-05 08:12:14,TradingView,https://www.tradingview.com/symbols/BOATS-LRGE/profile/,alpha_vantage,2026-08-05 04:00:00,309.09342362565195,311.4414048335362,305.406631186344,310.7320251464844,49438800,0.0,0.0,neutral,0.0005,0.0006,0.9989
AAPL,av_f16942f5946518dc,"Kurv Launches the Kurv Equity Option Income ETF (KEO), Designed to Provide Diversified Exposure with Weekly Income Potential","Kurv Investment Management has launched the Kurv Equity Option Income ETF (KEO), an actively managed ""fund of funds"" ETF designed to offer diversified exposure to Kurv's enhanced income strategies. KEO invests across Kurv's Single-Stock Enhanced Income ETFs, which include major companies like Amazon, Apple, and Tesla, aiming to provide investors with a single-ticker solution for weekly income potential. The fund addresses investor demand for simplified income solutions and more consistent cash flow beyond traditional fixed income options.",2026-08-05 09:00:00,Yahoo Finance,https://finance.yahoo.com/markets/options/articles/kurv-launches-kurv-equity-option-130000825.html,alpha_vantage,2026-08-05 04:00:00,309.09342362565195,311.4414048335362,305.406631186344,310.7320251464844,49438800,0.0,0.0,neutral,0.0005,0.0012,0.9983
AAPL,av_8119dc1ac76881b3,Amex Platinum vs. Chase Sapphire Reserve: The Winner Might Surprise You in August 2026,"This article compares two premium travel cards, the American Express Platinum Card and the Chase Sapphire Reserve, detailing their annual fees, perks, and earning rates. It concludes that while the Platinum Card is better for frequent jetsetters due to its extensive travel perks, the Chase Sapphire Reserve is a smarter choice for most people who travel less often but still desire premium benefits, thanks to its more versatile perks and lower effective annual fee. The author emphasizes that the ""better"" card depends on individual spending habits and travel frequency.",2026-08-05 10:31:41,The Motley Fool,https://www.fool.com/money/credit-cards/articles/amex-platinum-vs-chase-sapphire-reserve-the-winner-might-surprise-you-in-august-2026/,alpha_vantage,2026-08-05 04:00:00,309.09342362565195,311.4414048335362,305.406631186344,310.7320251464844,49438800,0.0,0.0,neutral,0.0004,0.0014,0.9982
AAPL,av_4ebdad48e60d77dc,Apollo CEO has a $11.1 billion net worth today—but he started out with a series of hospitality jobs,"Marc Rowan, cofounder and CEO of Apollo Global Management, has a net worth of $11.1 billion, but he started his career with various hospitality and retail jobs, including valet parking and working in a party goods store. He emphasizes that these early experiences were valuable and helped shape his four-decade financial career. Other successful leaders like Marvin Ellison, Indra Nooyi, and Tim Cook also began with humble jobs, highlighting that early ordinary work can contribute significantly to later success.",2026-08-05 11:01:00,Fortune,https://fortune.com/2026/08/05/before-becoming-ceo-79-billion-wall-street-giant-apollo-marc-rowan-worked-at-party-store-valet-lot-kosher-caterer/,alpha_vantage,2026-08-05 04:00:00,309.09342362565195,311.4414048335362,305.406631186344,310.7320251464844,49438800,0.0,0.0,neutral,0.0008,0.0008,0.9984
AAPL,av_11a54b77beb2efe1,"Next Capital Management LLC Sells 1,723 Shares of Apple Inc. $AAPL","Next Capital Management LLC reduced its stake in Apple Inc. (NASDAQ:AAPL) by 6.1% in the first quarter, selling 1,723 shares and retaining 26,623 shares valued at approximately $6.76 million. Despite recent downgrades to ""Hold"" from some analysts, Apple maintains a ""Moderate Buy"" consensus rating with an average price target of $330.44. The company reported strong quarterly earnings and revenue, but faces concerns regarding costs, supply constraints, delayed AI features, and its elevated valuation.",2026-08-05 11:06:58,MarketBeat,https://www.marketbeat.com/instant-alerts/filing-next-capital-management-llc-sells-1723-shares-of-apple-inc-aapl-2026-08-05/,alpha_vantage,2026-08-05 04:00:00,309.09342362565195,311.4414048335362,305.406631186344,310.7320251464844,49438800,0.0,0.0,bearish,0.8154,0.0617,0.1229
AAPL,av_841390112319ab20,"Eaton Cambridge Inc. Buys 2,450 Shares of Apple Inc. $AAPL","Eaton Cambridge Inc. has increased its stake in Apple Inc. (NASDAQ:AAPL) by 21.3% in the first quarter, purchasing an additional 2,450 shares, bringing its total to 13,968 shares valued at approximately $3.55 million. This makes Apple its 10th biggest position, comprising about 1.1% of its investment portfolio. The move comes as Apple reported strong quarterly earnings, exceeding expectations with EPS of $2.02 and revenue of $109.42 billion, alongside announcing a quarterly dividend of $0.27 per share.",2026-08-05 11:07:23,MarketBeat,https://www.marketbeat.com/instant-alerts/filing-eaton-cambridge-inc-buys-2450-shares-of-apple-inc-aapl-2026-08-05/,alpha_vantage,2026-08-05 04:00:00,309.09342362565195,311.4414048335362,305.406631186344,310.7320251464844,49438800,0.0,0.0,bullish,0.0036,0.9902,0.0063
AAPL,av_7bda19fcae120397,Apple Inc. $AAPL Shares Acquired by Meeder Advisory Services Inc.,"Meeder Advisory Services Inc. increased its stake in Apple Inc. by 1.5% in the first quarter, now owning 381,218 shares valued at $96.7 million. Despite some analyst concerns regarding valuation and AI strategy, Apple's latest quarter exceeded expectations with $2.02 EPS and $109.42 billion revenue, and the company declared a $0.27 per share quarterly dividend. Institutional investors collectively own 67.73% of Apple, while insider transactions show a recent sale by Ben Borders to cover tax obligations.",2026-08-05 12:07:00,MarketBeat,https://www.marketbeat.com/instant-alerts/filing-apple-inc-aapl-shares-acquired-by-meeder-advisory-services-inc-2026-08-05/,alpha_vantage,2026-08-05 04:00:00,309.09342362565195,311.4414048335362,305.406631186344,310.7320251464844,49438800,0.0,0.0,neutral,0.0014,0.0075,0.9912
AAPL,av_45dab98b9158a915,"Apple, Alphabet, JB Hunt And Howmet Aerospace: CNBC’s ‘Final Trades’","CNBC's ""Final Trades"" featured discussions on Apple, Alphabet, JB Hunt, and Howmet Aerospace. Analysts provided their views and recent financial performance for these companies, including Apple's better-than-expected Q3 results but lower Q4 guidance, Alphabet's strong Q2 revenue, and JB Hunt's Q2 earnings beat. Investment professionals also shared their recommendations, with Joshua Brown remaining long on Apple, Rob Sechan endorsing Howmet Aerospace, and Jim Lebenthal picking Alphabet.",2026-08-05 12:08:50,Benzinga,https://www.benzinga.com/trading-ideas/long-ideas/26/08/60944748/apple-alphabet-jb-hunt-and-howmet-aerospace-cnbcs-final-trades,alpha_vantage,2026-08-05 04:00:00,309.09342362565195,311.4414048335362,305.406631186344,310.7320251464844,49438800,0.0,0.0,neutral,0.0005,0.0006,0.9989
AAPL,av_d21cbc10cd47d173,Himalaya Shipping (HSHP) Projected to Announce Earnings on Tuesday,"Himalaya Shipping (HSHP) is expected to report its Q2 2026 earnings before market open on Tuesday, August 11th. Analysts project earnings of $0.4932 per share and revenue of $50.812 million. The company's previous quarter missed EPS estimates but exceeded revenue expectations, and institutional investors currently hold 22.33% of the stock.",2026-08-05 15:42:02,MarketBeat,https://www.marketbeat.com/instant-alerts/himalaya-shipping-hshp-projected-to-announce-earnings-on-tuesday-2026-08-04/,alpha_vantage,2026-08-05 04:00:00,309.09342362565195,311.4414048335362,305.406631186344,310.7320251464844,49438800,0.0,0.0,neutral,0.0005,0.001,0.9985
AAPL,av_780cfef511bbf1a7,How ProShares Ultra QQQ Quietly Built $14.46 Billion in Assets Despite Warnings That Leveraged ETFs Destroy Long-Term Wealth,"The ProShares Ultra QQQ (QLD), a 2x leveraged Nasdaq-100 ETF, has surprisingly delivered significant long-term returns, outperforming its unleveraged counterpart (QQQ) over the past decade despite warnings about volatility decay. While it has shown nearly 2x performance over one year, its five-year returns demonstrate volatility decay, where actual gains fall short of a theoretical 2x. The article highlights that the fund's success over the decade is largely due to the Nasdaq-100's strong, smooth uptrend, and advises investors to watch volatility (VIX) as a key indicator for future performance.",2026-08-05 15:46:00,Yahoo Finance,https://finance.yahoo.com/markets/options/articles/proshares-ultra-qqq-quietly-built-204659190.html,alpha_vantage,2026-08-05 04:00:00,309.09342362565195,311.4414048335362,305.406631186344,310.7320251464844,49438800,0.0,0.0,neutral,0.0007,0.0006,0.9987
AAPL,av_862396d7a37402c7,Hennessy Capital Investment Corp VII (HVII) Earnings Forecast: Future EPS & Revenue Growth Estimates,"The article provides an earnings forecast for Hennessy Capital Investment Corp VII (HVII), indicating a ""Buy"" rating based on the analysis of one analyst. It highlights key financial data such as a market cap of $273.77M and a P/E TTM of 97.79, alongside a target price of 17.000 USD, suggesting a significant upside. The forecast also includes a peer comparison and notes that relevant",2026-08-05 16:11:34,TradingKey,https://www.tradingkey.com/markets/stocks/hvii/forecast,alpha_vantage,2026-08-05 04:00:00,309.09342362565195,311.4414048335362,305.406631186344,310.7320251464844,49438800,0.0,0.0,bullish,0.0053,0.7994,0.1953
AAPL,av_6df164913b1528be,JOYT ETF | JPMorgan Equity and Options Total Return ETF,"This page provides an overview of the JPMorgan Equity and Options Total Return ETF (JOYT), including its current stock price, key financial ratios like PE and PB, volume, and dividend yield. It lists the ETF's top holdings, such as NVDA, AAPL, and GOOGL, and indicates that it holds 113 stocks with a total value of $85.00 million. The page also features an interactive chart, trade information, and access to more detailed data for premium members.",2026-08-05 16:12:26,GuruFocus,https://www.gurufocus.com/etf/JOYT/trades?view=table,alpha_vantage,2026-08-05 04:00:00,309.09342362565195,311.4414048335362,305.406631186344,310.7320251464844,49438800,0.0,0.0,neutral,0.0007,0.0009,0.9985
AAPL,av_3208228f78f52bde,4 Things All Dividend Investors Need to Know About Building Passive Income Right Now,"Dividend stocks are regaining appeal, outperforming the S&P 500 with less volatility. Investors should not buy stocks solely based on yield but instead diversify, invest in dividend growers, and check balance sheets to ensure quality. The article provides four key guidelines for successful dividend investing, emphasizing sustainability, diversification, growth, and maintaining cash reserves.",2026-08-05 16:19:03,The Globe and Mail,https://www.theglobeandmail.com/investing/markets/stocks/TSLA/pressreleases/3668735/4-things-all-dividend-investors-need-to-know-about-building-passive-income-right-now/,alpha_vantage,2026-08-05 04:00:00,309.09342362565195,311.4414048335362,305.406631186344,310.7320251464844,49438800,0.0,0.0,neutral,0.0006,0.0006,0.9989
AAPL,av_984fd206e57c7782,Silicon Labs Delivers its Lowest-Power Bluetooth LE SoC,"Silicon Labs has introduced the BG2B, a Series 2 Bluetooth Low Energy (LE) wireless SoC, designed to extend battery life and enhance capabilities for battery-powered IoT devices. The BG2B offers the lowest power consumption in Silicon Labs’ Bluetooth LE portfolio, with improved efficiency across various operational modes. It also integrates advanced security features like Secure Vault, along with numerous peripherals such as CAN-FD, LED drivers, and dual ADCs, reducing bill-of-materials cost and enabling new applications in smart homes, industrial monitoring, and vehicle diagnostics.",2026-08-05 19:16:16,www.embedded.com,https://www.embedded.com/silicon-labs-delivers-its-lowest-power-bluetooth-le-soc/,alpha_vantage,2026-08-05 04:00:00,309.09342362565195,311.4414048335362,305.406631186344,310.7320251464844,49438800,0.0,0.0,neutral,0.0012,0.002,0.9968
AAPL,av_5e44d8fdb6ef6c3a,"BlackRock, Inc. Reduces XP Inc (XP) Stake -- Shares Still 56% Un","BlackRock, Inc. has reduced its stake in XP Inc (NASDAQ:XP) by 16%, selling over 7.4 million shares. Despite this reduction, XP shares are considered significantly undervalued according to GuruFocus's GF Value, trading at less than half of their estimated fair value. However, the company faces financial challenges, including a low financial strength rank and a negative Altman Z-score, leading to a ""Possible Value Trap"" designation by GF Valuation.",2026-08-05 19:37:00,GuruFocus,https://www.gurufocus.com/news/9009059/blackrock-inc-reduces-xp-inc-xp-stake-shares-still-56-undervalued-on-gf-value,alpha_vantage,2026-08-05 04:00:00,309.09342362565195,311.4414048335362,305.406631186344,310.7320251464844,49438800,0.0,0.0,bearish,0.931,0.0092,0.0598
AAPL,av_55129ae9d134d432,"Sandisk earnings impact on Micron, Western Digital, and Seagate","Sandisk Corporation's upcoming earnings report is expected to significantly impact the memory and storage sector, particularly affecting Micron Technology Inc, Western Digital Corporation, and Seagate Technology Holdings plc due to Sandisk's role as a bellwether for NAND flash and storage pricing. All four companies have shown high volatility and elevated expectations, meaning Sandisk's results could trigger substantial price movements. While these three companies are most directly exposed, other semiconductor giants like NVIDIA, Apple, and Samsung could also see sympathy moves.",2026-08-05 19:43:23,Investing.com,https://m.investing.com/news/stock-market-news/sandisk-earnings-impact-on-micron-western-digital-and-seagate-93CH-4839061?ampMode=1,alpha_vantage,2026-08-05 04:00:00,309.09342362565195,311.4414048335362,305.406631186344,310.7320251464844,49438800,0.0,0.0,neutral,0.0085,0.0005,0.991
AAPL,av_1594b53a46969a48,"BlackRock, Inc. Expands Stake in Zentalis Pharmaceuticals (ZNTL) with Strategic Share Addition","BlackRock, Inc. has increased its stake in Zentalis Pharmaceuticals (ZNTL) by purchasing 2,441,077 additional shares, bringing its total ownership to 5.20% of the company's outstanding shares. This strategic move, executed at $4.85 per share, reflects BlackRock's confidence in the clinical-stage biopharmaceutical company's long-term prospects, particularly its lead oncology drug candidate. Despite Zentalis's current unprofitability and weak financial performance metrics typical of early-stage biotech, its strong cash-to-debt ratio and significant year-to-date stock surge highlight a high-risk, high-reward investment in a promising clinical pipeline.",2026-08-05 20:11:55,GuruFocus,https://www.gurufocus.com/news/9009150/blackrock-inc-expands-stake-in-zentalis-pharmaceuticals-zntl-with-strategic-share-addition,alpha_vantage,2026-08-05 04:00:00,309.09342362565195,311.4414048335362,305.406631186344,310.7320251464844,49438800,0.0,0.0,neutral,0.0005,0.0041,0.9954
AAPL,av_bedbbfdcd50c288d,Schwab Emerging Markets ETF vs State Street Climate Fund: Do Emerging Markets or Climate Stocks Offer Better Growth in 2026?,"This article compares the Schwab Emerging Markets Equity ETF (SCHE) and the State Street SPDR MSCI ACWI Climate Paris Aligned ETF (NZAC), examining their expense ratios, dividend yields, performance, and portfolio compositions. While NZAC has shown better long-term performance, SCHE is highlighted for its affordability, higher dividend, and clearer alignment with its stated investment strategy, making it the preferred choice for 2026. The analysis delves into their differing diversification strategies, with SCHE focusing on emerging economies and NZAC on sustainability-aligned global companies.",2026-08-05 20:12:53,The Globe and Mail,https://www.theglobeandmail.com/investing/markets/stocks/AAPL-Q/pressreleases/3673415/schwab-emerging-markets-etf-vs-state-street-climate-fund-do-emerging-markets-or-climate-stocks-offer-better-growth-in-2026/,alpha_vantage,2026-08-05 04:00:00,309.09342362565195,311.4414048335362,305.406631186344,310.7320251464844,49438800,0.0,0.0,neutral,0.0006,0.0005,0.9989
AAPL,av_6ab46a987cfb8369,"BlackRock, Inc. Trims Upwork Inc (UPWK) Stake -- Shares Remain 33% Undervalued on GF Value","BlackRock, Inc. reduced its stake in Upwork Inc (UPWK) by 59,499 shares on June 30, 2026, a 0.32% decrease, but still holds 18.8 million shares, representing 15.20% of its total holdings in the company. Despite Upwork's significant stock volatility and year-to-date decline, the stock is currently considered ""Significantly Undervalued"" by GuruFocus's GF Value, trading at $9.59 against an estimated GF Value of $14.40. BlackRock's move is likely a portfolio rebalancing rather than a bearish outlook, reflecting a cautious yet substantial long-term commitment to the online freelance marketplace.",2026-08-05 20:17:00,GuruFocus,https://www.gurufocus.com/news/9009144/blackrock-inc-trims-upwork-inc-upwk-stake-shares-remain-33-undervalued-on-gf-value,alpha_vantage,2026-08-05 04:00:00,309.09342362565195,311.4414048335362,305.406631186344,310.7320251464844,49438800,0.0,0.0,bearish,0.9823,0.001,0.0167
AAPL,av_062b392a7bc2000e,"SPXE Dividend: 0.90% Yield, $0.75/Share — History & Dates","The ProShares S&P 500 Ex-Energy ETF (SPXE) offers a current dividend yield of 0.89%, translating to $0.75 per share annually, with a payout ratio of 0.29. The ETF has been consistently paying dividends since 2015, demonstrating a 5-year dividend growth rate of 11.63% and a 10-year growth rate of 10.82%. The article provides a detailed history of its 43 dividend payments, including ex-dividend dates and amounts.",2026-08-05 20:40:07,GuruFocus,https://www.gurufocus.com/etf/SPXE/dividend,alpha_vantage,2026-08-05 04:00:00,309.09342362565195,311.4414048335362,305.406631186344,310.7320251464844,49438800,0.0,0.0,neutral,0.0007,0.0015,0.9978
AAPL,av_03945e1557f90dbb,U.S. Large Company Portfolio: ETF Class Shares (DLCU) valuation measures and financial statistics,"The U.S. Large Company Portfolio ETF (DLCU) is designed to invest in S&P 500® Index stocks, with over 95% of its net assets mirroring the index. As of August 7, 2026, DLCU was trading at $50.15, showing a slight increase of 0.49% for the day. The ETF has net assets of $14.33 billion and an inception date of August 4, 2026.",2026-08-05 22:10:40,Yahoo Finance Singapore,https://sg.finance.yahoo.com/quote/DLCU/key-statistics/,alpha_vantage,2026-08-05 04:00:00,309.09342362565195,311.4414048335362,305.406631186344,310.7320251464844,49438800,0.0,0.0,neutral,0.0004,0.0011,0.9985
AAPL,av_eb4f1f9284d56508,ProShares Ultra QQQ 2x Shares : QLD,"This article provides an overview of the ProShares Ultra QQQ 2x Shares (QLD) ETF, which aims to deliver twice the daily performance of the Nasdaq-100 Index. It includes current stock data for QLD, describes its investment strategy, and lists several related articles and news updates, including discussions on leveraged ETFs and Apple earnings from previous years. The fund targets large-cap companies and uses derivatives to achieve its magnified returns.",2026-08-05 22:11:37,24/7 Wall St.,https://247wallst.com/companies/QLD/?tpid=1636882&tv=link&tc=in_content,alpha_vantage,2026-08-05 04:00:00,309.09342362565195,311.4414048335362,305.406631186344,310.7320251464844,49438800,0.0,0.0,neutral,0.0017,0.0062,0.9921
AAPL,av_6132b7495f29045d,Gabelli High Income ETF(GBHI) - 合理價、目標價與討論區 - 股市爆料同學會,"This page provides detailed financial information for the Gabelli High Income ETF (GBHI), including its real-time quote, technical analysis, performance metrics, and top five holdings. It also features a discussion forum where users can share insights and ask questions about the ETF, although currently there are no active discussions. The page highlights key data such as asset size, net value, yield, and expense ratio.",2026-08-05 22:11:53,CMoney,https://www.cmoney.tw/forum/usstock/etf/GBHI?tab=discuss,alpha_vantage,2026-08-05 04:00:00,309.09342362565195,311.4414048335362,305.406631186344,310.7320251464844,49438800,0.0,0.0,neutral,0.0012,0.0006,0.9983
AAPL,av_2b36bbc1497a17ac,"SEIV Dividend: 1.36% Yield, $0.71/Share — History & Dates","The SEI Enhanced U.S. Large Cap Value Factor ETF (SEIV) offers a 1.36% dividend yield, paying $0.71 per share annually with a payout ratio of 0.27. The ETF has been consistently paying dividends since 2022 and boasts a 5-year dividend growth rate of 8.56%. The article provides a detailed historical overview of its dividend payments, ex-dividend dates, and related financial metrics.",2026-08-05 22:42:38,GuruFocus,https://www.gurufocus.com/etf/SEIV/dividend,alpha_vantage,2026-08-05 04:00:00,309.09342362565195,311.4414048335362,305.406631186344,310.7320251464844,49438800,0.0,0.0,neutral,0.0007,0.0016,0.9977
AAPL,av_3cfa2ae8a4572a14,"SPXV Dividend: 0.88% Yield, $0.77/Share — History & Dates","This article details the dividend history and key financial metrics for ProShares S&P 500 Ex-Health Care ETF (SPXV). It highlights the ETF's current dividend yield of 0.88% ($0.77 per share annually), a payout ratio of 0.29, and a 5-year dividend growth rate of 11.54%. The ETF has been consistently paying dividends since 2015.",2026-08-06 00:40:46,GuruFocus,https://www.gurufocus.com/etf/SPXV/dividend,alpha_vantage,2026-08-05 04:00:00,309.09342362565195,311.4414048335362,305.406631186344,310.7320251464844,49438800,0.0,0.0,neutral,0.0007,0.0015,0.9978
AAPL,av_d1f47e8337df7373,"LSVD Dividend: 0.27% Yield, $0.10/Share — History & Dates","This article provides a detailed analysis of the LSV Disciplined Value ETF (LSVD) dividend, highlighting its current yield of 0.26% ($0.09 per share annually) and a payout ratio of 0.25. It details the ETF's dividend history, growth rates, and key dates, confirming it has been paying dividends since 2025 with a 5-year growth rate of 10.72%. The article also includes frequently asked questions regarding LSVD's dividend performance.",2026-08-06 02:10:17,GuruFocus,https://www.gurufocus.com/etf/LSVD/dividend,alpha_vantage,2026-08-05 04:00:00,309.09342362565195,311.4414048335362,305.406631186344,310.7320251464844,49438800,0.0,0.0,neutral,0.0007,0.0016,0.9976
AAPL,av_8e30605456c5cb0d,"BlackRock, Inc. Adds Sharplink Inc (SBET) Shares -- Stock Trades 1,345% Above GF Value","BlackRock, Inc. has increased its stake in Sharplink Inc (SBET) by 10.4 million shares, bringing its total holdings to over 14 million shares. This move is notable because Sharplink's stock is currently trading at $6.36, significantly above its GF Value of $0.44, suggesting it is 1,345% overvalued, despite the company's poor profitability and innovative ETH treasury management approach. BlackRock's decision, despite the high valuation and challenging fundamentals, may signal a strategic long-term bet or diversification in the digital asset space, highlighting a divergence from traditional value investing principles.",2026-08-06 02:37:29,GuruFocus,https://www.gurufocus.com/news/9009156/blackrock-inc-adds-sharplink-inc-sbet-shares-stock-trades-1345-above-gf-value,alpha_vantage,2026-08-05 04:00:00,309.09342362565195,311.4414048335362,305.406631186344,310.7320251464844,49438800,0.0,0.0,bullish,0.0099,0.9705,0.0196
AAPL,av_75c4af0dc83ec12d,VANGUARD CAPITAL MANAGEMENT LLC Expands Stake in SELLAS Life Sciences Group Inc (SLS),"Vanguard Capital Management LLC significantly increased its stake in SELLAS Life Sciences Group Inc (SLS) by acquiring 2,140,349 additional shares at $14.76 each. This transaction, executed on June 30, 2026, boosts Vanguard's holdings to 9,666,278 shares, representing a 28.44% increase and making SLS 5.19% of its total portfolio. Despite the firm's confidence, the stock has since declined by 19.58% to $11.87 per share, underscoring the volatility and speculative nature of biopharmaceutical investments.",2026-08-06 02:41:11,GuruFocus,https://www.gurufocus.com/news/9009386/vanguard-capital-management-llc-expands-stake-in-sellas-life-sciences-group-inc-sls,alpha_vantage,2026-08-05 04:00:00,309.09342362565195,311.4414048335362,305.406631186344,310.7320251464844,49438800,0.0,0.0,neutral,0.0006,0.0016,0.9978
AAPL,av_909970455023aaa8,"Xtrackers Artificial Intelligence and Big Data ETF (XAIX) Stock Forecast, Price Targets & Predictions","The Xtrackers Artificial Intelligence and Big Data ETF (XAIX) has a consensus analyst rating of Moderate Buy. Based on 82 analyst ratings over the past three months, the average 12-month price target for XAIX is $52.47, with a high forecast of $65.24 and a low forecast of $40.28, representing a 28.22% change from the last price of $40.92. The article also lists stocks within XAIX holdings that have high upside potential according to analysts, such as Meitu, Atlassian Corporation Plc, SoundHound AI, Inc Class A, and MicroStrategy Incorporated.",2026-08-06 03:09:41,TipRanks,https://www.tipranks.com/etf/xaix/forecast,alpha_vantage,2026-08-05 04:00:00,309.09342362565195,311.4414048335362,305.406631186344,310.7320251464844,49438800,0.0,0.0,neutral,0.0005,0.0007,0.9988
AAPL,av_ac6a57770f5dab96,VANGUARD CAPITAL MANAGEMENT LLC Adds to Altisource Portfolio Sol,"VANGUARD CAPITAL MANAGEMENT LLC increased its stake in Altisource Portfolio Solutions SA (ASPS) by purchasing 239,330 shares at $7.50 each on June 30, 2026, bringing their total holdings to 571,992 shares. Despite this addition, ASPS exhibits concerning financial metrics, including a negative Altman Z-Score and significant price decline since its IPO. The stock is currently assessed as ""Fairly Valued"" by GuruFocus, but its GF-Score suggests poor future performance potential, indicating VANGUARD's move could be a contrarian bet.",2026-08-06 03:42:46,GuruFocus,https://www.gurufocus.com/news/9009387/vanguard-capital-management-llc-adds-to-altisource-portfolio-solutions-sa-asps-stake-shares-trade-near-gf-value,alpha_vantage,2026-08-05 04:00:00,309.09342362565195,311.4414048335362,305.406631186344,310.7320251464844,49438800,0.0,0.0,neutral,0.0005,0.0007,0.9988
AAPL,av_80989d1099c43462,History Says Investing $400 per Month in This ETF Could Set You Up for Life. Here's How.,"This article suggests that consistently investing $400 per month in the Invesco QQQ ETF could lead to a portfolio worth over $1 million due to its historical average annual return of 10.6%. The ETF, which tracks the Nasdaq-100 index, has a heavy concentration in megacap technology companies, benefiting from major tech trends despite short-term volatility. The piece emphasizes the importance of buying and holding to navigate market fluctuations and leverage fractional shares if needed.",2026-08-06 10:36:56,The Globe and Mail,https://www.theglobeandmail.com/investing/markets/stocks/MSFT-Q/pressreleases/3687305/history-says-investing-400-per-month-in-this-etf-could-set-you-up-for-life-here-s-how/,alpha_vantage,2026-08-06 04:00:00,314.06913775687,316.0174696892129,308.96355554648414,312.14080810546875,46139900,0.0,0.0,neutral,0.0004,0.0032,0.9964
AAPL,av_230f1245d12ef077,History Says Investing $400 per Month in This ETF Could Set You Up for Life. Here's How.,"The article highlights how investing $400 monthly in the Invesco QQQ ETF, which tracks the Nasdaq-100, could lead to over $1 million over 30 years, based on its historical average annual return of over 10%. Despite significant volatility, including a major drop after its 1999 launch, the ETF has performed strongly due to its focus on megacap tech companies like Nvidia, Apple, and Microsoft. The strategy emphasizes consistent, long-term investment, leveraging fractional shares for smaller monthly contributions, and riding out market fluctuations.",2026-08-06 10:56:27,The Globe and Mail,https://www.theglobeandmail.com/investing/markets/stocks/AMZN/pressreleases/3687305/history-says-investing-400-per-month-in-this-etf-could-set-you-up-for-life-heres-how/,alpha_vantage,2026-08-06 04:00:00,314.06913775687,316.0174696892129,308.96355554648414,312.14080810546875,46139900,0.0,0.0,neutral,0.0004,0.0032,0.9964
AAPL,av_328d512bbb6d9d98,Form 8K Kenvue Inc For: 6 August By Investing.com,"This article reports that Kenvue Inc. has filed a Form 8K on August 6th. The brief mention indicates a significant event or disclosure made by the company to the SEC. The content itself is very minimal, serving primarily as an announcement of the filing.",2026-08-06 11:02:31,Investing.com Canada,https://ca.investing.com/news/stock-market-news/form-8k-kenvue-inc-for-6-august-93CH-4781254,alpha_vantage,2026-08-06 04:00:00,314.06913775687,316.0174696892129,308.96355554648414,312.14080810546875,46139900,0.0,0.0,neutral,0.0006,0.0006,0.9988
AAPL,av_1bb19732e361a3d4,"BlackRock, Inc. Adds to Veritone Inc (VERI) Stake -- Shares Look 18% Undervalued on GF Value","BlackRock, Inc. significantly increased its stake in Veritone Inc (VERI) on June 30, 2026, acquiring over 4.9 million additional shares, bringing its total ownership to 7.10%. Despite this substantial purchase, Veritone's stock has since declined, and the company faces significant financial challenges, including poor profitability and negative growth rates. While the GF Value suggests the shares are modestly undervalued, the fundamental weaknesses indicate that BlackRock's move might be a contrarian bet on a potential turnaround.",2026-08-06 11:09:41,GuruFocus,https://www.gurufocus.com/news/9009122/blackrock-inc-adds-to-veritone-inc-veri-stake-shares-look-18-undervalued-on-gf-value,alpha_vantage,2026-08-06 04:00:00,314.06913775687,316.0174696892129,308.96355554648414,312.14080810546875,46139900,0.0,0.0,neutral,0.0299,0.0087,0.9613
AAPL,av_a3acc98784e9ecab,"BlackRock, Inc. Trims Western New England Bancorp Inc (WNEB) Stake","BlackRock, Inc. reduced its stake in Western New England Bancorp Inc (WNEB) by 62,949 shares on June 30, 2026, selling at $14.30 per share. This move decreased BlackRock's holding by 3.67%, representing 8.20% of its total portfolio. The reduction aligns with GuruFocus's assessment that WNEB is significantly overvalued, trading 36% above its intrinsic value despite strong recent momentum.",2026-08-06 11:10:06,GuruFocus,https://www.gurufocus.com/news/9009178/blackrock-inc-trims-western-new-england-bancorp-inc-wneb-stake-shares-trade-36-above-gf-value,alpha_vantage,2026-08-06 04:00:00,314.06913775687,316.0174696892129,308.96355554648414,312.14080810546875,46139900,0.0,0.0,bearish,0.9904,0.0013,0.0083
AAPL,av_b904966aa9d11925,History Says Investing $400 per Month in This ETF Could Set You Up for Life. Here's How.,"The article highlights the Invesco QQQ ETF (QQQ) as a strong long-term investment, having returned over 10% annually since its 1999 inception despite initial dot-com crash volatility. It explains how consistently investing $400 per month in QQQ, leveraging its historical average returns and focus on leading tech companies, could lead to a portfolio worth over $1 million in 30 years. The strategy emphasizes buying and holding to ride out volatility and benefit from market downturns.",2026-08-06 11:17:14,The Globe and Mail,https://www.theglobeandmail.com/investing/markets/stocks/TSLA-Q/pressreleases/3687305/history-says-investing-400-per-month-in-this-etf-could-set-you-up-for-life-here-s-how/,alpha_vantage,2026-08-06 04:00:00,314.06913775687,316.0174696892129,308.96355554648414,312.14080810546875,46139900,0.0,0.0,neutral,0.0004,0.0032,0.9964
AAPL,av_eb5d4f857a3d5b25,Form 8K Scholar Rock Holding Corp For: 6 August By Investing.com,This article announces the filing of a Form 8K by Scholar Rock Holding Corp for August 6th. The brief piece includes the stock symbol SRRK and notes a significant price increase of 9.96%. The content primarily consists of market data and news headlines rather than detailed information about the Form 8K itself.,2026-08-06 11:39:37,Investing.com Canada,https://ca.investing.com/news/stock-market-news/form-8k-scholar-rock-holding-corp-for-6-august-93CH-4781428,alpha_vantage,2026-08-06 04:00:00,314.06913775687,316.0174696892129,308.96355554648414,312.14080810546875,46139900,0.0,0.0,neutral,0.0006,0.0006,0.9988
AAPL,av_8b250a66db362738,Oceania Cruises® Launches Curated Conversations,"Oceania Cruises has launched ""Curated Conversations,"" a new onboard enrichment series featuring influential figures from technology, film, culture, and the arts. Debuting in 2027, the program will include speakers like Apple co-founder Steve Wozniak and actress Karen Allen, offering guests unique opportunities for engaging discussions and insights in an intimate luxury setting. This initiative aims to enhance the guest experience by fostering meaningful connections and lifelong learning during voyages.",2026-08-06 12:39:20,Norwegian Cruise Line Holdings Ltd.,https://www.nclhltd.com/news-media/press-releases/detail/814/oceania-cruises-launches-curated-conversations,alpha_vantage,2026-08-06 04:00:00,314.06913775687,316.0174696892129,308.96355554648414,312.14080810546875,46139900,0.0,0.0,neutral,0.0005,0.0007,0.9987
AAPL,av_b8676b94fa9f7a2a,"Eightco Holdings (NASDAQ: ORBS) outlines $378M AI, WLD and cash portfolio","Eightco Holdings Inc. (NASDAQ: ORBS) has updated investors on its treasury holdings as of August 5, 2026, totaling approximately $378 million. This portfolio includes significant investments in OpenAI, Beast Industries, Worldcoin (WLD) tokens, Ethereum (ETH), and cash/stablecoins. The company's strategy focuses on artificial intelligence, digital identity, and the creator economy, with WLD representing about 25% of its treasury assets and an 8.4% share of its circulating supply.",2026-08-06 12:40:30,Stock Titan,https://www.stocktitan.net/sec-filings/ORBS/8-k-eightco-holdings-inc-reports-material-event-a3c07b0c6796.html,alpha_vantage,2026-08-06 04:00:00,314.06913775687,316.0174696892129,308.96355554648414,312.14080810546875,46139900,0.0,0.0,neutral,0.0005,0.0007,0.9988
AAPL,av_598f689dbeb70231,Cirrus Logic (NASDAQ: CRUS) grows Q1 sales and flags major IRS tax case,"Cirrus Logic (NASDAQ: CRUS) reported strong first-quarter fiscal 2027 results with net sales up 13% to $459.7 million, driven by demand for audio and high-performance mixed-signal products in smartphones. The company also disclosed an ongoing IRS tax dispute from 2017–2019, with the IRS proposing $168.3 million in additional tax and $63.7 million in penalties related to transfer pricing, which Cirrus Logic is contesting. Despite robust sales and a strong balance sheet, operating cash flow decreased due to working capital investments, and Apple continues to represent approximately 90% of net sales, highlighting customer concentration risk.",2026-08-06 13:10:50,Stock Titan,https://www.stocktitan.net/sec-filings/CRUS/10-q-cirrus-logic-inc-quarterly-earnings-report-3bb346c94e7d.html,alpha_vantage,2026-08-06 04:00:00,314.06913775687,316.0174696892129,308.96355554648414,312.14080810546875,46139900,0.0,0.0,bullish,0.0025,0.9945,0.003
AAPL,av_0f51141a4cf769ec,Virtual Fitness Market,"The global Virtual Fitness Market is projected to grow from USD 39.1 billion in 2026 to USD 330.7 billion by 2036, exhibiting a CAGR of 23.8%. This growth is driven by flexible digital instruction that caters to varying schedules and addresses the gap in physical activity levels, despite challenges like weak habit formation and health-data obligations. Group sessions, on-demand delivery, and smartphone access are key trends, with Peloton, Apple, and Nike among the market's notable players.",2026-08-06 13:40:37,Future Market Insights,https://www.futuremarketinsights.com/reports/virtual-fitness-market,alpha_vantage,2026-08-06 04:00:00,314.06913775687,316.0174696892129,308.96355554648414,312.14080810546875,46139900,0.0,0.0,neutral,0.0007,0.0008,0.9985
AAPL,av_f0d98aaa05dd833f,OpenAI Asks Judge to Toss Apple’s Trade Secrets Lawsuit,"OpenAI has filed a motion asking a federal judge to dismiss Apple's trade secrets lawsuit, calling the allegations meritless. OpenAI argues that Apple's complaint is ""rotten to its core"" and misrepresents the actions of its employees, including those who were allegedly trying to assist former Apple colleagues. This development follows Apple's recent request for an order to prevent OpenAI from using alleged stolen trade secrets.",2026-08-06 14:07:02,Insurance Journal,https://www.insurancejournal.com/news/national/2026/08/06/880579.htm,alpha_vantage,2026-08-06 04:00:00,314.06913775687,316.0174696892129,308.96355554648414,312.14080810546875,46139900,0.0,0.0,neutral,0.0059,0.0062,0.9879
AAPL,av_36e749de558fdec6,Alibaba Group Holding (BABA) Is Up 11.7% After AI Lawsuit Highlights Qwen Disclosure Risks – Has The Bull Case Changed?,"Alibaba (BABA) shares are up 11.7% despite a federal securities class action lawsuit alleging the company misled investors about its ties to China's MIIT and the risks of its Qwen AI models. The lawsuit coincides with Alibaba's push to showcase its Qwen AI advancements and its Qwen3.8-Max launch, which includes plans to open-source model weights. This creates a complex investment landscape as investors weigh Alibaba's AI growth ambitions against potential legal and regulatory challenges that could impact its global partnerships and market access.",2026-08-06 14:10:58,Simply Wall Street,https://simplywall.st/stocks/us/retail/nyse-baba/alibaba-group-holding/news/alibaba-group-holding-baba-is-up-117-after-ai-lawsuit-highli,alpha_vantage,2026-08-06 04:00:00,314.06913775687,316.0174696892129,308.96355554648414,312.14080810546875,46139900,0.0,0.0,bullish,0.0028,0.9936,0.0036
AAPL,av_17f195c1a384e5b0,Form 8K MSC Income Fund For: 6 August By Investing.com,"The article reports on the filing of Form 8K by MSC Income Fund on August 6th. It is a brief announcement from Investing.com, providing basic information about the filing. The article does not contain further details about the content of the Form 8K.",2026-08-06 14:13:26,Investing.com Canada,https://ca.investing.com/news/stock-market-news/form-8k-msc-income-fund-for-6-august-93CH-4782722,alpha_vantage,2026-08-06 04:00:00,314.06913775687,316.0174696892129,308.96355554648414,312.14080810546875,46139900,0.0,0.0,neutral,0.0005,0.0007,0.9988
AAPL,av_0131dbd235221b7f,EIP plans at T-Mobile: How to pay $0 up-front costs,"T-Mobile has introduced a new financing option called EIP Flex 36, allowing customers to acquire new phones, watches, and tablets with $0 up-front costs. This plan enables eligible customers to pay for devices over a 36-month period, often with 0% APR during its launch, making high-cost tech more accessible. It aims to alleviate the burden of steep initial prices for essential devices.",2026-08-06 14:30:27,Mashable,https://mashable.com/life/tmobile-new-free-phone-plan-how-it-works,alpha_vantage,2026-08-06 04:00:00,314.06913775687,316.0174696892129,308.96355554648414,312.14080810546875,46139900,0.0,0.0,neutral,0.0008,0.0009,0.9983
AAPL,av_fc0496de025b3739,Ford unveils name of new midsize EV truck to be built in Louisville,"Ford has officially named its new midsize electric pickup truck the ""Ford Fathom,"" which will be produced at the Louisville Assembly Plant following a $2 billion investment. This truck marks the first vehicle on Ford's new Universal Electric Vehicle Platform and the first EV to be built at the Louisville plant. With a starting price of $28,350, preorders for the Ford Fathom are set to begin in early 2027.",2026-08-06 14:38:27,The Courier-Journal,https://www.courier-journal.com/story/money/companies/ford/2026/08/06/ford-fathom-revealed-as-new-affordable-ev-truck-louisville-kentucky/91195585007/,alpha_vantage,2026-08-06 04:00:00,314.06913775687,316.0174696892129,308.96355554648414,312.14080810546875,46139900,0.0,0.0,neutral,0.0007,0.0016,0.9977
AAPL,av_f9c60601aa8e742a,Tutor Perini Corp stock hits all-time high at 100.12 USD,"Tutor Perini Corp (TPC) stock has reached an all-time high of $100.12, reflecting a 79.27% increase over the past year. This growth is supported by strong Q2 2026 earnings, robust revenue growth of 25.67%, and a market capitalization of $5.19 billion. Despite being considered overvalued by InvestingPro, the company has raised its full-year EPS guidance and increased dividends due to record revenue levels and improved margins.",2026-08-06 14:41:48,Investing.com Canada,https://ca.investing.com/news/stock-market-news/tutor-perini-corp-stock-hits-alltime-high-at-10012-usd-93CH-4782875,alpha_vantage,2026-08-06 04:00:00,314.06913775687,316.0174696892129,308.96355554648414,312.14080810546875,46139900,0.0,0.0,bullish,0.0029,0.9951,0.002
AAPL,av_d28a70c2ebe9b3a6,Form 8K Alpha Pro Tech For: 6 August By Investing.com,"This article reports on the filing of a Form 8K by Alpha Pro Tech for August 6th. The brief news piece indicates that Alpha Pro Tech (APT) saw a 6.53% increase, according to the provided market data.",2026-08-06 15:10:39,Investing.com Canada,https://ca.investing.com/news/stock-market-news/form-8k-alpha-pro-tech-for-6-august-93CH-4783007,alpha_vantage,2026-08-06 04:00:00,314.06913775687,316.0174696892129,308.96355554648414,312.14080810546875,46139900,0.0,0.0,neutral,0.0005,0.0006,0.9989
AAPL,av_ca2ef07953db08e5,MP Materials Stock Leads 3 High Growth Picks With Strong Balance Sheet Backing,"This article identifies three high-growth stocks—MP Materials, AppLovin, and Shopify—that show strong earnings growth potential and solid balance sheets. These companies operate in critical sectors like rare earth production, AI-powered advertising, and e-commerce platforms, respectively. While each faces unique risks, analysts project significant future growth, making them attractive to investors looking for expansion opportunities backed by financial stability.",2026-08-06 15:40:25,Simply Wall St,https://simplywall.st/stocks/us/materials/nyse-mp/mp-materials/news/mp-materials-stock-leads-3-high-growth-picks-with-strong-bal,alpha_vantage,2026-08-06 04:00:00,314.06913775687,316.0174696892129,308.96355554648414,312.14080810546875,46139900,0.0,0.0,bullish,0.0019,0.994,0.0041
AAPL,av_1175fe2c56f0d1ec,"VTI is down 0.2% today, on WDC stock price movement","VTI stock has decreased by 0.2% today, primarily influenced by a 9.7% drop in WDC stock. Several other holdings, including APP, NVDA, AAPL, and GOOGL, also contributed to VTI's losses. The article also provides details on WDC insider trading activity, analyst ratings, and price targets.",2026-08-06 16:17:00,Quiver Quantitative,https://www.quiverquant.com/news/VTI+is+down+0.2%25+today%2C+on+WDC+stock+price+movement,alpha_vantage,2026-08-06 04:00:00,314.06913775687,316.0174696892129,308.96355554648414,312.14080810546875,46139900,0.0,0.0,bearish,0.9974,0.0008,0.0018
AAPL,av_4b1155749b34ead8,"Globalstar, Inc. 2026: Revenue $64.77M, Net income ($26.54M), EPS ($0.23) — 10-Q Summary","Globalstar, Inc. (GSAT) reported its 2026 quarterly results, showing a revenue of $64.77 million, a net loss of $26.54 million, and a diluted EPS of ($0.23). These figures represent a decline compared to the prior-year quarter, which had revenue of $67.15 million, net income of $19.21 million, and EPS of $0.13. The company highlighted ongoing network investments, a continued focus on wholesale capacity revenue, and strategic moves including an amended Apple services agreement.",2026-08-06 16:41:13,TradingView,https://www.tradingview.com/news/tradingview:9952e8a189d17:0-globalstar-inc-2026-revenue-64-77m-net-income-26-54m-eps-0-23-10-q-summary/,alpha_vantage,2026-08-06 04:00:00,314.06913775687,316.0174696892129,308.96355554648414,312.14080810546875,46139900,0.0,0.0,neutral,0.0004,0.0011,0.9984
AAPL,av_78eb78ad70aa73c6,"BlackRock, Inc. Boosts LG Display Co Ltd (LPL) Stake -- Shares Look 10% Undervalued on GF Value","BlackRock, Inc. significantly increased its stake in LG Display Co Ltd (LPL) by 595.26% on June 30, 2026, adding over 24.9 million shares at $3.89 each. Despite LG Display's financial challenges and negative profitability, GuruFocus classifies the stock as ""Modestly Undervalued"" with a GF Value of $3.61, suggesting a potential long-term value play for BlackRock. The company, a leading display panel manufacturer, faces financial distress indicators like a low Altman Z score and negative growth ranks, making BlackRock's move a contrarian investment.",2026-08-06 17:11:11,GuruFocus,https://www.gurufocus.com/news/9009205/blackrock-inc-boosts-lg-display-co-ltd-lpl-stake-shares-look-10-undervalued-on-gf-value,alpha_vantage,2026-08-06 04:00:00,314.06913775687,316.0174696892129,308.96355554648414,312.14080810546875,46139900,0.0,0.0,bullish,0.0052,0.8273,0.1675
AAPL,av_760c82f3c5f278e2,"World's Smartest Banker Warns Of Hidden Margin Debt; SanDisk, WDC Disappoint; SK Hynix's Flash Crash","This article discusses the current market conditions, highlighting the disappointing earnings reports from SanDisk (SNDK) and Western Digital (WDC) despite strong growth, and a significant flash crash experienced by SK Hynix (SKHY) in South Korea. It also touches on concerns raised by JPMorgan's CEO Jamie Dimon regarding hidden margin debt and the dichotomy in valuations between Apple and SanDisk, suggesting potential volatility in the market based on whether AI-driven growth is secular or cyclical. The article also provides current money flow trends for major tech stocks and ETFs.",2026-08-06 17:39:40,Benzinga,https://www.benzinga.com/Opinion/26/08/61008915/worlds-smartest-banker-warns-of-hidden-margin-debt-sandisk-wdc-disappoint-sk-hynixs-flash-crash,alpha_vantage,2026-08-06 04:00:00,314.06913775687,316.0174696892129,308.96355554648414,312.14080810546875,46139900,0.0,0.0,neutral,0.0114,0.0012,0.9875
AAPL,av_6aeee25315e5b353,Opera (OPRA) Is Up 9.4% After $300M Buyback And Stronger ARPU – Has The Bull Case Changed?,"Opera (OPRA) recently reported 288 million monthly active users, a 25% increase in annualized average revenue per user, and authorized a US$300 million share repurchase program. This news has led to a 9.4% increase in its stock price, reinforcing the investment narrative around user monetization and disciplined capital allocation. However, the company still faces execution risks with newer products and management, while its shares remain potentially undervalued according to various fair value estimates.",2026-08-06 19:09:27,Simply Wall Street,https://simplywall.st/stocks/us/software/nasdaq-opra/opera/news/opera-opra-is-up-94-after-300m-buyback-and-stronger-arpu-has,alpha_vantage,2026-08-06 04:00:00,314.06913775687,316.0174696892129,308.96355554648414,312.14080810546875,46139900,0.0,0.0,bullish,0.0036,0.9936,0.0029
AAPL,av_4a474f10807de1c9,Apple App Store revenue ticks up despite falling downloads,"Apple's App Store saw a 0.6% year-over-year revenue increase in the first 35 days of its fiscal fourth quarter, reaching $3.4 billion, despite a 4% decline in total downloads. This growth was driven by a 4.7% increase in dollars per download. Bank of America reiterated a Buy rating on Apple, highlighting strong capital returns, potential AI leadership, and new product optionality, with a price objective of $380.",2026-08-06 20:07:00,Proactive financial news,https://www.proactiveinvestors.com/companies/news/1096688/apple-app-store-revenue-ticks-up-despite-falling-downloads-1096688.html,alpha_vantage,2026-08-06 04:00:00,314.06913775687,316.0174696892129,308.96355554648414,312.14080810546875,46139900,0.0,0.0,bullish,0.0126,0.753,0.2344
AAPL,av_7765fcfec1b50e63,Using This Apple Privacy Feature? Researchers Warn It Has a Flaw,"Researchers have identified a flaw in Apple's Private Relay feature that may inadvertently expose users' IP addresses, even when the feature is enabled. The vulnerability stems from WebKit, Apple's browser engine, and particularly affects users who utilize passkeys, which bypass Private Relay. This issue allows for DNS leaks and the exposure of real IP addresses, contradicting the privacy assurances of Private Relay.",2026-08-06 20:21:59,Inc.com,https://www.inc.com/chloe-aiello/using-this-apple-privacy-feature-researchers-warn-it-has-a-flaw/91386074,alpha_vantage,2026-08-06 04:00:00,314.06913775687,316.0174696892129,308.96355554648414,312.14080810546875,46139900,0.0,0.0,neutral,0.0035,0.0005,0.996
AAPL,av_77bbfb6eb4e87880,What Does Toast's Principal Accounting Officer Selling 35% of Her Directly-Held Company Shares Mean for Investors?,"Toast's Principal Accounting Officer, Rossana Niola, sold 2,298 shares of company stock, representing 35% of her directly-held equity, in a non-discretionary ""sell-to-cover"" transaction for tax liabilities associated with RSU vesting. Despite this sale, Niola retains a significant stake through remaining direct shares and over 46,000 RSUs, maintaining alignment with shareholder interests. This transaction is not viewed as a red flag, especially given Toast's recent strong Q2 earnings report, which saw a 22% increase in new customer locations and diluted EPS of $0.26.",2026-08-06 21:10:23,The Globe and Mail,https://www.theglobeandmail.com/investing/markets/stocks/TOST/pressreleases/3680560/what-does-toasts-principal-accounting-officer-selling-35-of-her-directly-held-company-shares-mean-for-investors/,alpha_vantage,2026-08-06 04:00:00,314.06913775687,316.0174696892129,308.96355554648414,312.14080810546875,46139900,0.0,0.0,neutral,0.0008,0.0004,0.9988
AAPL,av_3c09e7d32cd613a4,Form 8K Cedar Realty Trust For: 6 August By Investing.com,"This article announces the filing of a Form 8K by Cedar Realty Trust on August 6, 2026. The content provides basic details of the filing along with related stock performance data for CDR_pb and CDR_pc. The article itself serves primarily as a notification of the SEC filing rather than an in-depth analysis.",2026-08-06 21:11:03,Investing.com Canada,https://ca.investing.com/news/stock-market-news/form-8k-cedar-realty-trust-for-6-august-93CH-4784281,alpha_vantage,2026-08-06 04:00:00,314.06913775687,316.0174696892129,308.96355554648414,312.14080810546875,46139900,0.0,0.0,neutral,0.0005,0.0006,0.9988
AAPL,av_7d1996fdd960bc96,Telecom Argentina SA (TEO) Earnings Forecast: Future EPS & Revenue Growth Estimates,"This article provides an earnings forecast for Telecom Argentina SA (TEO), detailing its current earnings forecast score, average price target, and analyst ratings. Based on 6 analysts, the stock has a ""Buy"" trend with a target price of $14.64, representing a 6.09% upside. The expected revenue for the next quarter is $1.72 billion, and the EPS is projected at $0.26.",2026-08-06 21:39:25,TradingKey,https://www.tradingkey.com/markets/stocks/teo/forecast,alpha_vantage,2026-08-06 04:00:00,314.06913775687,316.0174696892129,308.96355554648414,312.14080810546875,46139900,0.0,0.0,neutral,0.0027,0.1046,0.8927
AAPL,av_83ed16c17bc63b2d,Oceania Cruises (NYSE: NCLH) Brings Steve Wozniak And Karen Allen Aboard For New At-Sea Speaker Series,"Oceania Cruises is launching a new onboard enrichment program called ""Curated Conversations,"" featuring influential figures like Apple co-founder Steve Wozniak and actress Karen Allen. This series, debuting on select 2027 sailings, aims to provide guests with exclusive access to engage in dialogue with experts from technology, film, and arts. The program emphasizes interactive discussions over traditional lectures, reflecting the cruise line's focus on exploration and discovery for its guests.",2026-08-06 22:49:44,Foreign Policy Journal,https://www.foreignpolicyjournal.com/2026/08/06/oceania-cruises-nyse-nclh-brings-steve-wozniak-and-karen-allen-aboard-for-new-at-sea-speaker-series/,alpha_vantage,2026-08-06 04:00:00,314.06913775687,316.0174696892129,308.96355554648414,312.14080810546875,46139900,0.0,0.0,neutral,0.0005,0.0009,0.9986
AAPL,av_21ee3fda4bc1219c,History Says Investing $400 per Month in This ETF Could Set You Up for Life. Here's How.,"The article highlights the Invesco QQQ ETF (QQQ) as a potentially life-changing investment, based on its historical performance since 1999. It explains how consistently investing $400 per month could lead to a portfolio worth over $1 million due to the ETF's average annual returns of more than 10%. The fund's concentration in megacap tech companies like Nvidia, Apple, Alphabet, and Microsoft is cited as a key driver of its past and anticipated future growth, despite short-term volatility.",2026-08-06 23:09:19,The Globe and Mail,https://www.theglobeandmail.com/investing/markets/stocks/AAPL/pressreleases/3687305/history-says-investing-400-per-month-in-this-etf-could-set-you-up-for-life-heres-how/,alpha_vantage,2026-08-06 04:00:00,314.06913775687,316.0174696892129,308.96355554648414,312.14080810546875,46139900,0.0,0.0,neutral,0.0004,0.0032,0.9964
AAPL,av_8e8493b6acb6865c,Precision Optics Corporation Inc (POCI) Earnings Forecast: Future EPS & Revenue Growth Estimates,"This article provides an earnings forecast for Precision Optics Corporation Inc (POCI), noting its current earnings forecast score of 8.00 and ranking it 65th in the Healthcare Equipment & Supplies industry. Based on one analyst, the stock has a ""Buy"" rating with an 89.57% upside target price. The report also includes peer comparisons and highlights that specific financial forecasting data for EPS, Revenue, Net Profit, and EBIT has not yet been disclosed by the company.",2026-08-07 00:09:33,TradingKey,https://www.tradingkey.com/markets/stocks/poci/forecast,alpha_vantage,2026-08-06 04:00:00,314.06913775687,316.0174696892129,308.96355554648414,312.14080810546875,46139900,0.0,0.0,bullish,0.005,0.8442,0.1508
AAPL,av_5e2f949015c22248,CalciMedica Inc (CALC) Earnings Forecast: Future EPS & Revenue Growth Estimates,"The article provides an earnings forecast for CalciMedica Inc (CALC), highlighting analyst ratings, target prices, and historical EPS performance. Analysts currently have a ""Buy"" consensus for CALC, with a target price of USD 15.50 and a significant upside potential of +1374.72%. The previous quarter's EPS was USD -0.68, missing the market expectation of USD 0.31, while the next quarter's EPS is projected at USD -0.28.",2026-08-07 00:39:49,TradingKey,https://www.tradingkey.com/markets/stocks/calc/forecast,alpha_vantage,2026-08-06 04:00:00,314.06913775687,316.0174696892129,308.96355554648414,312.14080810546875,46139900,0.0,0.0,bullish,0.0059,0.6951,0.299
AAPL,av_65fedbd48902a017,"Form 8K Quanome Technologies, Inc For: 6 August By Investing.com","This article reports on Quanome Technologies, Inc.'s Form 8K filing for August 6, 2026. The filing is relevant to the stock market, with the company's stock symbol QNME showing a 10.63% increase. The content indicates it's a financial news report from Investing.com.",2026-08-07 01:58:00,Investing.com Canada,https://ca.investing.com/news/stock-market-news/form-8k-quanome-technologies-inc-for-6-august-93CH-4783721,alpha_vantage,2026-08-06 04:00:00,314.06913775687,316.0174696892129,308.96355554648414,312.14080810546875,46139900,0.0,0.0,neutral,0.0006,0.0007,0.9987
AAPL,av_79385046e740727b,Dlocal options signal 11% move on upcoming earnings release,"Dlocal Ltd/Uruguay Class A (DLO) stock is projected to move 11% based on options data ahead of its earnings report on August 13. Historically, the stock's actual price changes have varied significantly compared to options-implied moves, exceeding them in five of the past eight announcements. The article highlights past discrepancies, such as a 9.5% implied move resulting in a 21.5% drop, and a 14.7% implied move leading to a 49.4% surge.",2026-08-07 02:10:28,Investing.com,https://www.investing.com/news/stock-market-news/dlocal-options-signal-11-move-on-upcoming-earnings-release-93CH-4842973,alpha_vantage,2026-08-06 04:00:00,314.06913775687,316.0174696892129,308.96355554648414,312.14080810546875,46139900,0.0,0.0,bullish,0.0084,0.9726,0.0189
AAPL,av_848973d4c1e5d19f,"Cable One Inc earnings missed by $209.59, revenue topped estimates","Cable One Inc (NYSE: CABO) reported second-quarter EPS of $-204.4, significantly missing analyst estimates by $209.59. However, the company's revenue for the quarter, at $348.93M, slightly exceeded the consensus estimate. The stock has seen a considerable decline over the last 3 and 12 months.",2026-08-07 02:11:34,Investing.com,https://www.investing.com/news/earnings/cable-one-inc-earnings-missed-by-20959-revenue-topped-estimates-4844974,alpha_vantage,2026-08-06 04:00:00,314.06913775687,316.0174696892129,308.96355554648414,312.14080810546875,46139900,0.0,0.0,bearish,0.8079,0.0061,0.186
AAPL,av_21dd78dcf8b72bd5,"Defiance Daily 2X Space ETF (SPCL) News, Articles, Events & Latest Updates","This article compiles recent news and updates related to the Defiance Daily 2X Space ETF (SPCL), with a significant focus on SpaceX (SPCX) and its financial events. Key topics include SpaceX's lockup expiration, bond sales for refinancing, analyst opinions on its valuation, and the performance of its stock post-IPO. The articles also touch on related companies like Rocket Lab.",2026-08-07 02:40:54,Stocktwits,https://stocktwits.com/symbol/SPCL/news,alpha_vantage,2026-08-06 04:00:00,314.06913775687,316.0174696892129,308.96355554648414,312.14080810546875,46139900,0.0,0.0,neutral,0.0005,0.0007,0.9988
AAPL,av_00eb1dd56e82a9d6,Mp Materials Corp (MP) Q2 2026 Earnings Call Transcript,"MP Materials Corp. reported strong Q2 2026 results, with significant growth in NdPr production and sales, and substantial progress in its Magnetics segment. The company highlighted expanded production, advanced commercial magnet manufacturing, and secured a major long-term supply agreement for gadolinium oxide. Leadership also discussed the strategic importance of domestic magnet manufacturing and initiatives like Project Swarm to address supply chain uncertainty and support the U.S. industrial base.",2026-08-07 03:40:25,AlphaStreet,https://news.alphastreet.com/mp-materials-corp-mp-q2-2026-earnings-call-transcript/amp/,alpha_vantage,2026-08-06 04:00:00,314.06913775687,316.0174696892129,308.96355554648414,312.14080810546875,46139900,0.0,0.0,neutral,0.0005,0.0006,0.9989
AAPL,av_648f21a50d646248,"Urban Edge Properties earnings beat by $0.03, revenue topped estimates","Urban Edge Properties (NYSE: UE) reported second-quarter earnings per share of $0.14, surpassing analyst estimates by $0.03. The company's revenue for the quarter reached $122.65 million, exceeding the consensus estimate of $118.34 million. Urban Edge Properties' stock has seen a 9.84% increase over the last 12 months, and its financial health is rated as ""good performance"" by InvestingPro.",2026-08-07 04:11:40,Investing.com,https://www.investing.com/news/earnings/urban-edge-properties-earnings-beat-by-003-revenue-topped-estimates-4844936,alpha_vantage,2026-08-07 04:00:00,311.1816431226555,314.53873325457766,310.47223295908327,313.0599975585937,34437200,0.0,0.0,bullish,0.0021,0.9941,0.0038
AAPL,av_2b6aa57b83828df4,OpenAI’s AI Hardware Could Launch as Early as Next Year Amid Apple Plagiarism Concerns,"OpenAI plans to launch its first AI-native portable smart speaker in 2027, despite an ongoing trade secret lawsuit filed by Apple. Apple alleges OpenAI misappropriated hardware technologies by systematically poaching talent, including current Chief Hardware Officer Tang Tan. OpenAI has moved to dismiss the suit, arguing its device is a novel form factor and Apple's claims are an attempt to block employee mobility due to its own struggles in the AI market.",2026-08-07 06:37:02,TradingKey,https://www.tradingkey.com/analysis/stocks/us-stocks/262087360-stock-openai-apple-aapl-ai-tradingkey,alpha_vantage,2026-08-07 04:00:00,311.1816431226555,314.53873325457766,310.47223295908327,313.0599975585937,34437200,0.0,0.0,neutral,0.0009,0.0015,0.9976
AAPL,av_cc9d5f76dd6e6870,OpenAI responds to Apple’s trade secrets lawsuit – the key claims,"OpenAI has escalated its response to Apple's trade secrets lawsuit by publishing emails and iMessage exchanges that it claims contradict Apple's version of events. The company's post, titled ""Apple is getting this wrong,"" calls Apple's lawsuit ""careless, aggressive and oddly personal"" while also praising the company. This public, document-backed rebuttal marks a significant shift from OpenAI's earlier brief denials, as both tech giants prepare for a legal battle.",2026-08-07 07:06:59,Raconteur,https://www.raconteur.net/global-business/openai-responds-to-apples-trade-secrets-lawsuit-the-key-claims,alpha_vantage,2026-08-07 04:00:00,311.1816431226555,314.53873325457766,310.47223295908327,313.0599975585937,34437200,0.0,0.0,bearish,0.8256,0.1227,0.0517
AAPL,av_390a970d8dfea19b,"Williams Sonoma EVP Karalyn Yearout sells $250,000 in stock","Williams-Sonoma EVP Karalyn Yearout sold 1,000 shares of company stock worth $250,000 on August 4, 2026, as part of a pre-arranged trading plan. Following the sale, Yearout directly holds 20,717 shares. The transaction occurred while WSM shares traded near their 52-week high, with InvestingPro analysis suggesting the stock is currently overvalued despite strong year-to-date returns.",2026-08-07 07:09:40,Investing.com,https://www.investing.com/news/insider-trading-news/williams-sonoma-evp-karalyn-yearout-sells-250000-in-stock-93CH-4844822,alpha_vantage,2026-08-07 04:00:00,311.1816431226555,314.53873325457766,310.47223295908327,313.0599975585937,34437200,0.0,0.0,neutral,0.0033,0.0031,0.9935
AAPL,av_4159ba6e75c336b2,OpenAI Asks Judge to Toss Apple’s Trade Secrets Lawsuit,"OpenAI has filed a motion asking a federal judge to dismiss Apple's trade secrets lawsuit, calling the allegations meritless. OpenAI argues that Apple's complaint misrepresents the actions of its employees and that the suit is a ""baseless and pretextual lawsuit"" stemming from Apple's own shortcomings in the talent market and AI integration. The legal action follows a cooling relationship between the two companies despite their earlier collaboration on integrating ChatGPT into Apple products.",2026-08-07 08:07:02,Claims Journal,https://www.claimsjournal.com/news/national/2026/08/07/339348.htm,alpha_vantage,2026-08-07 04:00:00,311.1816431226555,314.53873325457766,310.47223295908327,313.0599975585937,34437200,0.0,0.0,neutral,0.0059,0.0062,0.9879
AAPL,av_7991fb93f7af0706,"Roundhill Photonics & Optics ETF (Derivatives) price today, LYTE to USD live price, marketcap and chart","This CoinMarketCap page provides live price data, market capitalization, and performance statistics for the Roundhill Photonics & Optics ETF (Derivatives) (LYTE). The ETF's current price is $27.60 USD, with a 24-hour trading volume not available, and it has seen a 0.25% increase in the last 24 hours. The page also lists similar tokenized assets and popular cryptocurrencies, along with their current prices and performance.",2026-08-07 09:17:15,CoinMarketCap,https://coinmarketcap.com/currencies/roundhill-photonics-optics-etf-derivatives/,alpha_vantage,2026-08-07 04:00:00,311.1816431226555,314.53873325457766,310.47223295908327,313.0599975585937,34437200,0.0,0.0,neutral,0.0013,0.0114,0.9873
AAPL,av_05461e285fb17e52,"Clockwise U.S. Core Equity ETF (TIME) Stock Price, Holdings, Dividend Yield","This article provides a detailed overview of the Clockwise U.S. Core Equity ETF (TIME), including its stock price, holdings, dividend yield, and key financial statistics. As of its latest N-PORT filing on May 31, 2026, the ETF has 38 holdings with a total value of $14.00 million, a turnover rate of 45%, and its top holdings include Apple, Alphabet, NVIDIA, Microsoft, and Amazon. The ETF currently has a dividend yield of 4.62% and a PE Ratio of 27.97.",2026-08-07 10:12:25,GuruFocus,https://www.gurufocus.com/etf/TIME/summary,alpha_vantage,2026-08-07 04:00:00,311.1816431226555,314.53873325457766,310.47223295908327,313.0599975585937,34437200,0.0,0.0,neutral,0.0006,0.0009,0.9985
AAPL,av_eddddf7751c4bf1e,"As Apple Kicks the AI Can Down the Road, the Company Is Being Picked Apart","Apple is reportedly accusing former employees of stealing trade secrets and taking them to OpenAI, leading to a lawsuit and a preliminary injunction request. The article, written with a satirical tone, speculates on the implications of this conflict, especially concerning OpenAI's potential move into hardware with an ""AI device"" and its acquisition of Jony Ive's startup. The author humorously questions what a ChatGPT-powered phone would entail.",2026-08-07 10:21:59,Inc.com,https://www.inc.com/joe-procopio/as-apple-kicks-the-ai-can-down-the-road-the-company-is-being-picked-apart/91385666,alpha_vantage,2026-08-07 04:00:00,311.1816431226555,314.53873325457766,310.47223295908327,313.0599975585937,34437200,0.0,0.0,neutral,0.0008,0.0008,0.9985
AAPL,av_b1fae8fa8a892115,"SCHG ETF delivers 446% return in 10 years with ultra-low fees, focusing on mega-cap U.S. growth stocks.","The Schwab U.S. Large-Cap Growth ETF (SCHG) has generated a 446% total return over the last decade, surpassing the S&P 500 ETF's 316% return due to its emphasis on large U.S. growth companies like Apple and NVIDIA. With an ultra-low expense ratio of approximately 0.04%, SCHG offers a cost-effective method for investors to gain growth exposure, despite trailing the Nasdaq-100 ETF's 558% return. It is suitable for long-term investors seeking low-cost growth within a diversified portfolio, though it carries risks such as concentration in mega-cap tech and market volatility.",2026-08-07 10:44:12,Pluang,https://pluang.com/en/news-feed/schg-untung-lima-kali-dalam-10-tahun-biaya-rendah,alpha_vantage,2026-08-07 04:00:00,311.1816431226555,314.53873325457766,310.47223295908327,313.0599975585937,34437200,0.0,0.0,neutral,0.0006,0.001,0.9984
AAPL,av_9bb72b47540a2c75,"You Thought You Owned 3,600 Stocks—You Actually Own a $1.2 Trillion Tech Bet","The article argues that investors in Vanguard Total Stock Market ETF (VTI) might believe they are diversified across 3,600 stocks, but due to market-cap weighting, the fund is heavily concentrated in a few mega-cap tech companies, performing similarly to an S&P 500 fund (VOO) but with weaker returns. VOO, with the same expense ratio, has delivered superior historical returns over VTI. The author suggests that VTI's diversification claim is misleading, as its performance is driven by the same top five tech stocks as VOO, making it a ""tech bet in disguise.""",2026-08-07 11:15:00,24/7 Wall St.,https://247wallst.com/investing/etf/2026/08/06/you-thought-you-owned-3600-stocks-you-actually-own-a-1-2-trillion-tech-bet/,alpha_vantage,2026-08-07 04:00:00,311.1816431226555,314.53873325457766,310.47223295908327,313.0599975585937,34437200,0.0,0.0,neutral,0.0006,0.0011,0.9983
AAPL,av_7bcb2cc822553b5b,Form 8K Take-Two Interactive Software Inc For: 7 August By Investing.com,"Investing.com reports on a Form 8K filing by Take-Two Interactive Software Inc. for August 7. The brief article, published on August 7, 2026, includes market data for various indices, commodities, and stocks.",2026-08-07 11:47:04,Investing.com Canada,https://ca.investing.com/news/stock-market-news/form-8k-taketwo-interactive-software-inc-for-7-august-93CH-4786451,alpha_vantage,2026-08-07 04:00:00,311.1816431226555,314.53873325457766,310.47223295908327,313.0599975585937,34437200,0.0,0.0,neutral,0.0007,0.0006,0.9986
AAPL,av_7edbb0a341766c98,Geopolitical Spillover: The Risks You Don't See Coming,"This article discusses the concept of ""geopolitical spillover risk,"" highlighting how globalized businesses can be indirectly affected by geopolitical events even without direct exposure to conflict zones or sanctioned entities. It emphasizes that risks can manifest through payment delays, supply chain disruptions, or hidden ownership structures, urging companies to proactively assess indirect vulnerabilities beyond traditional direct exposure models. The authors recommend prioritizing critical relationships, looking beyond the first layer of counterparties, and preparing response options to enhance resilience against unforeseen disruptions.",2026-08-07 12:10:52,FTI Consulting,https://www.fticonsulting.com/insights/articles/geopolitical-spillover-risks-you-dont-see-coming,alpha_vantage,2026-08-07 04:00:00,311.1816431226555,314.53873325457766,310.47223295908327,313.0599975585937,34437200,0.0,0.0,neutral,0.0008,0.0005,0.9988
AAPL,av_a8add53312cfef04,Alto Neuroscience stock hits all-time high at 29.34 USD,"Alto Neuroscience Inc. (ANRO) stock reached an all-time high of $29.34, currently trading at $29.10, with a market capitalization of $1.09 billion and an 840.52% increase over the past year. Despite appearing overvalued and unprofitable according to InvestingPro, the company recently priced a $100 million stock offering and published positive clinical trial results in Nature Medicine. H.C. Wainwright reiterated a Buy rating with a $50 price target, highlighting the early initiation of a Phase 2b trial for ALTO-207 and the appointment of Andrew Miller, Ph.D., to its Board of Directors.",2026-08-07 12:40:32,Investing.com,https://www.investing.com/news/company-news/alto-neuroscience-stock-hits-alltime-high-at-2934-usd-93CH-4842761,alpha_vantage,2026-08-07 04:00:00,311.1816431226555,314.53873325457766,310.47223295908327,313.0599975585937,34437200,0.0,0.0,bullish,0.0028,0.9953,0.0019
AAPL,av_3bf67217f14959b0,"Roundhill Neocloud ETF (Derivatives) price today, NCLD to USD live price, marketcap and chart","This article provides live price data, market capitalization, and chart information for the Roundhill Neocloud ETF (NCLD) Derivatives. As of the article's crawl time, NCLD is priced at $22.69, having experienced a 1.22% decrease in the last 24 hours. The ETF has a current ranking of #7857 on CoinMarketCap, with no available market cap, trading volume, or circulating supply data.",2026-08-07 12:44:31,CoinMarketCap,https://coinmarketcap.com/currencies/roundhill-neocloud-etf-derivatives/,alpha_vantage,2026-08-07 04:00:00,311.1816431226555,314.53873325457766,310.47223295908327,313.0599975585937,34437200,0.0,0.0,neutral,0.0006,0.0024,0.997
AAPL,av_aea57c512541acb9,"Dividend Roundup: Apple, UPS, Kraft Heinz, IBM, and more","This week's dividend activity saw increased payouts from BP and Kimco Realty, alongside declarations from UPS and Kraft Heinz. Looking ahead, Apple and IBM are among the companies expected to announce their own dividend plans next week. The article highlights key players in the dividend space and their recent or upcoming dividend actions.",2026-08-07 13:08:01,Seeking Alpha,https://seekingalpha.com/news/4629137-dividend-roundup-apple-ups-kraft-heinz-ibm-and-more,alpha_vantage,2026-08-07 04:00:00,311.1816431226555,314.53873325457766,310.47223295908327,313.0599975585937,34437200,0.0,0.0,neutral,0.0008,0.004,0.9952
AAPL,av_4ce793d487298d93,CSP Inc (CSPI) Earnings Forecast: Future EPS & Revenue Growth Estimates,"This article provides an earnings forecast for CSP Inc (CSPI), including future EPS and revenue growth estimates. It presents an overview of the company's stock information, such as market cap and current price, and offers navigation to various financial and analytical tools on the TradingKey platform. The content also lists peer comparisons for CSP Inc.",2026-08-07 13:09:49,TradingKey,https://www.tradingkey.com/markets/stocks/cspi/forecast,alpha_vantage,2026-08-07 04:00:00,311.1816431226555,314.53873325457766,310.47223295908327,313.0599975585937,34437200,0.0,0.0,neutral,0.0055,0.389,0.6055
AAPL,av_26f0ab07f0aab274,"Broadcom Will Survive the AI Bubble, But Everyone Else Won't. Here's Why.","Broadcom is seen as a strong contender to weather a potential AI bubble burst, unlike many other AI chip stocks. This is because Broadcom specializes in long-term custom AI accelerator deals with major tech firms and generates significant revenue from infrastructure software, providing stability even if AI spending cools. Despite recent stock fluctuations and some analyst caution, the company's substantial AI orders, strong EPS growth forecasts, and diverse revenue streams position it more securely than companies solely reliant on GPU sales.",2026-08-07 15:07:06,Yahoo Finance,https://finance.yahoo.com/markets/stocks/articles/broadcom-survive-ai-bubble-everyone-150327779.html,alpha_vantage,2026-08-07 04:00:00,311.1816431226555,314.53873325457766,310.47223295908327,313.0599975585937,34437200,0.0,0.0,neutral,0.0016,0.0008,0.9976
AAPL,av_a2dd2253fc869395,"Analysts Offer Insights on Technology Companies: GlobalFoundries Inc (GFS), Apple (AAPL) and Advanced Micro Devices (AMD)","This article provides analyst insights on three technology companies: GlobalFoundries Inc (GFS), Apple (AAPL), and Advanced Micro Devices (AMD). Goldman Sachs maintained a Hold rating on GlobalFoundries, DBS maintained a Hold rating on Apple, and DBS maintained a Buy rating on Advanced Micro Devices, with specific price targets and analyst consensus noted for each.",2026-08-07 15:10:52,The Globe and Mail,https://www.theglobeandmail.com/investing/markets/stocks/GFS-Q/pressreleases/3721623/analysts-offer-insights-on-technology-companies-globalfoundries-inc-gfs-apple-aapl-and-advanced-micro-devices-amd/,alpha_vantage,2026-08-07 04:00:00,311.1816431226555,314.53873325457766,310.47223295908327,313.0599975585937,34437200,0.0,0.0,neutral,0.0005,0.0011,0.9984
AAPL,av_1adbd2fca508d578,Why Digital Turbine (APPS) Is Up 74.2% After Raising 2027 Revenue Outlook And Narrowing Losses,"Digital Turbine (APPS) saw its stock rise 74.2% after reporting strong first-quarter 2026 results, with sales increasing and net loss narrowing significantly. The company also raised its fiscal 2027 revenue outlook to between US$650 million and US$670 million, reflecting increased confidence in its operational momentum and demand pipeline. This improved outlook, coupled with the traction of its new Launchpad platform, is reshaping the investment narrative despite ongoing risks related to platform dependencies.",2026-08-07 15:39:55,Simply Wall Street,https://simplywall.st/stocks/us/software/nasdaq-apps/digital-turbine/news/why-digital-turbine-apps-is-up-742-after-raising-2027-revenu/amp,alpha_vantage,2026-08-07 04:00:00,311.1816431226555,314.53873325457766,310.47223295908327,313.0599975585937,34437200,0.0,0.0,bullish,0.0026,0.9945,0.0029
AAPL,av_94164c994872529c,ResMed shares tumble as weak 2027 sales forecast eclipses quarterly profit beat,"ResMed shares fell by about 6% after the company projected fiscal 2027 revenue below Wall Street expectations, largely due to the suspension of its Astral ventilator sales following an FDA recall. The company's revised guidance assumes no Astral ventilator sales in fiscal 2027, impacting revenue by an estimated $75 million, as resources are diverted to repair existing devices. Despite reporting a beat on fourth-quarter adjusted profit and meeting revenue expectations, ResMed faces challenges from rising costs and competition from weight-loss drugs for its sleep apnea devices, though Apple Watch's potential to increase sleep apnea diagnoses could offer some offset.",2026-08-07 16:01:00,Reuters,https://www.reuters.com/legal/litigation/resmed-shares-tumble-weak-2027-sales-forecast-eclipses-quarterly-profit-beat-2026-08-07/,alpha_vantage,2026-08-07 04:00:00,311.1816431226555,314.53873325457766,310.47223295908327,313.0599975585937,34437200,0.0,0.0,bearish,0.9975,0.001,0.0015
AAPL,av_71f8514af29cbe95,Qualcomm Inc Stock (QCOM) Moved Up by 3.30% on Aug 7: Facts Behind the Movement,"Qualcomm Inc (QCOM) stock rose by 3.30% on August 7, driven by stronger-than-expected fiscal third-quarter earnings, significant growth in the smartphone and AI hardware markets, and successful diversification into the automotive and PC sectors. Analyst upgrades and positive macroeconomic factors also contributed to the positive movement. Despite neutral technical indicators, the company's strategic positioning in AI and edge computing, coupled with high licensing margins, has boosted investor confidence, though risks like ongoing litigation with Arm Holdings and customer concentration remain.",2026-08-07 16:14:59,TradingKey,https://www.tradingkey.com/news/market-movers/262089320-market-movers-qcom-20260807,alpha_vantage,2026-08-07 04:00:00,311.1816431226555,314.53873325457766,310.47223295908327,313.0599975585937,34437200,0.0,0.0,bullish,0.0026,0.9938,0.0036
AAPL,av_dd3d9ee455e0ecdb,Bad Timing or Bad Luck? Shelley Moore Capito Sold Apple and Coca‑Cola Before Big Moves,"Senator Shelley Moore Capito (R-W.Va.) and her spouse sold shares of Apple, Coca-Cola, and Microsoft before these stocks experienced significant price increases or reached new all-time highs, leading to questions about their trading timing. While the senator has been selling more stocks than buying in recent years, her and her husband have consistently bought Meta Platforms stock, indicating a potential long-term preference for that ""Magnificent Seven"" company. This activity highlights the ongoing scrutiny of congressional stock trades and their implications.",2026-08-07 16:32:59,Benzinga,https://www.benzinga.com/news/politics/26/08/61048293/bad-timing-or-bad-luck-shelley-moore-capito-sold-apple-and-coca%E2%80%91cola-before-big-moves,alpha_vantage,2026-08-07 04:00:00,311.1816431226555,314.53873325457766,310.47223295908327,313.0599975585937,34437200,0.0,0.0,neutral,0.0065,0.0008,0.9927
AAPL,av_55353ae6abac1ee5,Apple Just Released Mac Security Updates to Fix 1 Flaw. Update Your Software Today,"Apple has released urgent security updates for macOS Tahoe, Sequoia, and Sonoma to patch a critical Screen Sharing vulnerability (CVE-2026-65400). This flaw could allow an attacker on the same network to bypass authentication for Screen Sharing. Although Apple states they are unaware of active exploitation, users are strongly advised to update their software immediately, especially if Screen Sharing has been manually enabled.",2026-08-07 17:06:59,Inc.com,https://www.inc.com/georgia-fearn/apple-just-released-mac-security-updates-to-fix-1-flaw-update-your-software-today/91386545,alpha_vantage,2026-08-07 04:00:00,311.1816431226555,314.53873325457766,310.47223295908327,313.0599975585937,34437200,0.0,0.0,neutral,0.0079,0.0026,0.9895
AAPL,av_11872b1444c3a98e,"Apple (AAPL) Tops $10 Billion in India Sales, But Wall Street’s Focus Is on Supply Constraints and Margins","Apple has achieved a significant milestone in India, with annual sales exceeding $10 billion for the first time, demonstrating strong growth and retail expansion in the region. Despite this success, Wall Street's attention is shifting towards concerns like rising memory costs, supply constraints, and a recent downgrade by Phillip Securities, which tempered positive sentiment. The company's Q4 revenue guidance came in below estimates, and management expects a drop in gross margin, leading investors to focus on these short-term headwinds over the promising growth in India.",2026-08-07 18:13:00,Yahoo Finance,https://finance.yahoo.com/markets/stocks/articles/apple-aapl-tops-10-billion-011329749.html,alpha_vantage,2026-08-07 04:00:00,311.1816431226555,314.53873325457766,310.47223295908327,313.0599975585937,34437200,0.0,0.0,bullish,0.006,0.8087,0.1852
AAPL,av_8c5f8ae8c277d325,EDGAR Filing Documents for 0001133228-26-011255,"This document is an SEC EDGAR filing (Form N-CSR) for the KURV ETF TRUST, detailing a Certified Shareholder Report. It includes links to various associated documents, such as the N-CSR report, codes of ethics, certifications, and several graphic files. The filing also lists information about multiple Kurv ETF series and classes, including technology, yield premium strategy (Amazon, Apple, Google, Microsoft, Netflix, Tesla), and enhanced income ETFs, along with the trust's mailing and business addresses.",2026-08-07 18:40:35,SEC.gov,https://www.sec.gov/Archives/edgar/data/1782952/000113322826011255/0001133228-26-011255-index.htm,alpha_vantage,2026-08-07 04:00:00,311.1816431226555,314.53873325457766,310.47223295908327,313.0599975585937,34437200,0.0,0.0,neutral,0.0006,0.0006,0.9988
AAPL,av_1b5927c6a51f148d,MP Materials (NYSE: MP) ramps U.S. rare earth projects as losses narrow in Q2 2026,"MP Materials Corp. reported increased Q2 2026 revenue of $108.49 million, up from $57.39 million in Q2 2025, and a narrowed net loss of $20.30 million. The company's financial improvements are attributed to higher NdPr oxide and metal sales, coupled with $17.58 million in Price Protection Agreement income. MP Materials is heavily investing in U.S. rare earth projects, including expanding its Independence Facility, building the 10X magnet plant in Texas, and advancing HREE and chlor-alkali projects, supported by agreements with entities like the Department of War, GM, and Apple.",2026-08-07 18:41:44,Stock Titan,https://www.stocktitan.net/sec-filings/MP/10-q-mp-materials-corp-de-quarterly-earnings-report-4084e780a2d5.html,alpha_vantage,2026-08-07 04:00:00,311.1816431226555,314.53873325457766,310.47223295908327,313.0599975585937,34437200,0.0,0.0,neutral,0.0018,0.0016,0.9966
AAPL,av_dba9dcd781c73ab2,Qorvo (QRVO) May Need the Skyworks Deal More Than the Headline Synergies Suggest,"Qorvo (QRVO) reported improved profitability in Q1 fiscal 2027 with higher margins despite a revenue decline, suggesting a focus on higher-value business. The proposed $22 billion merger with Skyworks (SWKS) aims to create a larger, more diversified semiconductor supplier to address revenue growth challenges, customer concentration risks, and increasing RF complexity. Investors should monitor the merger's regulatory approval, Qorvo's sustained margin performance, and whether increased scale translates into real bargaining power and long-term platform strength.",2026-08-07 19:11:20,AlphaStreet,https://news.alphastreet.com/qorvo-qrvo-may-need-the-skyworks-deal-more-than-the-headline-synergies-suggest/amp/,alpha_vantage,2026-08-07 04:00:00,311.1816431226555,314.53873325457766,310.47223295908327,313.0599975585937,34437200,0.0,0.0,neutral,0.0218,0.0586,0.9196
AAPL,av_fb5ed465db119d99,Apple Just Hit $5 Trillion and the Street Sees Almost No Upside. Is It Too Late to Buy?,"Apple Inc. recently reached a $5 trillion valuation, briefly becoming the second company to do so after Nvidia, but then experienced a pullback. Despite this, Wall Street analysts see minimal upside, with the average target price only slightly above the current stock price. The article discusses why the market's caution might be short-sighted, highlighting Apple's shifting growth engine towards high-margin Services and the potential of its new Siri AI, while also acknowledging risks like memory shortages and the stock's premium valuation.",2026-08-07 19:37:04,TIKR.com,https://www.tikr.com/blog/apple-just-hit-5-trillion-and-the-street-sees-almost-no-upside-is-it-too-late-to-buy,alpha_vantage,2026-08-07 04:00:00,311.1816431226555,314.53873325457766,310.47223295908327,313.0599975585937,34437200,0.0,0.0,neutral,0.1964,0.1686,0.635
AAPL,av_97c8b29a1e5ec5cc,Scienture Holdings Inc (SCNX) Earnings Forecast: Future EPS & Revenue Growth Estimates,"The article provides an earnings forecast for Scienture Holdings Inc (SCNX), indicating a current earnings forecast score of 8.00 and a ""Buy"" trend based on one analyst's rating with a target price reflecting a 302.47% upside. It details expected revenue for the next quarter at $1.96M and an anticipated EPS of $-0.18, contrasting with the previous quarter's EPS of $-1.51 against an expectation of $-0.08. The report also includes a peer comparison in the pharmaceuticals industry.",2026-08-07 20:11:30,TradingKey,https://www.tradingkey.com/markets/stocks/scnx/forecast,alpha_vantage,2026-08-07 04:00:00,311.1816431226555,314.53873325457766,310.47223295908327,313.0599975585937,34437200,0.0,0.0,bullish,0.0056,0.7845,0.2099
AAPL,av_4819b85463f565da,Form 8K Kingstone Companies Inc For: 7 August By Investing.com,"This article reports that Kingstone Companies Inc. filed a Form 8K on August 7th. The brief piece includes the stock symbol KINS, which was down 8.51% at the time of publication. The content also notes the time the article was published as 4:46 p.m. on August 7, 2026.",2026-08-07 21:41:47,Investing.com Canada,https://ca.investing.com/news/stock-market-news/form-8k-kingstone-companies-inc-for-7-august-93CH-4787822,alpha_vantage,2026-08-07 04:00:00,311.1816431226555,314.53873325457766,310.47223295908327,313.0599975585937,34437200,0.0,0.0,neutral,0.0006,0.0007,0.9987
AAPL,av_398fdcb5afadcb5b,"Adient PLC (18I.MU) stock price, news, quote and history","This article provides financial information for Adient PLC (18I.MU), including its stock price, news, and historical data. It shows the stock closed at 16.54 EUR, down 7.65%, and details its trailing total returns over various periods compared to the S&P 500 benchmark. The page also includes current market data for other indices and popular stocks.",2026-08-07 23:10:02,Yahoo Finance UK,https://uk.finance.yahoo.com/quote/18I.MU/sec-filing/,alpha_vantage,2026-08-07 04:00:00,311.1816431226555,314.53873325457766,310.47223295908327,313.0599975585937,34437200,0.0,0.0,neutral,0.0006,0.0006,0.9988
AAPL,av_696fd17646c497e9,Invesco QQQ Equal Weight ETF's Advanced Micro Devices Inc(AMD) Holding History,"This article details the Invesco QQQ Equal Weight ETF's holdings in Advanced Micro Devices Inc (AMD). As of May 31, 2026, the ETF held 1,212 shares of AMD valued at $625,510, representing 2.12% of its portfolio. The estimated gain on these holdings is $216,366.24, reflecting a 58.56% gain since the initial trade in Q2 2026.",2026-08-07 23:10:31,GuruFocus,https://www.gurufocus.com/guru-portfolio/Invesco%20QQQ%20Equal%20Weight%20ETF/AMD,alpha_vantage,2026-08-07 04:00:00,311.1816431226555,314.53873325457766,310.47223295908327,313.0599975585937,34437200,0.0,0.0,neutral,0.0005,0.0038,0.9957
AAPL,av_d898c6d6758bbb89,Omega Flex Inc (OFLX) Earnings Forecast: Future EPS & Revenue Growth Estimates,"The article provides an earnings forecast for Omega Flex Inc (OFLX), detailing future EPS and revenue growth estimates. It includes current stock information such as its market capitalization and P/E ratio, along with a peer comparison. The financial data, updated on August 7, 2026, focuses on forecasted EPS, Revenue, Net Profit, and EBIT.",2026-08-07 23:40:06,TradingKey,https://www.tradingkey.com/markets/stocks/oflx/forecast,alpha_vantage,2026-08-07 04:00:00,311.1816431226555,314.53873325457766,310.47223295908327,313.0599975585937,34437200,0.0,0.0,bullish,0.0063,0.7127,0.2809
AAPL,av_926f88b2cebaf6a5,Which Is the Better International ETF: State Street's Climate-Focused NZAC or iShares' Emerging Markets IEMG?,"This article compares two international ETFs: State Street's climate-focused NZAC and iShares' emerging markets IEMG. It highlights their differences in cost, yield, performance, and holdings, noting that IEMG offers broader emerging market exposure at a lower cost, while NZAC, despite its global climate branding, has a significant portion of its holdings in U.S. tech stocks. The choice between them depends on an investor's specific goals, whether it's emerging market growth or climate-aligned portfolios that lean heavily into U.S. technology.",2026-08-07 23:40:14,The Motley Fool,https://www.fool.com/coverage/etfs/2026/08/07/which-is-the-better-international-etf-state-street-s-climate-focused-nzac-or-ishares-emerging-markets-iemg/,alpha_vantage,2026-08-07 04:00:00,311.1816431226555,314.53873325457766,310.47223295908327,313.0599975585937,34437200,0.0,0.0,neutral,0.0007,0.0004,0.9988
AAPL,av_633d2fd0f8a8a1bb,Conmed Corp (CNMD) Earnings Forecast: Future EPS & Revenue Growth Estimates,"Conmed Corp (CNMD) has an earnings forecast score of 5.71, ranking 183 out of 200 in its industry, with an average analyst price target of $52.00. Analysts currently recommend a ""Hold"" rating for the stock. The company's expected revenue for the next quarter is $336.23M, and its previous quarter's EPS was $0.45, with an expectation of $1.00 for the upcoming quarter.",2026-08-08 00:39:58,TradingKey,https://www.tradingkey.com/markets/stocks/cnmd/forecast,alpha_vantage,2026-08-07 04:00:00,311.1816431226555,314.53873325457766,310.47223295908327,313.0599975585937,34437200,0.0,0.0,bullish,0.0061,0.5583,0.4356
AAPL,av_b4cbb74bac9eb328,Cypress Funds Cuts Apple Stake as Steven Baum Trims,"Cypress Funds Llc, managed by Steven Baum, recently reduced its stake in Apple Inc (AAPL) by 12,623 shares. TipRanks' AI Analyst, Spark, rates AAPL as ""Outperform"" due to its profitability and cash-flow strength, despite near-term headwinds like supply issues and high valuation. Apple's year-to-date price performance is 13.84%, with a current market cap of $4537.1 billion.",2026-08-08 02:53:19,TipRanks,https://www.tipranks.com/news/company-announcements/cypress-funds-cuts-apple-stake-as-steven-baum-trims,alpha_vantage,2026-08-07 04:00:00,311.1816431226555,314.53873325457766,310.47223295908327,313.0599975585937,34437200,0.0,0.0,neutral,0.0371,0.0018,0.9611
AAPL,av_5c4f96015751874e,Alto Neuroscience Inc (ANRO) Earnings Forecast: Future EPS & Revenue Growth Estimates,"This article provides an earnings forecast for Alto Neuroscience Inc (ANRO), detailing analyst ratings and EPS expectations. Ten analysts currently rate ANRO as a ""Strong Buy"" with a target price indicating a potential 24.11% upside. The previous quarter's EPS was -$0.47, beating the market expectation of -$0.80, and the next quarter's EPS is projected to be -$0.73.",2026-08-08 03:11:28,TradingKey,https://www.tradingkey.com/markets/stocks/anro/forecast,alpha_vantage,2026-08-07 04:00:00,311.1816431226555,314.53873325457766,310.47223295908327,313.0599975585937,34437200,0.0,0.0,bullish,0.0059,0.5164,0.4777
AAPL,av_bfd7cc8786789ce7,"Synaptics (NASDAQ:SYNA) Posts Earnings Results, Beats Estimates By $0.02 EPS","Synaptics (NASDAQ:SYNA) announced its quarterly earnings, surpassing analyst expectations with an adjusted EPS of $1.23 against a consensus of $1.21, and revenue of $308 million, exceeding the $305.32 million estimate. Despite the positive earnings, the stock traded at $106.19, remaining below its 50-day moving average. Institutional investors hold a significant 99.43% of outstanding shares, while analyst sentiment is mixed with an average ""Hold"" rating and varying price targets.",2026-08-08 04:09:57,MarketBeat,https://www.marketbeat.com/instant-alerts/synaptics-nasdaqsyna-posts-earnings-results-beats-estimates-by-002-eps-2026-08-07/,alpha_vantage,2026-08-07 04:00:00,311.1816431226555,314.53873325457766,310.47223295908327,313.0599975585937,34437200,0.0,0.0,bullish,0.0027,0.9927,0.0046
AAPL,av_8bdc7ec8efdee7ce,MP Materials Q2 2026 slides: revenue beats as rare earth output surges,"MP Materials reported its Q2 2026 earnings, exceeding revenue estimates with $108.5 million, driven by a 127% surge in neodymium-praseodymium (NdPr) sales. Despite a slight miss on adjusted diluted earnings per share, the company showed significant operational progress in both its rare earth materials and magnetics segments. MP Materials is advancing its vertical integration strategy, with initial commercial deliveries for magnets to General Motors expected in Q4 2026, and is expanding its product portfolio beyond NdPr oxides with new agreements for gadolinium and ongoing commissioning of dysprosium/terbium circuits.",2026-08-08 04:41:17,Investing.com Nigeria,https://ng.investing.com/news/company-news/mp-materials-q2-2026-slides-revenue-beats-as-rare-earth-output-surges-93CH-2646318,alpha_vantage,2026-08-07 04:00:00,311.1816431226555,314.53873325457766,310.47223295908327,313.0599975585937,34437200,0.0,0.0,bullish,0.0057,0.7273,0.267
AAPL,av_2255a6694f9aa65f,Lesaka Technologies Inc (LSAK) Earnings Forecast: Future EPS & Revenue Growth Estimates,"Lesaka Technologies Inc (LSAK) has an earnings forecast score of 9.00, ranking 2nd in the Financial Technology industry. Analysts have set an average price target of $8.00 with a ""Strong Buy"" rating. The company's expected revenue for the next quarter is $183.00M, and EPS is projected to be $0.09.",2026-08-08 05:39:45,TradingKey,https://www.tradingkey.com/markets/stocks/lsak/forecast,alpha_vantage,2026-08-07 04:00:00,311.1816431226555,314.53873325457766,310.47223295908327,313.0599975585937,34437200,0.0,0.0,bullish,0.0055,0.8091,0.1854
AAPL,av_07b5430bf2b1aa2f,MetaVia Inc (MTVA) Earnings Forecast: Future EPS & Revenue Growth Estimates,"MetaVia Inc (MTVA) has a price target of USD 15.50, with analysts forecasting a high of USD 21.00 and a low of USD 3.00. The company's EPS for the previous quarter was USD -0.79, exceeding the market expectation of USD -0.90, and the next quarter's EPS is expected to be USD -0.75. Based on ratings from 2 analysts, the consensus is a ""Buy"" trend for MTVA stock.",2026-08-08 05:41:29,TradingKey,https://www.tradingkey.com/markets/stocks/mtva/forecast,alpha_vantage,2026-08-07 04:00:00,311.1816431226555,314.53873325457766,310.47223295908327,313.0599975585937,34437200,0.0,0.0,neutral,0.0058,0.3895,0.6047
AAPL,av_b3c6f3aad6008492,New Concept Energy Inc (GBR) Earnings Forecast: Future EPS & Revenue Growth Estimates,"This article provides an earnings forecast for New Concept Energy Inc (GBR), focusing on future EPS and Revenue Growth Estimates. It displays the current stock price, market capitalization, and links to various financial data and analysis sections for the company. The page also lists peer comparisons with other companies and the number of analysts covering them.",2026-08-08 05:41:53,TradingKey,https://www.tradingkey.com/markets/stocks/gbr/forecast,alpha_vantage,2026-08-07 04:00:00,311.1816431226555,314.53873325457766,310.47223295908327,313.0599975585937,34437200,0.0,0.0,bullish,0.0056,0.7472,0.2471
AAPL,av_84d9e0662cdd34f9,ACI Worldwide (NASDAQ:ACIW) Downgraded to Hold Rating by Wall Street Zen,"Wall Street Zen downgraded ACI Worldwide (NASDAQ: ACIW) from a ""Buy"" to a ""Hold"" rating, aligning with a broader analyst consensus and a target price of $66.00. The company's shares opened at $53.67, having reported strong Q2 EPS and revenue that beat estimates, with revenue up 7.9% year over year. Despite management raising its full-year 2026 outlook, third-quarter revenue guidance fell below consensus, contributing to the mixed sentiment.",2026-08-08 06:09:31,MarketBeat,https://www.marketbeat.com/instant-alerts/aci-worldwide-nasdaqaciw-downgraded-to-hold-rating-by-wall-street-zen-2026-08-08/,alpha_vantage,2026-08-07 04:00:00,311.1816431226555,314.53873325457766,310.47223295908327,313.0599975585937,34437200,0.0,0.0,bearish,0.9966,0.0015,0.0019
AAPL,av_96b129336cad1d8f,NextNav Inc (NN) Earnings Forecast: Future EPS & Revenue Growth Estimates,"This article provides an earnings forecast for NextNav Inc (NN), highlighting its current earnings forecast score of 9.00 and an average price target of $20.00 from two analysts who recommend a ""Strong Buy."" It details expected revenue for the next quarter at $900.00K and forecasts EPS of -$0.15, following a previous quarter's EPS of -$0.51. The report emphasizes that this information is not trading advice and encourages users to conduct their own analysis.",2026-08-08 06:11:33,TradingKey,https://www.tradingkey.com/markets/stocks/nn/forecast,alpha_vantage,2026-08-07 04:00:00,311.1816431226555,314.53873325457766,310.47223295908327,313.0599975585937,34437200,0.0,0.0,bullish,0.0066,0.6602,0.3333
AAPL,av_d34b675befef170e,"Arvest Bank Trust Division Acquires 11,460 Shares of Apple Inc. $AAPL","Arvest Bank Trust Division increased its stake in Apple Inc. (NASDAQ:AAPL) by 6.6% in the first quarter, purchasing an additional 11,460 shares, bringing its total holdings to 185,562 shares valued at $47.1 million. This makes Apple the fund's 10th largest holding, representing 2.6% of its portfolio. Other institutional investors also adjusted their positions in Apple, while analysts maintain a ""Moderate Buy"" consensus rating for the stock.",2026-08-08 07:07:06,MarketBeat,https://www.marketbeat.com/instant-alerts/filing-arvest-bank-trust-division-acquires-11460-shares-of-apple-inc-aapl-2026-08-08/,alpha_vantage,2026-08-07 04:00:00,311.1816431226555,314.53873325457766,310.47223295908327,313.0599975585937,34437200,0.0,0.0,neutral,0.0006,0.003,0.9964
AAPL,av_99d45710feab574f,"Summitas Investment Management LLC Buys Shares of 7,066 Apple Inc. $AAPL","Summitas Investment Management LLC recently acquired 7,066 shares of Apple Inc. (NASDAQ:AAPL) worth approximately $1.79 million, making it their 10th largest holding. This acquisition highlights the continued strong institutional interest in Apple, with other major investors like Norges Bank and Vanguard Group also increasing their stakes. The article discusses Apple's strong quarterly earnings, upcoming CEO transition, and various analyst ratings, while also touching on competitive pressures and legal uncertainties.",2026-08-08 08:06:58,MarketBeat,https://www.marketbeat.com/instant-alerts/filing-summitas-investment-management-llc-buys-shares-of-7066-apple-inc-aapl-2026-08-08/,alpha_vantage,2026-08-07 04:00:00,311.1816431226555,314.53873325457766,310.47223295908327,313.0599975585937,34437200,0.0,0.0,bullish,0.0037,0.9501,0.0462
AAPL,av_ff3195b642691dbc,"Levin Capital Strategies L.P. Purchases 6,304 Shares of Apple Inc. $AAPL","Levin Capital Strategies L.P. increased its stake in Apple Inc. (NASDAQ:AAPL) by 7.2% in the first quarter, adding 6,304 shares to reach a total of 93,973 shares valued at $23.85 million. Other institutional investors also adjusted their holdings, with Apple's stock currently holding a ""Moderate Buy"" consensus rating among analysts and a target price of $330.44. The company reported strong Q1 earnings, beating estimates with $2.02 EPS and $109.42 billion in revenue, and declared a quarterly dividend of $0.27 per share.",2026-08-08 08:37:02,MarketBeat,https://www.marketbeat.com/instant-alerts/filing-levin-capital-strategies-lp-purchases-6304-shares-of-apple-inc-aapl-2026-08-08/,alpha_vantage,2026-08-07 04:00:00,311.1816431226555,314.53873325457766,310.47223295908327,313.0599975585937,34437200,0.0,0.0,bullish,0.0035,0.9673,0.0292
AAPL,av_0564de8577bbaabc,"Signature Equity Partners LLC Purchases 4,640 Shares of Apple Inc. $AAPL","Signature Equity Partners LLC significantly increased its stake in Apple Inc. by 20.6% in the first quarter, purchasing an additional 4,640 shares and bringing its total holdings to 27,187 shares valued at $6.9 million. Apple remains the fund's largest holding, representing 3.7% of its portfolio. The company recently exceeded analyst expectations with its quarterly earnings and revenue, declared a dividend of $0.27 per share, and holds a ""Moderate Buy"" consensus rating from Wall Street analysts.",2026-08-08 08:37:06,MarketBeat,https://www.marketbeat.com/instant-alerts/filing-signature-equity-partners-llc-purchases-4640-shares-of-apple-inc-aapl-2026-08-08/,alpha_vantage,2026-08-07 04:00:00,311.1816431226555,314.53873325457766,310.47223295908327,313.0599975585937,34437200,0.0,0.0,bullish,0.0037,0.6605,0.3359
AAPL,av_3637191986b0e80b,"JHML Dividend: 0.93% Yield, $0.86/Share — History & Dates","John Hancock Multifactor Large Cap ETF (JHML) offers a dividend yield of 0.93%, equating to $0.86 per share annually, with a payout ratio of 0.35. The ETF has consistently paid dividends since 2015, demonstrating a 5-year dividend growth rate of 11.19% and a 10-year growth rate of 9.95%. The article provides a detailed historical overview of its dividend payments and related statistics.",2026-08-08 08:40:46,GuruFocus,https://www.gurufocus.com/etf/JHML/dividend,alpha_vantage,2026-08-07 04:00:00,311.1816431226555,314.53873325457766,310.47223295908327,313.0599975585937,34437200,0.0,0.0,neutral,0.0007,0.0015,0.9978
AAPL,av_b91d76fcbe0030fb,ANGU ETF Holdings List — NASDAQ:ANGU,"This article lists the top holdings of the SEI Ang Research Enhanced U.S. Large Cap ETF (ANGU) as of August 6, 2026. Key holdings include NVIDIA, Apple, Microsoft, Amazon, and Alphabet (Class A and C). The article provides the weight, shares, and market value for each of these companies within the ETF.",2026-08-08 08:54:09,TradingView,https://www.tradingview.com/symbols/NASDAQ-ANGU/holdings/,alpha_vantage,2026-08-07 04:00:00,311.1816431226555,314.53873325457766,310.47223295908327,313.0599975585937,34437200,0.0,0.0,neutral,0.0005,0.0007,0.9988
AAPL,av_9aa282a5a085eccb,Fortis Capital Management LLC Has $21.32 Million Stock Holdings in Apple Inc. $AAPL,"Fortis Capital Management LLC significantly increased its stake in Apple Inc. (NASDAQ:AAPL) during the first quarter, now holding 84,002 shares valued at approximately $21.32 million, making it their fifth-largest holding. Other institutional investors also boosted their positions, contributing to 67.73% institutional ownership. Apple reported strong quarterly earnings of $2.02 per share and revenue of $109.42 billion, surpassing analyst estimates, with analysts maintaining a ""Moderate Buy"" consensus and an average price target of $330.44.",2026-08-08 09:06:58,MarketBeat,https://www.marketbeat.com/instant-alerts/filing-fortis-capital-management-llc-has-2132-million-stock-holdings-in-apple-inc-aapl-2026-08-08/,alpha_vantage,2026-08-07 04:00:00,311.1816431226555,314.53873325457766,310.47223295908327,313.0599975585937,34437200,0.0,0.0,neutral,0.0013,0.022,0.9767
AAPL,av_3fc9844e8b8763c0,Chase Investment Counsel Corp Boosts Stake in Apple Inc. $AAPL,"Chase Investment Counsel Corp significantly increased its stake in Apple Inc. by 85.5% in the first quarter, now holding 4,600 shares valued at $1.17 million. This move is part of a broader trend where institutional investors own a substantial 67.73% of Apple's stock. The article highlights Apple's strong financial performance, exceeding quarterly expectations with $2.02 EPS and $109.42 billion in revenue, and details various analyst ratings which generally recommend a ""Moderate Buy"" for the stock.",2026-08-08 09:06:58,MarketBeat,https://www.marketbeat.com/instant-alerts/filing-chase-investment-counsel-corp-boosts-stake-in-apple-inc-aapl-2026-08-08/,alpha_vantage,2026-08-07 04:00:00,311.1816431226555,314.53873325457766,310.47223295908327,313.0599975585937,34437200,0.0,0.0,neutral,0.001,0.035,0.964
AAPL,av_b017e77058e58c80,Westpac Banking Corp Grows Holdings in Apple Inc. $AAPL,"Westpac Banking Corp significantly increased its stake in Apple Inc. during the first quarter, adding 8,091 shares to bring its total holdings to 365,000 shares valued at approximately $92.6 million. Apple now constitutes about 6.4% of Westpac's investment portfolio, making it their second-largest holding. Despite a ""Moderate Buy"" consensus from analysts, investors are advised to consider potential risks such as rising memory costs, supply constraints, and increasing competition in emerging hardware markets.",2026-08-08 09:37:06,MarketBeat,https://www.marketbeat.com/instant-alerts/filing-westpac-banking-corp-grows-holdings-in-apple-inc-aapl-2026-08-08/,alpha_vantage,2026-08-07 04:00:00,311.1816431226555,314.53873325457766,310.47223295908327,313.0599975585937,34437200,0.0,0.0,neutral,0.0038,0.3596,0.6366
AAPL,av_6f931568f93ce1f5,Apple Inc. $AAPL is Marin Bay Wealth Advisors LLC's 5th Largest Position,"Marin Bay Wealth Advisors LLC has reduced its stake in Apple Inc. by 12.2% in the first quarter, yet Apple remains its fifth-largest holding, representing 2.7% of its portfolio. Institutional ownership of Apple remains high at 67.73%, with major firms like Vanguard and State Street increasing their positions. Analysts generally maintain a ""Moderate Buy"" rating for Apple, with an average price target of $330.44, following strong quarterly earnings and revenue performance.",2026-08-08 09:37:06,MarketBeat,https://www.marketbeat.com/instant-alerts/filing-apple-inc-aapl-is-marin-bay-wealth-advisors-llcs-5th-largest-position-2026-08-08/,alpha_vantage,2026-08-07 04:00:00,311.1816431226555,314.53873325457766,310.47223295908327,313.0599975585937,34437200,0.0,0.0,neutral,0.0015,0.0589,0.9396
AAPL,av_4d0c6fa080c06255,"PTNQ ETF Profile: Dividends, Returns (NASDAQ:PTNQ)","The PTNQ ETF aims to capture the upside of the tech-heavy NASDAQ-100 Index using a cash-toggle mechanism to mitigate downside risk. It invests 100% in the NASDAQ-100 under specific market conditions, or 50% in the NASDAQ-100 and 50% in 3-month US T-bills, or 100% in T-bills, based on the index's performance relative to its 200-day simple moving average. The fund has assets under management of $1.25 billion, an expense ratio of 0.65%, and its top holdings include NVIDIA Corporation and Apple Inc.",2026-08-08 10:13:07,TradingView,https://www.tradingview.com/symbols/NASDAQ-PTNQ/profile/,alpha_vantage,2026-08-07 04:00:00,311.1816431226555,314.53873325457766,310.47223295908327,313.0599975585937,34437200,0.0,0.0,neutral,0.0005,0.0007,0.9988
AAPL,av_70b892911a3277b0,Apple Inc. $AAPL Stake Trimmed by CI Investments Inc.,"CI Investments Inc. reduced its stake in Apple Inc. by 1.1% in the first quarter, selling 27,119 shares but still holding 2.33 million shares valued at $592.5 million, making Apple its sixth-largest holding. Despite this trim, institutional investors own 67.73% of Apple, and the company recently exceeded earnings and revenue expectations. Analysts maintain a ""Moderate Buy"" consensus rating with an average price target of $330.44.",2026-08-08 10:37:06,MarketBeat,https://www.marketbeat.com/instant-alerts/filing-apple-inc-aapl-stake-trimmed-by-ci-investments-inc-2026-08-08/,alpha_vantage,2026-08-07 04:00:00,311.1816431226555,314.53873325457766,310.47223295908327,313.0599975585937,34437200,0.0,0.0,neutral,0.047,0.0345,0.9185
AAPL,av_89c7594df11ecd08,Deluxe Corp (DLX) Earnings Forecast: Future EPS & Revenue Growth Estimates,"This article provides an earnings forecast for Deluxe Corp (DLX), highlighting its current earnings forecast score of 8.00 within the Professional & Commercial Services industry. It details analyst ratings, with an average price target of $29.00, and includes expected revenue and EPS for upcoming periods. The forecast indicates a ""Buy"" trend based on analyst consensus.",2026-08-08 12:09:32,TradingKey,https://www.tradingkey.com/markets/stocks/dlx/forecast,alpha_vantage,2026-08-07 04:00:00,311.1816431226555,314.53873325457766,310.47223295908327,313.0599975585937,34437200,0.0,0.0,bullish,0.007,0.6721,0.3209
AAPL,av_2723abab3f3fe0e8,Cabaletta Bio Inc (CABA) Earnings Forecast: Future EPS & Revenue Growth Estimates,"Cabaletta Bio Inc (CABA) currently trades at $2.79, with analysts forecasting a significant upside potential of 433.13% to a target price of $14.50. Based on ratings from 10 analysts, the stock has a ""Buy"" consensus, with the highest forecast at $22.00 and the lowest at $2.00. The company's last reported EPS was -$0.40, while the next quarter's EPS is expected to be -$0.37.",2026-08-08 13:39:53,TradingKey,https://www.tradingkey.com/markets/stocks/caba/forecast,alpha_vantage,2026-08-07 04:00:00,311.1816431226555,314.53873325457766,310.47223295908327,313.0599975585937,34437200,0.0,0.0,bullish,0.0063,0.652,0.3417
AAPL,av_3e40e293063d1765,Which Growth ETF Is the Better Long-Term Buy: Vanguard's Mega Cap MGK or Invesco's Small-Cap RZG?,"This article compares two growth ETFs, Vanguard's Mega Cap MGK and Invesco's Small-Cap RZG, to determine which is a better long-term buy. It highlights MGK's lower expense ratio and superior long-term returns driven by mega-cap tech stocks, while RZG offers exposure to small-cap companies weighted by revenue, appealing to those betting on a future small-cap resurgence. Ultimately, MGK is presented as the stronger choice for most investors due to its cost advantage and historical performance.",2026-08-08 14:12:19,The Globe and Mail,https://www.theglobeandmail.com/investing/markets/stocks/AAPL/pressreleases/3728301/which-growth-etf-is-the-better-long-term-buy-vanguards-mega-cap-mgk-or-invescos-small-cap-rzg/,alpha_vantage,2026-08-07 04:00:00,311.1816431226555,314.53873325457766,310.47223295908327,313.0599975585937,34437200,0.0,0.0,neutral,0.0007,0.0006,0.9987
AAPL,av_ecd8400a23fc231c,"GC Wealth Management RIA LLC Boosts Stake in Amazon.com, Inc. $AMZN","GC Wealth Management RIA LLC increased its stake in Amazon.com, Inc. by 4.3% in the first quarter, now owning 248,043 shares valued at approximately $51.7 million. This move is part of a larger trend of institutional investment, with various firms significantly modifying their holdings in Amazon. The article highlights Amazon's strong financial performance, exceeding revenue and earnings estimates, alongside analyst optimism and ongoing insider selling activities.",2026-08-08 15:07:07,MarketBeat,https://www.marketbeat.com/instant-alerts/filing-gc-wealth-management-ria-llc-boosts-stake-in-amazoncom-inc-amzn-2026-08-08/,alpha_vantage,2026-08-07 04:00:00,311.1816431226555,314.53873325457766,310.47223295908327,313.0599975585937,34437200,0.0,0.0,neutral,0.0005,0.0056,0.9938
AAPL,av_791fe316d373a660,VGT Puts 39 Cents of Every Dollar Into Just 3 Stocks. The Pairing That Fixes It Without Selling,"The Vanguard Information Technology Index Fund ETF (VGT) has a high concentration of its assets in Apple, Microsoft, and NVIDIA, leading to significant capital gains tax implications for long-term holders if they sell. This article suggests pairing VGT with a large-cap value fund like the Vanguard Value ETF (VTV) in a 60/40 split to dilute concentration and reduce single-name risk without triggering tax events. This strategy allows investors to maintain their tech exposure while diversifying into other sectors.",2026-08-08 16:41:03,Yahoo Finance,https://finance.yahoo.com/markets/stocks/articles/vgt-puts-39-cents-every-170051483.html,alpha_vantage,2026-08-07 04:00:00,311.1816431226555,314.53873325457766,310.47223295908327,313.0599975585937,34437200,0.0,0.0,neutral,0.0007,0.0011,0.9982
AAPL,av_262f618b2c0042b1,UBS AG London Branch Autocallable Contingent Interest Barrier Note ACORMXX (ACORMXX),"This article provides stock news and headlines for the UBS AG London Branch Autocallable Contingent Interest Barrier Note ACORMXX (ACORMXX). It displays the current stock price and recent performance. The content primarily features a list of related mutual fund news, suggesting other investment opportunities and analyses.",2026-08-08 17:10:49,Yahoo Finance UK,https://uk.finance.yahoo.com/quote/ACORMXX/news/,alpha_vantage,2026-08-07 04:00:00,311.1816431226555,314.53873325457766,310.47223295908327,313.0599975585937,34437200,0.0,0.0,neutral,0.0007,0.0024,0.997
AAPL,av_378df266606b39d5,How (AAPD) Movements Inform Risk Allocation Models,"This article analyzes Direxion Daily Aapl Bear 1x Shares (NASDAQ: AAPD) using AI models to inform risk allocation. It identifies a near-term weak sentiment within a broader long-term weak bias, highlighting a mid-channel oscillation pattern and an exceptional 35.7:1 risk-reward short setup. The analysis provides specific institutional trading strategies for long, breakout, and short positions, along with multi-timeframe signal analysis for various horizons.",2026-08-08 17:34:00,Stock Traders Daily,https://news.stocktradersdaily.com/news_release/38/How_AAPD_Movements_Inform_Risk_Allocation_Models_080826053402_1786224842.html,alpha_vantage,2026-08-07 04:00:00,311.1816431226555,314.53873325457766,310.47223295908327,313.0599975585937,34437200,0.0,0.0,neutral,0.0005,0.0005,0.999
AAPL,av_572bfc0976a8c745,VGT ETF's top 3 tech stocks dominate; adding a value fund can reduce risk without triggering taxes.,"The Vanguard Information Technology Index Fund ETF (VGT) has a high concentration in Apple, Microsoft, and NVIDIA, posing a capital gains tax risk if rebalanced by selling shares. A practical solution involves adding a low-cost large-cap value fund like Vanguard Value ETF (VTV) to diversify and reduce single-stock risk without incurring immediate taxes. This strategy helps investors maintain tech exposure while mitigating risk, though it may slow growth during tech booms and is best suited for tax-advantaged accounts.",2026-08-08 17:41:03,Pluang,https://pluang.com/en/news-feed/vgt-alokasikan-39-sen-per-dolar-ke-3-saham-dengan-pasangan-yang-memperbaiki,alpha_vantage,2026-08-07 04:00:00,311.1816431226555,314.53873325457766,310.47223295908327,313.0599975585937,34437200,0.0,0.0,neutral,0.0004,0.0008,0.9988
AAPL,av_287db9532b088548,Apple lets Mac link to Alibaba's AI model in China (AAPL:NASDAQ),Apple has provided a guide for Mac users in mainland China to integrate Alibaba's Qwen artificial intelligence service with Siri and Writing Tools features. This move allows Mac users in China to leverage Alibaba's AI model for various functionalities within their Apple devices.,2026-08-08 18:45:58,Seeking Alpha,https://seekingalpha.com/news/4629651-apple-lets-mac-link-alibabas-ai-model-china,alpha_vantage,2026-08-07 04:00:00,311.1816431226555,314.53873325457766,310.47223295908327,313.0599975585937,34437200,0.0,0.0,neutral,0.0006,0.0011,0.9983
AAPL,av_37e8782eb718e4d5,"BeiGene Ltd (49BA.DU) stock price, news, quote and history","This article provides detailed financial information for BeiGene Ltd (49BA.DU), including its current stock price, recent performance metrics, key statistics, and historical data. As of August 7th, 2026, the stock closed at 298.00 EUR, up 5.67%, with a market capitalization of 35.92 billion EUR. The page also features comparison tools with other biotechnology companies and market indices.",2026-08-08 19:39:25,Yahoo Finance UK,https://uk.finance.yahoo.com/quote/49BA.DU/fair-value/,alpha_vantage,2026-08-07 04:00:00,311.1816431226555,314.53873325457766,310.47223295908327,313.0599975585937,34437200,0.0,0.0,neutral,0.0005,0.0007,0.9988
AAPL,av_37401ae28c0a4809,MasterBeef Group (MB) Stock Price Today,"MasterBeef Group (MB) is currently trading at $6.78, down 23.43% from its previous close, with a market capitalization of $153.02M. The stock has shown mixed performance, returning +67.43% over the past month but dropping -52.41% over the last 12 months. The article provides key market data, a company overview, and answers to frequently asked questions about MB stock, including how to buy it on MEXC.",2026-08-08 21:40:29,MEXC,https://www.mexc.co/en-GB/stocks/mb,alpha_vantage,2026-08-07 04:00:00,311.1816431226555,314.53873325457766,310.47223295908327,313.0599975585937,34437200,0.0,0.0,neutral,0.0009,0.0025,0.9966
AAPL,av_bc87ad9345aee5ef,Cypress Funds Cuts Apple Stake as Steven Baum Trims,"Cypress Funds Llc, managed by Steven Baum, recently reduced its stake in Apple Inc. (AAPL) by 12,623 shares. TipRanks' AI Analyst, Spark, rates AAPL as an ""Outperform"" due to strong profitability and cash flow, despite near-term headwinds like supply issues and valuation concerns. The stock has shown a YTD price performance of 13.84%.",2026-08-09 03:25:06,The Globe and Mail,https://www.theglobeandmail.com/investing/markets/stocks/AAPL-Q/pressreleases/3742614/cypress-funds-cuts-apple-stake-as-steven-baum-trims/,alpha_vantage,2026-08-07 04:00:00,311.1816431226555,314.53873325457766,310.47223295908327,313.0599975585937,34437200,0.0,0.0,neutral,0.0371,0.0018,0.9611
AAPL,av_cd4f566948fe58d7,Alamar Capital Management LLC Buys New Stake in Apple Inc. $AAPL,"Alamar Capital Management LLC recently acquired a new stake of 4,521 shares in Apple Inc., valued at approximately $1.147 million. This comes as other institutional investors like Vanguard Group, State Street Corp, and Geode Capital Management also increased their positions in Apple during the last quarter. The article also provides an overview of Apple's stock performance, recent earnings, dividend announcement, and a summary of current news impacting the company, including a planned CEO transition and ongoing legal and competitive considerations.",2026-08-09 07:32:56,MarketBeat,https://www.marketbeat.com/instant-alerts/filing-alamar-capital-management-llc-buys-new-stake-in-apple-inc-aapl-2026-08-09/,alpha_vantage,2026-08-07 04:00:00,311.1816431226555,314.53873325457766,310.47223295908327,313.0599975585937,34437200,0.0,0.0,neutral,0.0007,0.0067,0.9927
AAPL,av_da2cdd19a1eabb5e,Envision Financial Transparency LLC Takes Position in Apple Inc. $AAPL,"Envision Financial Transparency LLC has acquired 4,598 shares of Apple Inc. (NASDAQ:AAPL) worth approximately $1.17 million, making it their 19th-largest holding. This comes as Apple reported strong quarterly earnings, exceeding analyst expectations, with revenue up 16.4% year-over-year. Despite positive analyst sentiment and recent leadership changes, the company faces potential pressures from rising costs, slower services growth, and increased competition in new hardware markets.",2026-08-09 07:32:56,MarketBeat,https://www.marketbeat.com/instant-alerts/filing-envision-financial-transparency-llc-takes-position-in-apple-inc-aapl-2026-08-09/,alpha_vantage,2026-08-07 04:00:00,311.1816431226555,314.53873325457766,310.47223295908327,313.0599975585937,34437200,0.0,0.0,neutral,0.0006,0.0006,0.9988
AAPL,av_4e2dd68c23c1b5a5,Ascension Capital Advisors Inc. Boosts Stock Holdings in Apple Inc. $AAPL,"Ascension Capital Advisors Inc. increased its stake in Apple Inc. by 49.0% in the first quarter, now holding 10,694 shares valued at $2.71 million. This makes Apple its 17th largest position, accounting for 0.9% of the fund's holdings. Other institutional investors like Norges Bank, Nuveen LLC, and Vanguard Group Inc. also significantly altered their positions in Apple.",2026-08-09 07:32:56,MarketBeat,https://www.marketbeat.com/instant-alerts/filing-ascension-capital-advisors-inc-boosts-stock-holdings-in-apple-inc-aapl-2026-08-09/,alpha_vantage,2026-08-07 04:00:00,311.1816431226555,314.53873325457766,310.47223295908327,313.0599975585937,34437200,0.0,0.0,bullish,0.0027,0.9936,0.0037
AAPL,av_43be2cb1495900b8,Alcosta Capital Management Inc. Has $8.15 Million Holdings in Apple Inc. $AAPL,"Alcosta Capital Management Inc. reduced its stake in Apple Inc. by 4.9% in the first quarter, now holding 32,122 shares valued at $8.15 million, making Apple its fifth-largest position. Other institutional investors have also adjusted their holdings, while an Apple insider sold shares. Analyst ratings for Apple are mixed, with a ""Moderate Buy"" consensus and a target price of $330.44.",2026-08-09 07:44:52,MarketBeat,https://www.marketbeat.com/instant-alerts/filing-alcosta-capital-management-inc-has-815-million-holdings-in-apple-inc-aapl-2026-08-09/,alpha_vantage,2026-08-07 04:00:00,311.1816431226555,314.53873325457766,310.47223295908327,313.0599975585937,34437200,0.0,0.0,neutral,0.0009,0.0066,0.9924
AAPL,av_e74e37345fc175c1,Dala Group LLC Acquires New Shares in Alphabet Inc. $GOOGL,"Dala Group LLC has acquired a new position of 40,744 shares in Alphabet Inc. (NASDAQ:GOOGL), valued at approximately $11.7 million, making it their fourth-largest holding. Institutional ownership of Alphabet remains strong at 40.03%, with major investors like Norges Bank and Vanguard increasing their stakes. Alphabet recently reported quarterly revenues of $119.8 billion and EPS of $9.11, surpassing analyst estimates, and holds a consensus ""Buy"" rating with an average price target of $419.86.",2026-08-09 07:51:51,MarketBeat,https://www.marketbeat.com/instant-alerts/filing-dala-group-llc-acquires-new-shares-in-alphabet-inc-googl-2026-08-09/,alpha_vantage,2026-08-07 04:00:00,311.1816431226555,314.53873325457766,310.47223295908327,313.0599975585937,34437200,0.0,0.0,neutral,0.0006,0.0109,0.9885
AAPL,av_9299fe75268eda5b,"Clarkston Capital Partners LLC Sells 154,783 Shares of Apple Inc. $AAPL","Clarkston Capital Partners LLC significantly reduced its stake in Apple Inc. (NASDAQ:AAPL) by selling 154,783 shares, decreasing its holdings by 93.3% but still retaining 11,033 shares valued at $2.8 million. This comes as Apple continues to show strong financial performance, with recent quarterly results exceeding expectations for both EPS and revenue, alongside a declared quarterly dividend. The company maintains a ""Moderate Buy"" consensus rating from analysts, despite some concerns about valuation and competitive pressures.",2026-08-09 07:53:52,MarketBeat,https://www.marketbeat.com/instant-alerts/filing-clarkston-capital-partners-llc-sells-154783-shares-of-apple-inc-aapl-2026-08-09/,alpha_vantage,2026-08-07 04:00:00,311.1816431226555,314.53873325457766,310.47223295908327,313.0599975585937,34437200,0.0,0.0,bearish,0.9668,0.0092,0.0239
AAPL,av_9e17cea2ca7afe43,Dickmeyer Boyce Financial Management Inc. Invests $7.96 Million in Apple Inc. $AAPL,"Dickmeyer Boyce Financial Management Inc. has acquired a new stake in Apple Inc., purchasing 31,350 shares valued at approximately $7.96 million, making Apple its second-largest holding. This investment comes as Apple reports strong quarterly results, exceeding analyst expectations, and maintains a ""Moderate Buy"" consensus among analysts despite concerns about rising costs and competition. The article also details insider trading activity and other institutional investor movements, alongside key headlines impacting Apple's AI strategy, core business momentum, and competitive landscape.",2026-08-09 08:03:52,MarketBeat,https://www.marketbeat.com/instant-alerts/filing-dickmeyer-boyce-financial-management-inc-invests-796-million-in-apple-inc-aapl-2026-08-09/,alpha_vantage,2026-08-07 04:00:00,311.1816431226555,314.53873325457766,310.47223295908327,313.0599975585937,34437200,0.0,0.0,neutral,0.0008,0.0086,0.9906
AAPL,av_7550e0cfb4b57d95,B&D White Capital Company LLC Has $2.52 Million Stake in Apple Inc. $AAPL,"B&D White Capital Company LLC increased its stake in Apple Inc. (AAPL) by 36.3% in the first quarter, now holding 9,913 shares valued at approximately $2.52 million. This move comes as Apple reported strong quarterly earnings, surpassing consensus estimates with revenue up 16.4% year-over-year. Despite some analyst downgrades, the consensus rating for Apple remains a ""Moderate Buy"" with an average price target of $330.44.",2026-08-09 08:03:52,MarketBeat,https://www.marketbeat.com/instant-alerts/filing-bd-white-capital-company-llc-has-252-million-stake-in-apple-inc-aapl-2026-08-09/,alpha_vantage,2026-08-07 04:00:00,311.1816431226555,314.53873325457766,310.47223295908327,313.0599975585937,34437200,0.0,0.0,neutral,0.0007,0.0032,0.9961
AAPL,av_06656f21cf6db42e,Caxton Associates LLP Has $131.36 Million Holdings in Apple Inc. $AAPL,"Caxton Associates LLP significantly increased its stake in Apple Inc. by 123% in the first quarter, bringing its total holdings to $131.36 million. Apple now constitutes 3% of Caxton's portfolio, making it their seventh-largest holding. Despite concerns about valuation and competition, analyst sentiment remains positive with a ""Moderate Buy"" consensus.",2026-08-09 08:03:52,MarketBeat,https://www.marketbeat.com/instant-alerts/filing-caxton-associates-llp-has-13136-million-holdings-in-apple-inc-aapl-2026-08-09/,alpha_vantage,2026-08-07 04:00:00,311.1816431226555,314.53873325457766,310.47223295908327,313.0599975585937,34437200,0.0,0.0,neutral,0.001,0.0071,0.9919
AAPL,av_aa89d1714e8ae2c9,Apple Inc. $AAPL Shares Bought by Davis R M Inc.,"Davis R M Inc. increased its stake in Apple Inc. by 2.1% in the first quarter, now holding 1.15 million shares valued at approximately $292.2 million, making Apple its second-biggest holding. Analyst sentiment remains largely positive with a ""Moderate Buy"" consensus, despite recent downgrades, and the company exceeded quarterly expectations with strong EPS and revenue growth, also declaring a quarterly dividend of $0.27 per share. Insider trading activity included a sale by Ben Borders to cover tax obligations, and institutional investors collectively own 67.73% of the company's stock.",2026-08-09 08:03:52,MarketBeat,https://www.marketbeat.com/instant-alerts/filing-apple-inc-aapl-shares-bought-by-davis-r-m-inc-2026-08-09/,alpha_vantage,2026-08-07 04:00:00,311.1816431226555,314.53873325457766,310.47223295908327,313.0599975585937,34437200,0.0,0.0,bullish,0.017,0.6989,0.2841
AAPL,av_a147e15db612eb92,Apple Inc. $AAPL Shares Sold by Decatur Capital Management Inc.,"Decatur Capital Management Inc. reduced its stake in Apple Inc. by 1.5% in the first quarter, selling 1,679 shares and now holding 107,984 shares valued at $27.4 million. Despite this, other institutional investors have increased their holdings, and analysts maintain a ""Moderate Buy"" rating for Apple with a consensus price target of $330.44. The article also covers Apple's strong Q1 earnings, positive sentiment surrounding its planned CEO transition, and current stock performance metrics.",2026-08-09 08:03:52,MarketBeat,https://www.marketbeat.com/instant-alerts/filing-apple-inc-aapl-shares-sold-by-decatur-capital-management-inc-2026-08-09/,alpha_vantage,2026-08-07 04:00:00,311.1816431226555,314.53873325457766,310.47223295908327,313.0599975585937,34437200,0.0,0.0,bearish,0.9452,0.0026,0.0522
AAPL,av_a45d231043eddfe2,Cardano Risk Management B.V. Takes Position in Western Digital Corporation $WDC,"Cardano Risk Management B.V. has acquired a new stake in Western Digital Corporation (NASDAQ:WDC), purchasing 187,935 shares valued at approximately $120 million, making it their 29th largest holding. This investment comes as Western Digital reported strong fiscal fourth-quarter results, beating revenue and earnings estimates due to high AI-driven cloud storage demand. Despite the positive earnings, the stock has experienced selling pressure and a dip due to analyst guidance on fiscal 2027 gross margins falling short of elevated expectations.",2026-08-09 08:27:29,MarketBeat,https://www.marketbeat.com/instant-alerts/filing-cardano-risk-management-bv-takes-position-in-western-digital-corporation-wdc-2026-08-09/,alpha_vantage,2026-08-07 04:00:00,311.1816431226555,314.53873325457766,310.47223295908327,313.0599975585937,34437200,0.0,0.0,neutral,0.0007,0.0006,0.9987
AAPL,av_1aa23b15c95e4b59,"Black Hills Corporation (NYSE:BKH) Receives Average Rating of ""Buy"" from Brokerages","Black Hills Corporation (NYSE:BKH) has received an average ""Buy"" rating from six research firms, with an average 12-month price target of $81.67, exceeding its current trading price. The company recently reported strong quarterly earnings, beating EPS estimates, and announced an attractive quarterly dividend of $0.703 per share, yielding 3.8%. Institutional investors hold a significant 86.71% of the company's stock, though insider activity included a director selling a portion of their shares.",2026-08-09 08:40:51,MarketBeat,https://www.marketbeat.com/instant-alerts/black-hills-corporation-nysebkh-receives-average-rating-of-buy-from-brokerages-2026-08-09/,alpha_vantage,2026-08-07 04:00:00,311.1816431226555,314.53873325457766,310.47223295908327,313.0599975585937,34437200,0.0,0.0,bullish,0.0023,0.9907,0.007
AAPL,av_28a412a4454fcb88,Sei Investments Co. Boosts Stake in Apple Inc. $AAPL,"Sei Investments Co. significantly increased its holdings in Apple Inc. by 19.3% in Q1 2026, making Apple its second-largest holding. Other institutional investors also adjusted their stakes, while an Apple insider sold shares to cover tax obligations. Analysts have issued mixed ratings and price targets for Apple amidst ongoing news regarding its AI strategy, core business performance, and market competition.",2026-08-09 08:40:58,MarketBeat,https://www.marketbeat.com/instant-alerts/filing-sei-investments-co-boosts-stake-in-apple-inc-aapl-2026-08-09/,alpha_vantage,2026-08-07 04:00:00,311.1816431226555,314.53873325457766,310.47223295908327,313.0599975585937,34437200,0.0,0.0,neutral,0.0011,0.0535,0.9453
AAPL,av_0a7a51f77ef37b54,"Liberty One Investment Management LLC Buys 6,812 Shares of Apple Inc. $AAPL","Liberty One Investment Management LLC increased its stake in Apple Inc. by 37.3% in the first quarter, purchasing an additional 6,812 shares and bringing their total holdings to 25,052 shares valued at $6.358 million. Other institutional investors, including Norges Bank and Nuveen LLC, also significantly increased their positions in Apple. The article also notes recent insider selling by Ben Borders to cover tax obligations and discusses positive, neutral, and negative sentiments surrounding Apple's AI strategy, core business performance, and market competition.",2026-08-09 08:44:58,MarketBeat,https://www.marketbeat.com/instant-alerts/filing-liberty-one-investment-management-llc-buys-6812-shares-of-apple-inc-aapl-2026-08-09/,alpha_vantage,2026-08-07 04:00:00,311.1816431226555,314.53873325457766,310.47223295908327,313.0599975585937,34437200,0.0,0.0,bullish,0.0029,0.987,0.0101
AAPL,av_846fe4eda2486188,State of Wyoming Boosts Stock Position in Apple Inc. $AAPL,"The State of Wyoming significantly increased its stake in Apple Inc. by 152.6% in the first quarter, now holding 65,912 shares valued at $16.7 million. Several other institutional investors also adjusted their positions in Apple, with 67.73% of the stock owned by such entities. Analysts have provided a ""Moderate Buy"" rating for Apple, with an average target price of $330.44, amidst recent earnings beats, dividend announcements, and a planned CEO transition.",2026-08-09 08:48:58,MarketBeat,https://www.marketbeat.com/instant-alerts/filing-state-of-wyoming-boosts-stock-position-in-apple-inc-aapl-2026-08-09/,alpha_vantage,2026-08-07 04:00:00,311.1816431226555,314.53873325457766,310.47223295908327,313.0599975585937,34437200,0.0,0.0,bullish,0.0024,0.9938,0.0038
AAPL,av_1d414c7fce70fc04,Apple Inc. $AAPL is GSG Advisors LLC's 4th Largest Position,"GSG Advisors LLC reduced its stake in Apple Inc. by 5.7% in the first quarter, making Apple its fourth-largest holding, valued at $24.375 million. Other institutional investors also adjusted their positions in Apple, with some increasing and others initiating stakes. The article also provides a sentiment analysis of recent Apple news, analyst rating changes, insider transactions, and financial performance data.",2026-08-09 08:51:58,MarketBeat,https://www.marketbeat.com/instant-alerts/filing-apple-inc-aapl-is-gsg-advisors-llcs-4th-largest-position-2026-08-09/,alpha_vantage,2026-08-07 04:00:00,311.1816431226555,314.53873325457766,310.47223295908327,313.0599975585937,34437200,0.0,0.0,bullish,0.004,0.695,0.301
AAPL,av_f3f1fdb22cbf1c7e,Chemistry Wealth Management LLC Has $2.06 Million Holdings in Salesforce Inc. $CRM,"Chemistry Wealth Management LLC significantly increased its stake in Salesforce Inc. ($CRM) by 62.6% in the second quarter, bringing its total holdings to $2.06 million. Salesforce reported strong quarterly earnings, beating estimates with $3.88 EPS and 13.3% year-over-year revenue growth. Despite a ""Moderate Buy"" consensus from analysts, some firms have adjusted their ratings and price targets, while institutional investors collectively own 80.43% of the company.",2026-08-09 08:56:14,MarketBeat,https://www.marketbeat.com/instant-alerts/filing-chemistry-wealth-management-llc-has-206-million-holdings-in-salesforce-inc-crm-2026-08-09/,alpha_vantage,2026-08-07 04:00:00,311.1816431226555,314.53873325457766,310.47223295908327,313.0599975585937,34437200,0.0,0.0,neutral,0.0007,0.0021,0.9972
AAPL,av_a6716dafc45d8c7c,Monograph Wealth Advisors LLC Increases Position in Apple Inc. $AAPL,"Monograph Wealth Advisors LLC increased its stake in Apple Inc. (NASDAQ:AAPL) by 15.6% during the first quarter, making it their 9th largest position. Other institutional investors also modified their holdings, with State of Wyoming boosting its stake by 152.6%. The article also reviews recent key news affecting Apple, including a planned CEO transition, strong core business momentum, and ongoing legal and competitive challenges.",2026-08-09 09:01:58,MarketBeat,https://www.marketbeat.com/instant-alerts/filing-monograph-wealth-advisors-llc-increases-position-in-apple-inc-aapl-2026-08-09/,alpha_vantage,2026-08-07 04:00:00,311.1816431226555,314.53873325457766,310.47223295908327,313.0599975585937,34437200,0.0,0.0,bullish,0.0028,0.9915,0.0057
AAPL,av_7bbd06f13717ad76,"Janus Henderson Group PLC Purchases 55,227 Shares of A10 Networks, Inc. $ATEN","Janus Henderson Group PLC significantly increased its stake in A10 Networks (NYSE:ATEN) by 171.1% in the first quarter, acquiring an additional 55,227 shares, bringing its total holdings to 87,505 shares valued at approximately $2.0 million. A10 Networks recently reported strong second-quarter revenue growth of 15.5% year-over-year to $80.14 million and increased EPS to $0.25. While analysts maintain a generally constructive outlook with ""Buy"" ratings from BWS Financial and BTIG Research, a newly filed shelf prospectus could raise concerns about potential share dilution.",2026-08-09 09:11:21,MarketBeat,https://www.marketbeat.com/instant-alerts/filing-janus-henderson-group-plc-purchases-55227-shares-of-a10-networks-inc-aten-2026-08-09/,alpha_vantage,2026-08-07 04:00:00,311.1816431226555,314.53873325457766,310.47223295908327,313.0599975585937,34437200,0.0,0.0,neutral,0.0008,0.0062,0.993
AAPL,av_2fc6a910e0278ceb,"Quantinno Capital Management LP Boosts Holdings in Douglas Emmett, Inc. $DEI","Quantinno Capital Management LP increased its stake in Douglas Emmett, Inc. (NYSE:DEI) by 52.4% in Q1, now owning 377,327 shares valued at $3.55 million. Despite institutional ownership of 97.37% and a 6.5% annualized dividend yield, the REIT holds an average ""Hold"" rating from analysts with a consensus price target of $13.71, following mixed earnings results.",2026-08-09 09:40:41,MarketBeat,https://www.marketbeat.com/instant-alerts/filing-quantinno-capital-management-lp-boosts-holdings-in-douglas-emmett-inc-dei-2026-08-09/,alpha_vantage,2026-08-07 04:00:00,311.1816431226555,314.53873325457766,310.47223295908327,313.0599975585937,34437200,0.0,0.0,bullish,0.0022,0.548,0.4498
AAPL,av_19b2e665cffbcaef,TSMC Revives Longtan for 1.4nm Fabs and CoWoS Hub as Both Sell Out Globally,"TSMC is reportedly planning to build two to three 1.4nm fabrication plants and two advanced packaging facilities at the Longtan Phase 3 site in Taoyuan, Taiwan, after local opposition reversed. This site would uniquely house both next-generation logic production and CoWoS packaging capabilities, which are currently globally sold out and critical for AI accelerator chips. The plan, though facing remaining hurdles like land acquisition and environmental review, signifies Taiwan's effort to keep TSMC's most advanced technology anchored domestically amidst its global expansion.",2026-08-09 10:59:36,Tech Times,https://www.techtimes.com/articles/323679/20260809/tsmc-revives-longtan-14nm-fabs-cowos-hub-both-sell-out-globally.htm,alpha_vantage,2026-08-07 04:00:00,311.1816431226555,314.53873325457766,310.47223295908327,313.0599975585937,34437200,0.0,0.0,neutral,0.003,0.021,0.9761
AAPL,av_ccb664f0fd54b9c7,Apple tests China’s CXMT memory chips as AI boom squeezes supplies: WSJ,"Apple is reportedly testing memory chips from Chinese semiconductor maker CXMT for products like iPhones and MacBooks. This move comes as the booming artificial intelligence sector is creating a strain on global memory chip supplies. The potential collaboration could impact global memory chip pricing and competition among existing suppliers, while U.S.-China technology tensions might limit the use of CXMT chips to devices sold in China.",2026-08-09 13:07:05,Seeking Alpha,https://seekingalpha.com/news/4629660-apple-tests-china-s-cxmt-memory-chips-as-ai-boom-squeezes-supplies-wsj,alpha_vantage,2026-08-07 04:00:00,311.1816431226555,314.53873325457766,310.47223295908327,313.0599975585937,34437200,0.0,0.0,bullish,0.0106,0.5514,0.438
AAPL,av_fea54e7d9d81fff2,Apple Explores Shaking Up Its Smartwatch for a New Era,"Apple is reportedly exploring a significant overhaul of its Apple Watch lineup, considering new form factors and adapting to the industry's shift towards screen-free devices. This news comes as the company prepares for its major September iPhone event, with discussions also touching upon a potential CEO transition with John Ternus and details on a previously scrapped Apple Upgrade idea. The article also notes Apple's strategic move to reinvent itself as a leading subscription provider.",2026-08-09 14:00:00,Bloomberg.com,https://www.bloomberg.com/news/newsletters/2026-08-09/apple-explores-apple-watch-shake-up-company-prepares-for-september-iphone-event,alpha_vantage,2026-08-07 04:00:00,311.1816431226555,314.53873325457766,310.47223295908327,313.0599975585937,34437200,0.0,0.0,neutral,0.0011,0.0015,0.9974
AAPL,av_aa1f76eb77285326,"Ford Fathom Price: $29,945 Electric Truck, 2027 Preorder","Ford has unveiled its new electric pickup, the Fathom, priced at $29,945 (delivered), making it Ford's most affordable EV. While the price is a significant achievement, Ford has not yet disclosed crucial details such as battery capacity, EPA range, charging speed, towing capacity, or payload. Preorders for the Fathom are scheduled to begin in early 2027, with deliveries expected later that year.",2026-08-09 14:07:52,The Weekly Driver,https://theweeklydriver.com/2026/08/ford-fathom-price-specs-2027/,alpha_vantage,2026-08-07 04:00:00,311.1816431226555,314.53873325457766,310.47223295908327,313.0599975585937,34437200,0.0,0.0,neutral,0.0008,0.0014,0.9977
AAPL,av_4cf69184a4b9fa1a,"GXLC ETF Profile: Dividends, Returns (BOATS:GXLC)","The GXLC ETF is a passively managed fund that invests in the 500 largest U.S. companies by market capitalization, tracking the Solactive GBS United States 500 index. It has assets under management of $4.62 million and an expense ratio of 0.02%. The fund focuses heavily on electronic technology and technology services, and it pays quarterly dividends, with the last dividend amounting to $0.25 USD.",2026-08-09 14:13:05,TradingView,https://www.tradingview.com/symbols/BOATS-GXLC/profile/,alpha_vantage,2026-08-07 04:00:00,311.1816431226555,314.53873325457766,310.47223295908327,313.0599975585937,34437200,0.0,0.0,neutral,0.0005,0.0007,0.9988
AAPL,av_d4b11e5aaa27a963,ANGU ETF Holdings List — BOATS:ANGU,"This article provides a detailed list of the SEI Ang Research Enhanced U.S. Large Cap ETF (ANGU) holdings as of August 6, 2026. The fund's top holdings include major technology companies like NVIDIA, Apple, Microsoft, and Amazon, along with others such as Alphabet, Broadcom, Meta Platforms, Eli Lilly and Company, and Micron Technology. The list details each company's symbol, weight percentage, number of shares, and market value.",2026-08-09 14:16:03,TradingView,https://www.tradingview.com/symbols/BOATS-ANGU/holdings/,alpha_vantage,2026-08-07 04:00:00,311.1816431226555,314.53873325457766,310.47223295908327,313.0599975585937,34437200,0.0,0.0,neutral,0.0007,0.0007,0.9986
AAPL,av_8bd266060fe21e85,Why Is Coherent (COHR) In Focus After Its Former CEO Took An Advisory Role?,"Coherent's former CEO, Dr. Chuck Mattera, has joined Uviquity as a Strategic Advisor, bringing his photonics expertise to quantum and advanced sensing applications. This move reinforces the narrative that Coherent's past leadership helped position the company in advanced photonics for AI and communications, although it also highlights Coherent's current focus primarily on datacom rather than quantum photonics. Investors are now considering how this shift impacts Coherent's future strategy and market positioning amidst competition and capital intensity risks.",2026-08-09 14:41:44,Simply Wall Street,https://simplywall.st/stocks/us/tech/nyse-cohr/coherent/news/why-is-coherent-cohr-in-focus-after-its-former-ceo-took-an-a,alpha_vantage,2026-08-07 04:00:00,311.1816431226555,314.53873325457766,310.47223295908327,313.0599975585937,34437200,0.0,0.0,neutral,0.0011,0.0004,0.9985
AAPL,av_403245a527e42873,US-China AI War: Inside the Battle for Global Tech Dominance,"The U.S. and China are engaged in a fierce competition for global AI dominance, encompassing military superiority, tech stack leadership, cybersecurity, and semiconductor advancements. Recent accusations of Chinese firm Moonshot AI stealing U.S. technology for its Kimi K3 model highlight the tension, while debates over open-source AI and domestic public resistance to data center construction add layers of complexity to America's strategy. Despite public skepticism, significant capital expenditure continues to fuel the U.S. effort to out-build China's AI infrastructure.",2026-08-09 14:47:09,Benzinga,https://www.benzinga.com/markets/tech/26/08/61063847/us-china-ai-war-inside-the-battle-for-global-tech-dominance,alpha_vantage,2026-08-07 04:00:00,311.1816431226555,314.53873325457766,310.47223295908327,313.0599975585937,34437200,0.0,0.0,neutral,0.001,0.0005,0.9985
AAPL,av_b73a55f363ef0d01,FedEx Corporation $FDX Shares Purchased by PensionDanmark Pensionsforsikringsaktieselskab,"PensionDanmark Pensionsforsikringsaktieselskab increased its stake in FedEx Corporation (FDX) by 15.9% in the second quarter, bringing its total holdings to 25,299 shares valued at approximately $7.9 million. Other institutional investors also adjusted their positions, and 84.47% of FedEx stock is now owned by institutional investors and hedge funds. Despite some recent analyst price target reductions, the consensus rating for FedEx remains a ""Moderate Buy"" with an average price target of $350.54.",2026-08-09 15:09:05,MarketBeat,https://www.marketbeat.com/instant-alerts/filing-fedex-corporation-fdx-shares-purchased-by-pensiondanmark-pensionsforsikringsaktieselskab-2026-08-09/,alpha_vantage,2026-08-07 04:00:00,311.1816431226555,314.53873325457766,310.47223295908327,313.0599975585937,34437200,0.0,0.0,neutral,0.0005,0.0012,0.9983
AAPL,av_0583c8657f19633b,Berkshire Hathaway’s 22.5% Stake in American Express Highlights Long-Term Conviction in Premium Credit Card Franchise,"Berkshire Hathaway maintains a significant 22.5% stake in American Express, reflecting a long-term conviction in the premium credit card brand's strength, despite the stock's current valuation. Under new CEO Greg Abel, Berkshire is actively deploying its cash pile, making substantial investments in Alphabet and acquiring Taylor Morrison Home, while also resuming share buybacks. This marks a shift towards a more active capital allocation strategy, even as Berkshire's stock performance has lagged the S&P 500 this year.",2026-08-09 17:37:09,BigGo Finance,https://finance.biggo.com/news/d5ebb321-c19b-46ff-bea8-a7d13977e3cb,alpha_vantage,2026-08-07 04:00:00,311.1816431226555,314.53873325457766,310.47223295908327,313.0599975585937,34437200,0.0,0.0,neutral,0.0006,0.008,0.9914
AAPL,av_9f424598dadd7ab2,Report: Apple Inc. Tests Use of CXMT Memory Chips in iPhone and MacBook,"Apple is reportedly testing memory chips from Chinese manufacturer CXMT for use in its iPhones and MacBooks to address potential supply constraints arising from the AI boom. The company is also in preliminary discussions with CXMT for chip procurement, particularly for devices sold in China. This development comes as CXMT plans to construct a second factory in Beijing to expand its production capabilities.",2026-08-09 19:21:00,Longbridge,https://longbridge.com/news/295338841,alpha_vantage,2026-08-07 04:00:00,311.1816431226555,314.53873325457766,310.47223295908327,313.0599975585937,34437200,0.0,0.0,neutral,0.0006,0.0036,0.9958
AAPL,av_810549268863744b,Nvidia-Backed Lumentum Soaring Again: Will It Rise or Fall After Earnings?,"Lumentum (NASDAQ: LITE), backed by Nvidia, is experiencing a stock rebound ahead of its Q3 earnings report. Analysts are highly bullish, forecasting significant year-over-year revenue and profit growth, which could justify its high valuation. However, the stock remains vulnerable to correction if growth expectations are not met.",2026-08-09 20:38:43,Benzinga,https://www.benzinga.com/markets/tech/26/08/61064193/nvidia-backed-lumentum-stock-is-soaring-again-will-it-rise-or-fall-after-earnings,alpha_vantage,2026-08-07 04:00:00,311.1816431226555,314.53873325457766,310.47223295908327,313.0599975585937,34437200,0.0,0.0,bullish,0.0031,0.939,0.0579
AAPL,av_574aa6b4bc6b02c0,"Record Highs Contend With Volume Restraints, US Inflation Top Event Risk Ahead","US indices reached new record highs despite a struggling fundamental backdrop and thin liquidity, raising questions about the sustainability of the rally. Key upcoming event risks include US CPI data, which will heavily influence Federal Reserve rate hike expectations after recent jobs report misses, and consumer confidence reports. The article also highlights the ongoing volatility in the Japanese Yen and market concerns over a lack of clear bullish themes to sustain momentum.",2026-08-09 21:45:05,StoneX,https://www.stonex.com/en-gb/insights/record-highs-contend-with-volume-restraints-us-inflation-top-event-risk-ahead/,alpha_vantage,2026-08-07 04:00:00,311.1816431226555,314.53873325457766,310.47223295908327,313.0599975585937,34437200,0.0,0.0,neutral,0.0098,0.0036,0.9865
AAPL,av_d02625d7c22266c6,Apple (AAPL) Removes Support Document for Alibaba's AI Integrati,"Apple recently removed a support document detailing the integration of its systems with Alibaba's Qianwen AI model, raising questions about its AI strategy in China. While the document suggested a potential collaboration, its swift removal indicates plans may be in early stages or subject to change. Apple (AAPL) is currently considered overvalued by GuruFocus, despite strong overall performance metrics like a high GF Score, and shows mixed signals from insider activity compared to guru interest.",2026-08-10 02:27:00,GuruFocus,https://www.gurufocus.com/news/9020459/apple-aapl-removes-support-document-for-alibabas-ai-integration,alpha_vantage,2026-08-07 04:00:00,311.1816431226555,314.53873325457766,310.47223295908327,313.0599975585937,34437200,0.0,0.0,neutral,0.0053,0.0018,0.9929
AAPL,av_63acf66255400236,Sony and TSMC to invest ¥1 trillion in joint chip plant in Japan,"Sony Group and Taiwan Semiconductor Manufacturing Co. (TSMC) are discussing a ¥1 trillion ($6.4 billion) joint investment for a new chip plant in Japan, according to a source familiar with the plans. This partnership between Sony Semiconductor Solutions and TSMC aims to produce next-generation image sensors for robots and cars, with production slated to begin in 2029. The investment is seen as a strategic move to reduce Sony's capital burden in the high-cost chip industry while ensuring steady revenue for TSMC, with the Japanese government also considering financial support.",2026-08-10 02:42:45,The Japan Times,https://www.japantimes.co.jp/business/2026/08/10/companies/sony-tsmc-plant-japan/,alpha_vantage,2026-08-07 04:00:00,311.1816431226555,314.53873325457766,310.47223295908327,313.0599975585937,34437200,0.0,0.0,neutral,0.0013,0.0059,0.9928
AAPL,av_37a00dae832245e7,Apple Tests China's CXMT Memory Chips for iPhones and Macbooks Amid AI-Fueled Supply Crunch: Report,"Apple is reportedly testing memory chips from China's ChangXin Memory Technologies (CXMT) for use in iPhones and MacBooks, according to a report, as an AI-fueled surge in demand creates a global memory supply crunch. This move is driven by Apple's need to secure additional memory sources, despite CXMT's current capacity limitations and potential U.S.-China chip tensions. Analyst Ming-Chi Kuo suggests Apple's interest is primarily for supply security rather than cost reduction, predicting a wider memory shortage through 2027.",2026-08-10 07:16:03,Benzinga,https://www.benzinga.com/markets/tech/26/08/61065901/apple-tests-chinas-cxmt-memory-chips-for-iphones-and-macbooks-amid-ai-fueled-supply-crunch-report,alpha_vantage,2026-08-10 04:00:00,306.8299865722656,308.260009765625,304.6099853515625,308.260009765625,44812500,0.27,0.0,neutral,0.009,0.0276,0.9633
AAPL,av_f3367e67fc0dfe8a,Apple Inc. $AAPL Shares Purchased by Arrowstreet Capital Limited Partnership,"Arrowstreet Capital Limited Partnership significantly increased its stake in Apple Inc. ($AAPL) by 12.0% during the first quarter, now owning 19.44 million shares valued at approximately $4.93 billion. Several other institutional investors also adjusted their positions in Apple, with notable increases from firms like Rainier Family Wealth Inc. and Summit Wealth Partners LLC. The article also covers Apple's stock performance, recent earnings, upcoming dividend, and mixed analyst ratings, alongside key news impacting the company, including a planned CEO transition and ongoing legal and competitive challenges.",2026-08-10 07:30:03,MarketBeat,https://www.marketbeat.com/instant-alerts/filing-apple-inc-aapl-shares-purchased-by-arrowstreet-capital-limited-partnership-2026-08-10/,alpha_vantage,2026-08-10 04:00:00,306.8299865722656,308.260009765625,304.6099853515625,308.260009765625,44812500,0.27,0.0,neutral,0.0006,0.0032,0.9962
AAPL,av_940df0d072855675,Apple Inc. $AAPL Shares Acquired by Bollard Group LLC,"Bollard Group LLC increased its stake in Apple Inc. by 4.9% in the first quarter, bringing",2026-08-10 07:48:03,MarketBeat,https://www.marketbeat.com/instant-alerts/filing-apple-inc-aapl-shares-acquired-by-bollard-group-llc-2026-08-10/,alpha_vantage,2026-08-10 04:00:00,306.8299865722656,308.260009765625,304.6099853515625,308.260009765625,44812500,0.27,0.0,neutral,0.0011,0.0058,0.9931
AAPL,av_a88b62d50ca9ff86,"Dai ichi Life Insurance Company Ltd Sells 27,471 Shares of Apple Inc. $AAPL","Dai ichi Life Insurance Company Ltd reduced its stake in Apple Inc. by 3.7%, selling 27,471 shares but still retaining a significant holding valued at $179 million. Apple remains a major part of the insurer's portfolio. The iPhone maker recently reported strong quarterly earnings, exceeding analyst expectations, and analysts maintain a ""Moderate Buy"" rating with an average price target of $330.44.",2026-08-10 07:48:03,MarketBeat,https://www.marketbeat.com/instant-alerts/filing-dai-ichi-life-insurance-company-ltd-sells-27471-shares-of-apple-inc-aapl-2026-08-10/,alpha_vantage,2026-08-10 04:00:00,306.8299865722656,308.260009765625,304.6099853515625,308.260009765625,44812500,0.27,0.0,neutral,0.1674,0.0249,0.8078
AAPL,av_f6d2e9510b9a298f,CoreCap Advisors LLC Reduces Position in BlackRock $BLK,"CoreCap Advisors LLC significantly reduced its holdings in BlackRock (NYSE:BLK) by 75.1% in the second quarter, selling 1,068 shares and retaining 354 shares. Despite this, institutional investors still collectively own 80.69% of BlackRock. Analysts maintain a ""Buy"" consensus rating with an average price target of $1,304.29, with recent upgrades from Morgan Stanley and JPMorgan, while BlackRock reported strong Q2 earnings and is expanding into digital assets.",2026-08-10 07:48:27,MarketBeat,https://www.marketbeat.com/instant-alerts/filing-corecap-advisors-llc-reduces-position-in-blackrock-blk-2026-08-10/,alpha_vantage,2026-08-10 04:00:00,306.8299865722656,308.260009765625,304.6099853515625,308.260009765625,44812500,0.27,0.0,bearish,0.7059,0.0108,0.2833
AAPL,av_7b1b5aef9887c8fe,"CX Institutional Has $92,000 Stock Holdings in Cirrus Logic, Inc. $CRUS","CX Institutional significantly reduced its stake in Cirrus Logic (NASDAQ:CRUS) by 99.2% in Q2, selling 73,164 shares and retaining 622 shares valued at approximately $92,000. Despite this, the semiconductor company reported strong Q3 earnings, beating EPS estimates and showing a 12.9% year-over-year revenue increase. Analyst sentiment remains a ""Moderate Buy"" with a consensus price target of $150.71, though some firms have lowered their targets.",2026-08-10 08:09:37,MarketBeat,https://www.marketbeat.com/instant-alerts/filing-cx-institutional-has-92000-stock-holdings-in-cirrus-logic-inc-crus-2026-08-10/,alpha_vantage,2026-08-10 04:00:00,306.8299865722656,308.260009765625,304.6099853515625,308.260009765625,44812500,0.27,0.0,neutral,0.0009,0.0099,0.9892
AAPL,av_cf0f1edabe19be62,Sentinel Advisory Group LLC Invests $1.20 Million in Apple Inc. $AAPL,"Sentinel Advisory Group LLC has acquired a new stake of 4,729 shares in Apple Inc. (NASDAQ:AAPL), valued at approximately $1.20 million, making it their 23rd largest holding. Other institutional investors also adjusted their positions in Apple, which currently has a ""Moderate Buy"" consensus rating among analysts with a price target of $330.44. Apple's stock opened at $313.33, boasts a market capitalization of $4.57 trillion, and recently reported strong quarterly earnings exceeding expectations.",2026-08-10 08:47:05,MarketBeat,https://www.marketbeat.com/instant-alerts/filing-sentinel-advisory-group-llc-invests-120-million-in-apple-inc-aapl-2026-08-10/,alpha_vantage,2026-08-10 04:00:00,306.8299865722656,308.260009765625,304.6099853515625,308.260009765625,44812500,0.27,0.0,neutral,0.001,0.0216,0.9774
AAPL,av_f2a5fe57895fc28a,"Morningstar Investment Management LLC Sells 4,300 Shares of Apple Inc. $AAPL","Morningstar Investment Management LLC reduced its stake in Apple Inc. by 2.1% in the first quarter, selling 4,300 shares but still holding 202,910 shares valued at $51.5 million. Apple remains a significant holding for Morningstar, constituting about 3.2% of its portfolio. Despite this sale, analyst sentiment for Apple is largely positive, with a ""Moderate Buy"" consensus and an average price target of $330.44.",2026-08-10 08:47:05,MarketBeat,https://www.marketbeat.com/instant-alerts/filing-morningstar-investment-management-llc-sells-4300-shares-of-apple-inc-aapl-2026-08-10/,alpha_vantage,2026-08-10 04:00:00,306.8299865722656,308.260009765625,304.6099853515625,308.260009765625,44812500,0.27,0.0,bearish,0.5489,0.1134,0.3377
AAPL,av_c3c3593d63464334,"Pennington Partners & CO. LLC Buys 16,379 Shares of Apple Inc. $AAPL","Pennington Partners & CO. LLC significantly increased its stake in Apple Inc. ($AAPL) by 351.2% in the first quarter, adding 16,379 shares to reach a total of 21,043 shares valued at approximately $5.34 million. This move is part of broader institutional interest in Apple, with institutional investors collectively owning 67.73% of the company. Apple recently reported strong quarterly earnings, exceeding estimates with $2.02 per share and a 16.4% year-over-year revenue increase, while also declaring a $0.27 quarterly dividend.",2026-08-10 08:47:05,MarketBeat,https://www.marketbeat.com/instant-alerts/filing-pennington-partners-co-llc-buys-16379-shares-of-apple-inc-aapl-2026-08-10/,alpha_vantage,2026-08-10 04:00:00,306.8299865722656,308.260009765625,304.6099853515625,308.260009765625,44812500,0.27,0.0,bullish,0.003,0.9886,0.0084
AAPL,av_a165c115028d1511,Vivaldi Capital Management LP Has $37.35 Million Stock Holdings in Apple Inc. $AAPL,"Vivaldi Capital Management LP reduced its stake in Apple Inc. by 2.2% in the first quarter, although Apple still represents its largest holding at $37.35 million. Other institutional investors like JMG Financial Group Ltd. and Reyes Financial Architecture Inc. increased their positions in Apple. The article also covers recent insider stock sales, key news impacting Apple including its AI strategy, CEO transition, strong core business, and challenges like rising memory prices and increased competition in emerging hardware.",2026-08-10 08:49:05,MarketBeat,https://www.marketbeat.com/instant-alerts/filing-vivaldi-capital-management-lp-has-3735-million-stock-holdings-in-apple-inc-aapl-2026-08-10/,alpha_vantage,2026-08-10 04:00:00,306.8299865722656,308.260009765625,304.6099853515625,308.260009765625,44812500,0.27,0.0,neutral,0.0009,0.0067,0.9924
AAPL,av_fe1e63a29bab2b3d,Rockbridge Investment Management LCC Has $7.10 Million Stock Holdings in Apple Inc. $AAPL,"Rockbridge Investment Management LCC reduced its stake in Apple Inc. by 7.2% in the first quarter, selling 2,160 shares but still holding 27,961 shares valued at approximately $7.10 million. Apple's stock represents about 0.6% of the firm's total holdings. The iPhone maker recently reported strong quarterly earnings, surpassing analyst expectations with $2.02 EPS and $109.42 billion in revenue, prompting analysts to maintain a ""Moderate Buy"" consensus with an average price target of $330.44.",2026-08-10 08:49:05,MarketBeat,https://www.marketbeat.com/instant-alerts/filing-rockbridge-investment-management-lcc-has-710-million-stock-holdings-in-apple-inc-aapl-2026-08-10/,alpha_vantage,2026-08-10 04:00:00,306.8299865722656,308.260009765625,304.6099853515625,308.260009765625,44812500,0.27,0.0,neutral,0.0017,0.0421,0.9562
AAPL,av_c7412a6bcbf21b3b,"Public Employees Retirement System of Ohio Sells 81,951 Shares of Apple Inc. $AAPL","The Public Employees Retirement System of Ohio has reduced its stake in Apple Inc. by 1.3%, selling 81,951 shares in the first quarter, though Apple remains its second-largest holding. Despite the sell-off, Apple reported a strong quarter with earnings and revenue exceeding expectations, driven by solid demand for its products and services. Analyst consensus currently rates Apple as a ""Moderate Buy"" with an average price target of $330.44, amidst mixed investor sentiment regarding leadership transition, ongoing legal challenges, and increasing hardware competition.",2026-08-10 08:49:05,MarketBeat,https://www.marketbeat.com/instant-alerts/filing-public-employees-retirement-system-of-ohio-sells-81951-shares-of-apple-inc-aapl-2026-08-10/,alpha_vantage,2026-08-10 04:00:00,306.8299865722656,308.260009765625,304.6099853515625,308.260009765625,44812500,0.27,0.0,neutral,0.2874,0.0231,0.6896
AAPL,av_179da2d072d8ec7c,Hilltop Holdings Inc. Boosts Stock Holdings in Apple Inc. $AAPL,"Hilltop Holdings Inc. significantly increased its stake in Apple Inc. by 251.3% in the first quarter, making Apple its largest holding at 3.3% of its portfolio. This move comes as Apple reported strong quarterly earnings, beating analyst estimates, and maintained a ""Moderate Buy"" consensus rating from analysts with an average price target of $330.44. The article also details other institutional investor activities, Apple's stock performance metrics, dividend announcements, and recent analyst and insider trading actions.",2026-08-10 09:10:00,MarketBeat,https://www.marketbeat.com/instant-alerts/filing-hilltop-holdings-inc-boosts-stock-holdings-in-apple-inc-aapl-2026-08-10/,alpha_vantage,2026-08-10 04:00:00,306.8299865722656,308.260009765625,304.6099853515625,308.260009765625,44812500,0.27,0.0,bullish,0.0027,0.9936,0.0037
AAPL,av_c92faf465339e312,"Warren Buffett Bought Alphabet Stock Last Year. He Might Buy This Megacap Stock Next, Says a Wall Street Expert.","A Wall Street expert suggests Netflix (NFLX) could be Warren Buffett's next megacap stock purchase, given its current valuation. Despite previously avoiding tech, Buffett invested in Apple and Alphabet due to their strong consumer loyalty and competitive moats. Netflix, with its dominant market position, original content, and a P/E ratio at a three-year low, aligns with Buffett's investment philosophy of understandable businesses with durable advantages and reasonable prices.",2026-08-10 09:30:06,The Motley Fool,https://www.fool.com/investing/2026/08/10/warren-buffett-alphabet-stock-might-buy-this-next/,alpha_vantage,2026-08-10 04:00:00,306.8299865722656,308.260009765625,304.6099853515625,308.260009765625,44812500,0.27,0.0,neutral,0.0004,0.0031,0.9965
AAPL,av_61267a4ff21751d6,"Sax Wealth Advisors LLC Purchases 1,371 Shares of Costco Wholesale Corporation $COST","Sax Wealth Advisors LLC has significantly increased its holdings in Costco Wholesale Corporation (NASDAQ:COST) by 80.1% in the second quarter, adding 1,371 shares to bring its total to 3,083 shares valued at approximately $3.07 million. Despite missing EPS estimates slightly, Costco reported strong quarterly revenue and maintains a quarterly dividend. Analysts generally rate Costco as a ""Moderate Buy"" with a target price of $1,059.53, though some suggest waiting for a pullback due to its high valuation.",2026-08-10 09:30:51,MarketBeat,https://www.marketbeat.com/instant-alerts/filing-sax-wealth-advisors-llc-purchases-1371-shares-of-costco-wholesale-corporation-cost-2026-08-10/,alpha_vantage,2026-08-10 04:00:00,306.8299865722656,308.260009765625,304.6099853515625,308.260009765625,44812500,0.27,0.0,neutral,0.0008,0.0148,0.9844
AAPL,av_37d9a230beef9cc7,Apple reportedly tests CXMT memory chips as AI demand tightens global supply,"Apple is reportedly evaluating memory chips from China's CXMT Corp for products like iPhones and MacBooks, as the surge in AI demand is creating a global memory supply shortage. While this could help diversify Apple's procurement, CXMT's capacity limitations, uncertain pricing, and U.S. export restrictions could hinder a deeper partnership. The move comes as memory costs rise and global consumer electronics shipments are affected by the crunch.",2026-08-10 10:37:01,Yahoo Finance,https://finance.yahoo.com/technology/ai/articles/apple-reportedly-tests-cxmt-memory-101649681.html,alpha_vantage,2026-08-10 04:00:00,306.8299865722656,308.260009765625,304.6099853515625,308.260009765625,44812500,0.27,0.0,neutral,0.0017,0.0142,0.9841
AAPL,av_f7af3ad15a198cb5,GlobalFoundries Inc (GFS) Stock News Today,"This article provides recent news and analysis for GlobalFoundries Inc (GFS) stock, including past earnings movements and a forward-looking piece on how U.S. investment and semiconductor tariff exemptions could affect chip stocks. It highlights several instances of GFS stock price changes following earnings reports and other market factors. The information is presented by TradingKey, focusing on financial data and stock performance.",2026-08-10 10:40:35,TradingKey,https://www.tradingkey.com/markets/stocks/gfs/news,alpha_vantage,2026-08-10 04:00:00,306.8299865722656,308.260009765625,304.6099853515625,308.260009765625,44812500,0.27,0.0,neutral,0.0014,0.0012,0.9974
AAPL,av_d71483bb88e2d931,"Taiwan's Big Three Telecoms Report Jan-July Profits: Taiwan Mobile Leads with EPS of NT$3.32, Chunghwa Telecom Close Behind at NT$3.11","Taiwan's three major telecom operators, Taiwan Mobile, Chunghwa Telecom, and Far EasTone, have released their financial results for July and January-July. Taiwan Mobile led in cumulative EPS for January-July at NT$3.32, followed closely by Chunghwa Telecom at NT$3.11, while Far EasTone reported NT$2.46. All three companies showed profit growth, driven by factors like 5G upgrades, roaming revenue, and diversification into e-commerce and AI infrastructure, and anticipate continued growth in the second half of the year.",2026-08-10 11:11:20,BigGo Finance,https://finance.biggo.com/news/5918535a-497c-4fc1-b9c8-94aca1c1220f,alpha_vantage,2026-08-10 04:00:00,306.8299865722656,308.260009765625,304.6099853515625,308.260009765625,44812500,0.27,0.0,bullish,0.0048,0.7412,0.254
AAPL,av_17cba25a295686a0,Target Hospitality raises 2026 outlook on contract wins By Investing.com,"Target Hospitality (NASDAQ:TH) has raised its full-year 2026 revenue and adjusted EBITDA guidance by 11% and 13% respectively, following strong second-quarter results and significant contract wins. The company reported a 39% increase in Q2 revenue to $85.5 million and secured over $1.4 billion in multi-year contracts for its Workforce Hospitality Solutions segment, primarily supporting data center and power generation infrastructure. This growth was also bolstered by the completion of ramp-up phases at its Dilley, Texas facility.",2026-08-10 11:13:56,Investing.com Canada,https://ca.investing.com/news/stock-market-news/target-hospitality-raises-2026-outlook-on-contract-wins-93CH-4788886,alpha_vantage,2026-08-10 04:00:00,306.8299865722656,308.260009765625,304.6099853515625,308.260009765625,44812500,0.27,0.0,bullish,0.002,0.9823,0.0157
AAPL,av_d5114e90a28f049c,Sony and TSMC are planning to invest $6.4 billion in a Japanese image sensor factory,"Sony and TSMC are reportedly planning a joint investment of $6.4 billion in a new image sensor factory in Japan, targeting production by 2029. The facility, to be located within Sony's Kumamoto campus, will focus on next-generation sensors for the automotive and robotics sectors. This venture is part of Sony's strategy to reduce its capital-heavy manufacturing exposure and aligns with Japan's interest in supporting advanced chip production.",2026-08-10 11:42:44,Quartz,https://qz.com/sony-tsmc-image-sensor-factory-japan-081026,alpha_vantage,2026-08-10 04:00:00,306.8299865722656,308.260009765625,304.6099853515625,308.260009765625,44812500,0.27,0.0,neutral,0.0008,0.002,0.9971
AAPL,av_7efe9b77d425dc0c,Apple gets rating cut at Jefferies as planned all-glass iPhone is canceled,"Jefferies downgraded Apple (AAPL) to Underperform from Hold, lowering its price target due to the cancellation of the planned all-glass iPhone. This cancellation is seen as a significant setback for Apple's efforts to increase the iPhone's average selling price and margins. The report also highlights concerns about rising memory costs and their potential impact on future iPhone models and pricing.",2026-08-10 12:37:08,Seeking Alpha,https://seekingalpha.com/news/4629838-apple-gets-rating-cut-at-jefferies-as-planned-all-glass-iphone-is-canceled,alpha_vantage,2026-08-10 04:00:00,306.8299865722656,308.260009765625,304.6099853515625,308.260009765625,44812500,0.27,0.0,bearish,0.9967,0.0014,0.0019
AAPL,av_cd75210c3236f6b1,Form 8K The Mosaic Company For: 10 August By Investing.com,"This article announces that The Mosaic Company (MOS) filed a Form 8K on August 10. The filing, reported by Investing.com, indicates a significant event for the company, though specific details of the Form 8K are not provided in this brief announcement. The Mosaic Company's stock is shown to be down 1.71% in the provided market data.",2026-08-10 13:05:03,Investing.com Canada,https://ca.investing.com/news/stock-market-news/form-8k-the-mosaic-company-for-10-august-93CH-4789687,alpha_vantage,2026-08-10 04:00:00,306.8299865722656,308.260009765625,304.6099853515625,308.260009765625,44812500,0.27,0.0,neutral,0.0006,0.0006,0.9988
AAPL,av_999f3a86843cc80e,Form 8K Ondas Holdings Inc For: 10 August By Investing.com,"This article announces that Ondas Holdings Inc. has filed a Form 8K on August 10. The filing is available through Investing.com, which also provides financial market data and news.",2026-08-10 13:09:45,Investing.com Canada,https://ca.investing.com/news/stock-market-news/form-8k-ondas-holdings-inc-for-10-august-93CH-4789803,alpha_vantage,2026-08-10 04:00:00,306.8299865722656,308.260009765625,304.6099853515625,308.260009765625,44812500,0.27,0.0,neutral,0.0006,0.0007,0.9987
AAPL,av_59c5e61ad7b2f9b6,Plug Power's stock rises ahead of earnings and other early market movers,"Plug Power's stock saw a 5.5% increase in premarket trading ahead of its second-quarter earnings release. Other companies like Super Micro Computer also rose before their earnings, and chip stocks such as Marvell Technology and Intel gained. Conversely, Apple shares fell 1.2% after a downgrade by Jefferies analysts due to supply-chain issues impacting its iPhone plans.",2026-08-10 13:13:06,MarketWatch,https://www.marketwatch.com/livecoverage/stock-market-today-dow-s-p-500-nasdaq-soft-july-payrolls-fed-hike-trump-iran-war-nuclear-deal/card/plug-power-s-stock-rises-ahead-of-earnings-and-other-early-market-movers-DM9hzIpfBhgR8Fcg5qSm,alpha_vantage,2026-08-10 04:00:00,306.8299865722656,308.260009765625,304.6099853515625,308.260009765625,44812500,0.27,0.0,bullish,0.0026,0.9942,0.0031
AAPL,av_b378100d77328258,"Sony, TSMC to build $6.29bn image sensor plant in Japan – report","Sony Group and Taiwan Semiconductor Manufacturing Company (TSMC) are set to establish a $6.29 billion image sensor plant in Kumamoto, Japan, with production slated to begin by 2029. This joint venture, where Sony will hold about 60% and TSMC 40%, aims to produce advanced image sensors for applications like Apple's iPhones and AI systems. The companies are also seeking government financial support and view this partnership as a move towards a ""fab-light"" model for Sony and an expansion of TSMC's expertise in image sensors and physical AI.",2026-08-10 13:41:45,Investment Monitor,https://www.investmentmonitor.ai/news/sony-tsmc-image-sensor-plant-japan/,alpha_vantage,2026-08-10 04:00:00,306.8299865722656,308.260009765625,304.6099853515625,308.260009765625,44812500,0.27,0.0,neutral,0.0015,0.0181,0.9803
AAPL,av_68c34663d1eae36a,What TSMC’s Surging Sales Growth Means for Apple and Nvidia Stocks,"Taiwan Semiconductor Manufacturing (TSMC) reported strong sales growth for July, surpassing its yearly outlook. This performance indicates continued momentum in the artificial intelligence sector, with positive implications for major chip-consuming companies like Apple and Nvidia. The robust growth suggests that the AI trade still has significant potential for expansion.",2026-08-10 13:48:58,Barron's,https://www.barrons.com/articles/tsmc-stock-sales-apple-ai-3491573c,alpha_vantage,2026-08-10 04:00:00,306.8299865722656,308.260009765625,304.6099853515625,308.260009765625,44812500,0.27,0.0,neutral,0.0207,0.0053,0.9739
AAPL,av_da44881aabb8843f,"Dow's 150-Point Fall Led By Losses For Home Depot, Apple Shares","The Dow Jones Industrial Average fell by 150 points, primarily due to significant losses in Home Depot and Apple shares. This decline indicates a challenging trading session for the index's major components.",2026-08-10 13:52:07,Moomoo,https://www.moomoo.com/news/post/74429960/dow-s-150-point-fall-led-by-losses-for-home,alpha_vantage,2026-08-10 04:00:00,306.8299865722656,308.260009765625,304.6099853515625,308.260009765625,44812500,0.27,0.0,bearish,0.9963,0.0011,0.0026
AAPL,av_81db39939ecd8cd4,Tencent Music faces earnings test as competition intensifies By Investing.com,"Tencent Music Entertainment Group is facing an earnings test amid intensifying competition, particularly from ByteDance’s Qishui Music. Analysts anticipate modest year-over-year growth for Q2 2026, with revenue expected to reach 8.85 billion yuan ($1.22 billion) and EPS at 1.56 yuan, a deceleration from previous performance. Investors will focus on subscriber trends, social entertainment stabilization, and the profitability of its offline expansion as the company navigates increased market saturation.",2026-08-10 14:09:53,Investing.com Canada,https://ca.investing.com/news/earnings/tencent-music-faces-earnings-test-as-competition-intensifies-93CH-4790031,alpha_vantage,2026-08-10 04:00:00,306.8299865722656,308.260009765625,304.6099853515625,308.260009765625,44812500,0.27,0.0,neutral,0.0005,0.0012,0.9983
AAPL,av_82a74b78141d23ae,Arm Holdings PLC Stock (ARM) Moved Down by 4.64% on Aug 10: What Investors Need To Know,"Arm Holdings PLC (ARM) stock decreased by 4.64% on August 10th, driven by sector-wide profit-taking, concerns over cooling AI investments, and the negative impact of higher interest rate expectations on its long-term valuation. Geopolitical tensions and regulatory risks in the Asia-Pacific region further suppressed investor confidence. The company's high valuation and sensitivity to macroeconomic factors are making it vulnerable to market volatility.",2026-08-10 14:12:45,TradingKey,https://www.tradingkey.com/news/market-movers/262092900-market-movers-arm-20260810,alpha_vantage,2026-08-10 04:00:00,306.8299865722656,308.260009765625,304.6099853515625,308.260009765625,44812500,0.27,0.0,bearish,0.9965,0.0007,0.0028
AAPL,av_43ce6553574275a1,JPMorgan Leads $441 Million Debt Deal for AI Infrastructure Firm,"Global AI, a two-year-old tech firm, has secured $441 million in debt financing led by JPMorgan Chase & Co. to fund its expansion in the artificial intelligence data center sector. The company, founded in 2024, aims to provide secure and cost-effective AI infrastructure and reports $6.2 billion in contracted revenues. Global AI expects to achieve 1 gigawatt of capacity by 2029 to meet the increasing demand for AI infrastructure.",2026-08-10 14:38:21,Yahoo Finance,https://finance.yahoo.com/technology/ai/articles/jpmorgan-leads-441-million-debt-150000863.html,alpha_vantage,2026-08-10 04:00:00,306.8299865722656,308.260009765625,304.6099853515625,308.260009765625,44812500,0.27,0.0,neutral,0.001,0.0034,0.9956
AAPL,av_c50152c685a88663,Taiwan Semiconductor’s Blockbuster Run Rolls On: July Revenue Surges 45%,"Taiwan Semiconductor Manufacturing Company Ltd. (TSM) reported a substantial 44.7% increase in July revenue year-over-year, reaching 467.58 billion New Taiwan dollars. This growth continues a strong trend from earlier in the year, with year-to-date revenue up 37%. The company also raised its annual spending and revenue projections, expecting strong demand for AI chips to drive growth into 2027 and beyond.",2026-08-10 14:40:38,TradingView,https://www.tradingview.com/news/benzinga:3e25d3b5d094b:0,alpha_vantage,2026-08-10 04:00:00,306.8299865722656,308.260009765625,304.6099853515625,308.260009765625,44812500,0.27,0.0,bullish,0.0037,0.9909,0.0054
AAPL,av_9f120106ede76a58,What is a Ford Fathom and Why is it Creating So Much Buzz,"Ford has announced a new midsize electric truck called the Fathom, built on a new Universal EV Platform. Introduced at a dealer gathering, this lifestyle truck will feature BlueCruise capability, bidirectional power, and Apple Maps integration, starting at an MSRP of $28,350. Preorders are expected to begin in early 2027, with a full vehicle reveal promised by the end of 2026.",2026-08-10 14:50:08,The Lasco Press,https://www.thelascopress.com/2026/08/what-is-a-ford-fathom-and-why-is-it-creating-so-much-buzz/,alpha_vantage,2026-08-10 04:00:00,306.8299865722656,308.260009765625,304.6099853515625,308.260009765625,44812500,0.27,0.0,neutral,0.0009,0.0008,0.9983
AAPL,av_64ea10b69a8d8c05,"Apple gets downgraded, Intel plans to raise $15B: AlphaSpace check","Yahoo Finance Markets and Data Editor Jared Blikre uses the AlphaSpace platform to analyze two major financial stories: Apple's stock downgrade by Jeffries due to predictions of a canceled all-glass iPhone project, and Intel's plan to raise $15 billion through a common stock offering. Blikre discusses the stock performance of both companies, noting Apple's recent hit after a period of growth and Intel's dilution of stockholders while aiming to meet rising demand. He also highlights AlphaSpace as a premium investment platform offering data, charting, news, and analysis for retail investors.",2026-08-10 14:54:52,Yahoo Finance,https://finance.yahoo.com/video/apple-gets-downgraded-intel-plans-145507775.html,alpha_vantage,2026-08-10 04:00:00,306.8299865722656,308.260009765625,304.6099853515625,308.260009765625,44812500,0.27,0.0,neutral,0.0138,0.0142,0.972
AAPL,av_7766a68bdbcfb3d8,Socket Mobile Expands Industrial Mobility Distribution Through 3Eye Technologies Partnership,"Socket Mobile has partnered with 3Eye Technologies to expand the distribution of its barcode scanners and mobile data capture products across North America, targeting Apple-based deployments in various industrial sectors. This strategic move aims to broaden Socket Mobile's market reach through 3Eye's reseller network, improving access to its rugged, Apple-compatible solutions. While the partnership is expected to enhance distribution, its financial impact will depend on future reseller adoption and increased demand for Socket Mobile's products.",2026-08-10 14:57:00,Yahoo Finance,https://finance.yahoo.com/technology/articles/socket-mobile-expands-industrial-mobility-145753591.html,alpha_vantage,2026-08-10 04:00:00,306.8299865722656,308.260009765625,304.6099853515625,308.260009765625,44812500,0.27,0.0,neutral,0.0007,0.001,0.9983
AAPL,av_89c7829b392696dc,AI Cloud Provider Lambda Taps Loans for Nvidia-Tied Chip Deal,"Lambda Inc., an AI cloud-computing provider backed by Nvidia, is raising a $917 million leveraged loan to finance the purchase and installation of GPUs as part of a contract with Nvidia. This marks a new trend in financing AI infrastructure through the risky debt market, following a similar move by CoreWeave Inc. The debt, which has a short maturity and fully amortizing structure, is being pitched at an interest rate of up to 3.75 percentage points over the benchmark.",2026-08-10 15:09:03,Yahoo Finance,https://finance.yahoo.com/technology/ai/articles/ai-cloud-provider-lambda-taps-144447179.html,alpha_vantage,2026-08-10 04:00:00,306.8299865722656,308.260009765625,304.6099853515625,308.260009765625,44812500,0.27,0.0,neutral,0.0013,0.0039,0.9948
AAPL,av_3fa78800806c02a2,"The Zacks Analyst Blog Highlights Apple, United Microelectronics, NTT and UBS","The Zacks Analyst Blog features Apple, United Microelectronics, NTT, and UBS, analyzing macro takeaways from Apple's Q2 earnings report. The report details Apple's strong financial performance driven by iPhone and Mac sales, alongside segment dynamics and strategic outlook. It also reviews Zacks' August sector ratings, highlighting strong performers like Info Tech and Communication Services, and those with lower ratings such as Utilities and Materials.",2026-08-10 15:11:39,Yahoo Finance Singapore,https://sg.finance.yahoo.com/news/zacks-analyst-blog-highlights-apple-145200606.html,alpha_vantage,2026-08-10 04:00:00,306.8299865722656,308.260009765625,304.6099853515625,308.260009765625,44812500,0.27,0.0,neutral,0.0005,0.0014,0.9981
AAPL,av_b519a779bb0e1cd2,Berkshire Hathaway Earnings: Buffett’s Successor Just Bet $10 Billion on Google,"Berkshire Hathaway, under new CEO Greg Abel, has invested approximately $10 billion in Alphabet, Google's parent company, making it one of its top five holdings. This move signifies a shift from Warren Buffett's previous tech caution and cash hoarding, as Berkshire became a net buyer of stocks for the first time in 15 quarters. While net earnings doubled and operating earnings rose, share buybacks were lower than some investors expected.",2026-08-10 15:11:48,Stocks Down Under,https://stocksdownunder.com/berkshire-hathaway-abel-10-billion-google-bet/,alpha_vantage,2026-08-10 04:00:00,306.8299865722656,308.260009765625,304.6099853515625,308.260009765625,44812500,0.27,0.0,neutral,0.0006,0.0006,0.9988
AAPL,av_00461dba60d50188,Apple Strikes $150K Deal To End EEOC Religious Bias Suit,"Apple has agreed to pay $150,000 to settle a lawsuit filed by the U.S. Equal Employment Opportunity Commission (EEOC). The lawsuit alleged that the tech giant unlawfully fired a Jewish employee after denying his requests for time off for religious observances. This settlement resolves the religious bias claim against Apple.",2026-08-10 15:36:58,Law360,https://www.law360.com/employment-authority/labor/articles/2511620/apple-strikes-150k-deal-to-end-eeoc-religious-bias-suit-,alpha_vantage,2026-08-10 04:00:00,306.8299865722656,308.260009765625,304.6099853515625,308.260009765625,44812500,0.27,0.0,neutral,0.0022,0.0558,0.942
AAPL,av_4f5d4be8a8101d77,NextNav (NN) Is Up 23.2% After Safran 5G PNT Deal News Is The Bull Case Changing?,"NextNav (NN) saw its stock rise by 23.2% following news of a deal with Safran Electronics & Defense to integrate and test interoperability of NextNav's terrestrial 5G PNT network. This collaboration supports NextNav's core thesis of becoming an essential complement to GPS for critical infrastructure, particularly for drones and autonomous systems. However, the long-term success still hinges on FCC progress for 900 MHz commercialization and the ability to scale pilot programs into broader contracts.",2026-08-10 15:39:54,Simply Wall Street,https://simplywall.st/stocks/us/software/nasdaq-nn/nextnav/news/nextnav-nn-is-up-232-after-safran-5g-pnt-deal-news-is-the-bu,alpha_vantage,2026-08-10 04:00:00,306.8299865722656,308.260009765625,304.6099853515625,308.260009765625,44812500,0.27,0.0,bullish,0.0034,0.9932,0.0034
AAPL,av_6f5c2825cde4638d,Apple Strikes $150K Deal To End EEOC Religious Bias Suit,"Apple has agreed to pay $150,000 to settle a lawsuit filed by the U.S. Equal Employment Opportunity Commission (EEOC). The lawsuit alleged that the tech giant unlawfully terminated a Jewish employee after denying his requests for time off for religious observances. The settlement resolves the religious bias claim against Apple.",2026-08-10 15:56:00,Law360,https://www.law360.com/employment-authority/discrimination/articles/2511620/apple-strikes-150k-deal-to-end-eeoc-religious-bias-suit-,alpha_vantage,2026-08-10 04:00:00,306.8299865722656,308.260009765625,304.6099853515625,308.260009765625,44812500,0.27,0.0,neutral,0.0022,0.0558,0.942
AAPL,av_467b718603741574,Form 8K PowerCompute Inc For: 10 August By Investing.com,"This article announces that PowerCompute Inc. filed a Form 8K for August 10. The 8K filing is a common requirement for public companies to disclose material events to shareholders and the SEC. The brief entry provides the company name, the date of the filing, and its source.",2026-08-10 16:10:30,Investing.com Canada,https://ca.investing.com/news/stock-market-news/form-8k-powercompute-inc-for-10-august-93CH-4789643,alpha_vantage,2026-08-10 04:00:00,306.8299865722656,308.260009765625,304.6099853515625,308.260009765625,44812500,0.27,0.0,neutral,0.0006,0.0007,0.9988
AAPL,av_08d657cbcce06013,"TSMC, Sony to invest in sensor plant","Taiwan Semiconductor Manufacturing Co (TSMC) and Sony Group Corp are reportedly planning to invest a combined ¥1 trillion (US$6.3 billion) in a new image sensor factory in Japan, with production slated to begin in 2029. This joint venture aims to address the growing demand for sensors in AI-driven robots and self-driving vehicles, offering a ""virtually risk-free"" investment that secures steady revenue for TSMC and reduces capital expenditure for Sony. Separately, TSMC reported record sales of NT$467.58 billion (US$14.51 billion) for the last month, driven by strong demand for its advanced chipmaking processes.",2026-08-10 16:11:35,Taipei Times,https://www.taipeitimes.com/News/biz/archives/2026/08/11/2003862263,alpha_vantage,2026-08-10 04:00:00,306.8299865722656,308.260009765625,304.6099853515625,308.260009765625,44812500,0.27,0.0,neutral,0.001,0.0056,0.9934
AAPL,av_91af14a3e1e209cf,Prudential Financial stock hits 52-week low at 15.77 USD By Investing.com,"Prudential Financial's preferred stock has fallen to a 52-week low of $15.77, reflecting broader challenges in the financial sector despite the company's strong P/E ratio and ""GOOD"" financial health score. This downturn comes amidst fluctuating market conditions, even as the company reported a 14% increase in second-quarter adjusted operating income and announced a restructuring plan. Investors are looking for strategic adjustments to stabilize the stock.",2026-08-10 16:19:19,Investing.com Canada,https://ca.investing.com/news/stock-market-news/prudential-financial-stock-hits-52week-low-at-1577-usd-93CH-4790252,alpha_vantage,2026-08-10 04:00:00,306.8299865722656,308.260009765625,304.6099853515625,308.260009765625,44812500,0.27,0.0,bearish,0.9972,0.0014,0.0015
AAPL,av_02924f73071e409f,Berkshire Hathaway (NYSE:BRK.B) Invests $28 Billion With Stock Reaching Record Level After Buffett,"Berkshire Hathaway's Class B shares reached a record high of $537.74 after Warren Buffett announced his step-down in May 2025, driven by positive investor response to new CEO Greg Abel's capital deployment strategy. The company reported a 16.3% increase in operating earnings to $12.98 billion, with total gross stock purchases and buybacks amounting to $28.0 billion for the quarter. While overall earnings surged, a significant portion was attributed to volatile foreign-exchange effects, and analysts offer mixed opinions on future growth prospects.",2026-08-10 16:42:33,TechStock²,https://ts2.tech/en/berkshire-hathaway-nysebrk-b-invests-28-billion-with-stock-reaching-record-level-after-buffett/,alpha_vantage,2026-08-10 04:00:00,306.8299865722656,308.260009765625,304.6099853515625,308.260009765625,44812500,0.27,0.0,bullish,0.0012,0.9693,0.0294
AAPL,av_4625e278d65485ff,How Socially Responsible ETF JUST Beats Other Large Caps,"The Goldman Sachs JUST U.S. Large Cap Equity ETF (JUST) offers strong returns for investors seeking socially responsible options. It screens companies based on diversity, customer privacy, and environmental impact, outperforming its ETF Database Large Cap Growth Equities category average with a 15.2% YTD return as of August 7, 2026. JUST provides a balanced solution for investors who want to align their portfolios with ethical standards without sacrificing performance.",2026-08-10 17:10:53,ETF Database,https://etfdb.com/future-etfs-content-hub/just-how-this-ethical-etf-beats-other-large-caps/,alpha_vantage,2026-08-10 04:00:00,306.8299865722656,308.260009765625,304.6099853515625,308.260009765625,44812500,0.27,0.0,neutral,0.0006,0.0008,0.9987
AAPL,av_4b810a5fc3726507,"Apple reportedly testing Chinese-made memory chips for iPhones, MacBooks amid global shortage","Apple is reportedly testing memory chips from Chinese company CXMT for use in its iPhones and MacBooks, particularly for devices sold in China. This move aims to address a global memory chip shortage, but it could face scrutiny from the U.S. government due to existing restrictions on technology transfer to Chinese firms, including CXMT's links to the Chinese military. If the arrangement proceeds, Apple may need to redesign its products to accommodate standard CXMT chips.",2026-08-10 18:37:00,Fox Business,https://www.foxbusiness.com/markets/apple-testing-chinese-made-cxmt-memory-chips-iphones-macbooks-amid-global-shortage,alpha_vantage,2026-08-10 04:00:00,306.8299865722656,308.260009765625,304.6099853515625,308.260009765625,44812500,0.27,0.0,neutral,0.0009,0.0021,0.997
AAPL,av_f670673c737b0ac6,Apple settles EEOC claims about antisemitic retail manager for $150K,"Apple has agreed to pay $150,000 to settle claims from the U.S. Equal Employment Opportunity Commission (EEOC) regarding an antisemitic retail manager. The lawsuit alleged that a manager at a Reston, Virginia Apple store made antisemitic comments, forced a Jewish employee to work on the Sabbath, and fired him after he refused to work on a Friday. Apple denied wrongdoing in the case, which involved claims of religious discrimination and retaliation under Title VII of the Civil Rights Act of 1964.",2026-08-10 19:05:58,Reuters,https://www.reuters.com/legal/government/apple-settles-eeoc-claims-about-antisemitic-retail-manager-150k-2026-08-10/,alpha_vantage,2026-08-10 04:00:00,306.8299865722656,308.260009765625,304.6099853515625,308.260009765625,44812500,0.27,0.0,bullish,0.0024,0.9918,0.0058
AAPL,av_0445d949d5accc55,Apple (AAPL) Downgraded as Soaring Memory Costs Test iPhone Pricing Power,"Jefferies has downgraded Apple (AAPL) from Hold to Underperform and cut its price target to $263.66, citing rising memory costs and the cancellation of an ""all-glass iPhone"" that would have helped increase average selling prices. This downgrade comes despite Apple's strong fiscal third-quarter earnings, which showed a 16% year-over-year revenue increase and higher-than-estimated EPS, largely driven by a 22% increase in iPhone sales. While the downgrade highlights potential margin pressure due to soaring memory costs and limited pricing levers, robust demand and stable hedge fund positioning suggest that investor confidence in Apple remains strong.",2026-08-10 19:06:57,Yahoo Finance,https://finance.yahoo.com/markets/stocks/articles/apple-aapl-downgraded-soaring-memory-190232931.html,alpha_vantage,2026-08-10 04:00:00,306.8299865722656,308.260009765625,304.6099853515625,308.260009765625,44812500,0.27,0.0,bearish,0.996,0.0022,0.0018
AAPL,av_d07608e9d29fe27c,Why Corning (GLW) Stock Is Trading Lower Today,"Corning's (GLW) stock fell 2.7% after reports that Apple, a key customer, canceled its all-glass 20th-anniversary iPhone model due to poor production yields, raising concerns about future demand for Corning's specialty glass. This news followed a period of volatility for Corning's shares, which had recently gained 6.4% on news of a cooling labor market suggesting potential Federal Reserve interest rate cuts. Despite today's drop, Corning's stock is up 74.7% year-to-date.",2026-08-10 20:07:59,TradingView,https://www.tradingview.com/news/stockstory:e29310a59094b:0-why-corning-glw-stock-is-trading-lower-today/,alpha_vantage,2026-08-10 04:00:00,306.8299865722656,308.260009765625,304.6099853515625,308.260009765625,44812500,0.27,0.0,bearish,0.9966,0.0007,0.0026
AAPL,av_664bb79ca1be8b53,Form 8K Bluerock Homes Trust Inc For: 10 August By Investing.com,"This article announces the filing of a Form 8K by Bluerock Homes Trust Inc. on August 10th. It is a brief financial news update from Investing.com, providing the date of the filing and the company involved.",2026-08-10 20:14:16,Investing.com Canada,https://ca.investing.com/news/stock-market-news/form-8k-bluerock-homes-trust-inc-for-10-august-93CH-4790556,alpha_vantage,2026-08-10 04:00:00,306.8299865722656,308.260009765625,304.6099853515625,308.260009765625,44812500,0.27,0.0,neutral,0.0006,0.0006,0.9988
AAPL,av_62294b3673d7ee35,Qualcomm Inc Stock (QCOM) Closed Down by 3.31% on Aug 10: What Investors Need To Know,"Qualcomm (QCOM) stock dropped 3.31% on August 10th, driven by broad downward pressure in the semiconductor sector due to cooling consumer spending and labor market concerns. The company faces specific headwinds like a sluggish smartphone upgrade cycle, intensifying competition from in-house modem solutions, and ongoing litigation with Arm Holdings. Investors are shifting focus from topline growth to margin preservation amid market volatility and structural risks.",2026-08-10 20:15:47,TradingKey,https://www.tradingkey.com/news/market-movers/262093507-market-movers-qcom-20260810,alpha_vantage,2026-08-10 04:00:00,306.8299865722656,308.260009765625,304.6099853515625,308.260009765625,44812500,0.27,0.0,bearish,0.9966,0.0009,0.0025
AAPL,av_aba16a6cacf5bd6d,"Chunghwa Telecom : July Revenue NT$19.88 Billion, Revenue and EBITDA Both Hit Record Highs for July","Chunghwa Telecom announced record-high consolidated revenue of NT$19.88 billion and EBITDA of NT$7.87 billion for July 2026, driven by strong iPhone 17 sales, subsidiary contributions, and asset revitalization. Mobile and fixed broadband services continued steady growth, along with robust expansion in network resilience businesses. Year-to-date results also exceeded guidance, demonstrating strong financial performance across key metrics.",2026-08-10 20:40:14,www.marketscreener.com,https://www.marketscreener.com/news/chunghwa-telecom-july-revenue-nt-19-88-billion-revenue-and-ebitda-both-hit-record-highs-for-july-ce7f50d3de80f12d,alpha_vantage,2026-08-10 04:00:00,306.8299865722656,308.260009765625,304.6099853515625,308.260009765625,44812500,0.27,0.0,bullish,0.0015,0.9902,0.0082
AAPL,av_67c6c69aa696c0c4,Form 8K Archer Daniels Midland For: 10 August By Investing.com,"This article announces the filing of a Form 8K by Archer Daniels Midland on August 10. The filing is provided by Investing.com, a platform for financial markets worldwide.",2026-08-10 21:06:57,Investing.com Canada,https://ca.investing.com/news/stock-market-news/form-8k-archer-daniels-midland-for-10-august-93CH-4790682,alpha_vantage,2026-08-10 04:00:00,306.8299865722656,308.260009765625,304.6099853515625,308.260009765625,44812500,0.27,0.0,neutral,0.0005,0.0008,0.9987
AAPL,av_b1382f59dad9385f,Form 8K Bain Capital Specialty Finance Inc For: 10 August By Investing.com,"This article reports that Bain Capital Specialty Finance Inc. filed a Form 8K on August 10. The filing, which is a standard disclosure for significant company events, is briefly mentioned by Investing.com. The article itself provides no further details on the content of the Form 8K.",2026-08-10 21:14:01,Investing.com Canada,https://ca.investing.com/news/stock-market-news/form-8k-bain-capital-specialty-finance-inc-for-10-august-93CH-4790689,alpha_vantage,2026-08-10 04:00:00,306.8299865722656,308.260009765625,304.6099853515625,308.260009765625,44812500,0.27,0.0,neutral,0.0007,0.0007,0.9987
AAPL,av_0ead313d22f67f83,Data I/O Corp (DAIO) Earnings Forecast: Future EPS & Revenue Growth Estimates,"Data I/O Corp (DAIO) has an earnings forecast score of 9.33, ranking it first in the Computers, Phones & Household Electronics industry, with analysts giving it a Strong Buy rating. The average price target is $5.61, indicating a significant upside. The company's expected revenue for the next quarter is $5.34 million, and its EPS is projected to improve to -$0.07.",2026-08-10 21:39:51,TradingKey,https://www.tradingkey.com/markets/stocks/daio/forecast,alpha_vantage,2026-08-10 04:00:00,306.8299865722656,308.260009765625,304.6099853515625,308.260009765625,44812500,0.27,0.0,bullish,0.0067,0.5098,0.4836
AAPL,av_caa5bea5ed1cdcf2,"Intel (INTC) Tripled This Year, But Can a $15B Share Sale Stop the Momentum?","Intel's shares have nearly tripled this year, outperforming competitors and the semiconductor index, driven by significant growth in its data center and AI segment and foundry business. However, the company announced a $15 billion stock sale to fund its expansion into contract chip manufacturing, leading to a drop in share price. This move comes amidst accelerating capital expenditures and a high forward earnings multiple, raising questions about the sustainability of its momentum despite a notable operational turnaround.",2026-08-10 22:08:18,Yahoo Finance,https://finance.yahoo.com/markets/stocks/articles/intel-intc-tripled-15b-share-213517317.html,alpha_vantage,2026-08-10 04:00:00,306.8299865722656,308.260009765625,304.6099853515625,308.260009765625,44812500,0.27,0.0,neutral,0.0041,0.1373,0.8585
AAPL,av_fe70dcdf4d38e473,Intel Is Selling $15 Billion of Stock to Fund the AI Build-Out. The Dilution Is About 3%. The Premarket Hit Was 5%.,"Intel announced a $15 billion stock sale to fund its AI build-out, leading to a nearly 5% premarket drop despite only about 3% dilution. The company aims to use the proceeds for capital expenditures, including new factories, without incurring additional debt. This move comes as Intel sees strong and sustainable demand for AI compute and continues to expand its capital spending plans, with the sale intended to bridge the gap until earnings can fully fund these investments.",2026-08-11 01:43:06,Yahoo Finance,https://finance.yahoo.com/markets/stocks/articles/intel-selling-15-billion-stock-014300656.html,alpha_vantage,2026-08-10 04:00:00,306.8299865722656,308.260009765625,304.6099853515625,308.260009765625,44812500,0.27,0.0,bearish,0.9214,0.0021,0.0764
AAPL,av_7f0cf4d3b8c22977,"Crake Asset Management boosts Apple stake with 890,000 shares","Crake Asset Management, led by Richard Walker, significantly increased its stake in Apple Inc. (AAPL) by purchasing 890,000 shares. TipRanks' AI Analyst, Spark, rates AAPL as ""Outperform,"" highlighting its strong profitability and cash flow despite concerns about valuation and near-term technical weakness. Apple's year-to-date price performance is 15.47%, and its current market capitalization stands at $4572.8 billion.",2026-08-11 03:36:57,TipRanks,https://www.tipranks.com/news/company-announcements/crake-asset-management-boosts-apple-stake-with-890000-shares,alpha_vantage,2026-08-10 04:00:00,306.8299865722656,308.260009765625,304.6099853515625,308.260009765625,44812500,0.27,0.0,neutral,0.0017,0.2462,0.7521
AAPL,av_505c5d7c7998e53d,"Frequency Electronics, Inc. (98K.F) stock price, news, quote and history","This Yahoo Finance page provides a detailed overview of Frequency Electronics, Inc. (98K.F), including its current stock price, news, and historical data. It highlights the stock's significant performance, showing returns that have substantially outperformed the S&P 500 across various periods (YTD, 1-year, and 3-year). The page also offers financial metrics and links to related information for investors.",2026-08-11 03:40:11,Yahoo Finance UK,https://uk.finance.yahoo.com/quote/98K.F/sec-filing/,alpha_vantage,2026-08-10 04:00:00,306.8299865722656,308.260009765625,304.6099853515625,308.260009765625,44812500,0.27,0.0,neutral,0.0005,0.0008,0.9987
AAPL,av_ab2473c7f4077ffe,Apple's glass-centric iPhone stays on track for 2027: report (AAPL:NASDAQ),"Apple is reportedly still planning a glass-centric redesign for its iPhone Pro models, expected to launch for the device's 20th anniversary in 2027. This news counters a previous analyst report suggesting the overhaul had been canceled. The company aims to introduce this significant design change with its future iPhone Pro models.",2026-08-11 04:47:58,Seeking Alpha,https://seekingalpha.com/news/4630410-apples-glass-centric-iphone-stays-on-track-for-2027-report,alpha_vantage,2026-08-11 04:00:00,307.75,309.9700012207031,302.7900085449219,304.9100036621094,37401700,0.0,0.0,neutral,0.0032,0.0538,0.943
AAPL,av_718fe3104065a155,"Ming-Chi Kuo Challenges Report of $1 Billion in Apple Chips Stuck at TSMC: 'Tight Memory Supply is Real,' But This Doesn't Add Up","Analyst Ming-Chi Kuo refutes a report claiming TSMC has $1 billion in Apple processor wafers stuck due to memory shortages, stating that while a tight memory supply is real, Apple's advanced planning makes such a scenario unlikely. Kuo emphasizes that Apple plans processor production months in advance based on expected memory availability. He also points out that TSMC's inventory includes more than just Apple's work-in-process and that other companies also utilize TSMC's 2nm technology.",2026-08-11 05:21:08,Benzinga,https://www.benzinga.com/markets/tech/26/08/61099010/ming-chi-kuo-apple-chips-tsmc-1-billion-memory-supply,alpha_vantage,2026-08-11 04:00:00,307.75,309.9700012207031,302.7900085449219,304.9100036621094,37401700,0.0,0.0,neutral,0.0176,0.018,0.9644
AAPL,av_e0f45702b8564a97,Apple (NASDAQ:AAPL) Shares Sold Rep. Michael A. Rulli,"Representative Michael A. Rulli (Republican-Ohio) sold between $1,001 and $15,000 worth of Apple (NASDAQ: AAPL) shares on June 25th, as disclosed in an August 7th filing. Apple reported strong quarterly earnings and revenue, slightly exceeding analyst expectations, and declared a quarterly dividend of $0.27 per share. Analysts generally maintain a ""Moderate Buy"" rating for Apple with an average price target of $328.60.",2026-08-11 06:07:02,MarketBeat,https://www.marketbeat.com/instant-alerts/apple-nasdaqaapl-shares-sold-rep-michael-a-rulli-2026-08-11/,alpha_vantage,2026-08-11 04:00:00,307.75,309.9700012207031,302.7900085449219,304.9100036621094,37401700,0.0,0.0,bearish,0.9904,0.0015,0.0082
AAPL,av_1c4bbe26b4f9ddf5,Solidion Technology Inc (STI) Earnings Forecast: Future EPS & Revenue Growth Estimates,"This article provides an earnings forecast for Solidion Technology Inc (STI), detailing future EPS and revenue growth estimates. It includes current market data such as stock price, market cap, and P/E TTM. The report also lists peer comparisons and indicates that the financial forecasting data was updated on August 10, 2026.",2026-08-11 06:09:23,TradingKey,https://www.tradingkey.com/markets/stocks/sti/forecast,alpha_vantage,2026-08-11 04:00:00,307.75,309.9700012207031,302.7900085449219,304.9100036621094,37401700,0.0,0.0,bullish,0.0062,0.582,0.4118
AAPL,av_298736a615961a61,"Skyworks Solutions, Inc. $SWKS Shares Bought by Assenagon Asset Management S.A.","Assenagon Asset Management S.A. significantly increased its stake in Skyworks Solutions, Inc. (NASDAQ:SWKS) during the second quarter, purchasing 133,217 additional shares, bringing their total holdings to 241,542 shares valued at approximately $16.4 million. This increased institutional interest comes as Skyworks Solutions beat quarterly earnings expectations with $1.08 EPS and $934.8 million in revenue, despite a year-over-year decline in both metrics. Analysts currently maintain a ""Hold"" rating on the stock with a consensus price target of $74.22.",2026-08-11 07:08:30,MarketBeat,https://www.marketbeat.com/instant-alerts/filing-skyworks-solutions-inc-swks-shares-bought-by-assenagon-asset-management-sa-2026-08-11/,alpha_vantage,2026-08-11 04:00:00,307.75,309.9700012207031,302.7900085449219,304.9100036621094,37401700,0.0,0.0,neutral,0.0062,0.2963,0.6975
AAPL,av_67f60cd7326414a6,"Asset Management Group Inc. Sells 3,800 Shares of Apple Inc. $AAPL","Asset Management Group Inc. sold 3,800 shares of Apple Inc. ($AAPL), reducing its stake by 4.0% to 91,941 shares valued at $23.3 million. Despite the reduction, Apple remains the firm's second-largest holding, and analyst sentiment generally points to a ""Moderate Buy"" with an average price target of $328.60. The article also highlights Apple's recent strong earnings and dividend declaration, alongside potential risks from rising component costs and geopolitical factors.",2026-08-11 07:26:59,MarketBeat,https://www.marketbeat.com/instant-alerts/filing-asset-management-group-inc-sells-3800-shares-of-apple-inc-aapl-2026-08-11/,alpha_vantage,2026-08-11 04:00:00,307.75,309.9700012207031,302.7900085449219,304.9100036621094,37401700,0.0,0.0,bearish,0.986,0.0065,0.0074
AAPL,av_d2deded9b27db200,Apple Inc. $AAPL Shares Sold by Bradley Foster & Sargent Inc. CT,"Bradley Foster & Sargent Inc. CT reduced its stake in Apple Inc. ($AAPL) by 4.9% in the first quarter, selling 53,477 shares and now holding 1,034,598 shares valued at $262.57 million. Other institutional investors showed mixed activity, with some increasing and others initiating positions in Apple. The article also provides financial details for Apple, including its market cap, P/E ratio, recent earnings, dividend announcement, and analyst ratings, alongside discussions on its AI strategy and potential challenges like rising production costs for future iPhones.",2026-08-11 07:27:00,MarketBeat,https://www.marketbeat.com/instant-alerts/filing-apple-inc-aapl-shares-sold-by-bradley-foster-sargent-inc-ct-2026-08-11/,alpha_vantage,2026-08-11 04:00:00,307.75,309.9700012207031,302.7900085449219,304.9100036621094,37401700,0.0,0.0,bearish,0.9399,0.0028,0.0573
AAPL,av_bbeb8050f09dd5da,Apple Inc. $AAPL is Cumberland Partners Ltd's 8th Largest Position,"Cumberland Partners Ltd significantly reduced its stake in Apple Inc. ($AAPL) by 18.7% in Q1, selling 37,380 shares but still holding 162,591 shares valued at approximately $41.3 million, making Apple its 8th largest position. Apple's recent earnings exceeded analyst estimates, with revenue up 16.4% year-over-year, despite potential challenges from rising memory costs and supply chain uncertainty. Analysts maintain a ""Moderate Buy"" consensus, though some express concerns about product strategy and production costs.",2026-08-11 07:32:57,MarketBeat,https://www.marketbeat.com/instant-alerts/filing-apple-inc-aapl-is-cumberland-partners-ltds-8th-largest-position-2026-08-11/,alpha_vantage,2026-08-11 04:00:00,307.75,309.9700012207031,302.7900085449219,304.9100036621094,37401700,0.0,0.0,neutral,0.003,0.299,0.6979
AAPL,av_20c2d14a03af0660,Apple Inc. $AAPL is Cardiff Park Advisors LLC's 9th Largest Position,"Cardiff Park Advisors LLC reduced its stake in Apple Inc. by 4.3% in the first quarter, although Apple remains its ninth-largest holding, representing 2.2% of its portfolio. Apple reported strong quarterly earnings, beating revenue and EPS estimates, with its stock trading around $308 and a market capitalization of $4.5 trillion. Despite a ""Moderate Buy"" consensus from analysts, concerns remain regarding rising iPhone 18 production costs due to memory prices and potential impacts from a reported all-glass iPhone cancellation, alongside geopolitical risks associated with testing Chinese CXMT memory chips.",2026-08-11 07:37:01,MarketBeat,https://www.marketbeat.com/instant-alerts/filing-apple-inc-aapl-is-cardiff-park-advisors-llcs-9th-largest-position-2026-08-11/,alpha_vantage,2026-08-11 04:00:00,307.75,309.9700012207031,302.7900085449219,304.9100036621094,37401700,0.0,0.0,neutral,0.0036,0.396,0.6004
AAPL,av_633cd2ec71f932a4,"Everest Financial Group LLC Acquires 14,432 Shares of Apple Inc. $AAPL","Everest Financial Group LLC increased its stake in Apple Inc. by 21.1% in the first quarter, purchasing an additional 14,432 shares to bring its total to 82,933 shares valued at $21.05 million. Apple now constitutes 3.5% of the fund's portfolio. Despite a positive earnings report and some bullish analyst sentiment, potential headwinds include rising memory costs, geopolitical risks with Chinese suppliers, and a recent downgrade from Jefferies.",2026-08-11 07:37:01,MarketBeat,https://www.marketbeat.com/instant-alerts/filing-everest-financial-group-llc-acquires-14432-shares-of-apple-inc-aapl-2026-08-11/,alpha_vantage,2026-08-11 04:00:00,307.75,309.9700012207031,302.7900085449219,304.9100036621094,37401700,0.0,0.0,neutral,0.0006,0.006,0.9934
AAPL,av_a66b148f49f27b10,"Microsoft Corporation (MSFT) Stock Price, News, Quote & History","This page provides comprehensive financial information for Microsoft Corporation (MSFT), including its current stock price, dividend details, performance overview, and key statistics. It also features recent news articles related to Microsoft and its industry, analyst insights, and comparison tools with similar companies. The content is designed for investors looking for detailed data and market perspectives on MSFT.",2026-08-11 07:38:37,Yahoo! Finance Canada,https://ca.finance.yahoo.com/quote/MSFT/,alpha_vantage,2026-08-11 04:00:00,307.75,309.9700012207031,302.7900085449219,304.9100036621094,37401700,0.0,0.0,neutral,0.0005,0.0007,0.9988
AAPL,av_5fbbc9b0de18628b,"Union Square Park Capital Management LLC Acquires Shares of 5,000 Apple Inc. $AAPL","Union Square Park Capital Management LLC recently acquired 5,000 shares of Apple Inc. (NASDAQ:AAPL) worth approximately $1.27 million during the first quarter. This comes as other institutional investors have also increased their holdings, with hedge funds and institutions now owning 67.73% of Apple's stock. Apple reported strong quarterly earnings and revenue, exceeding analyst estimates, and declared a quarterly dividend of $0.27 per share, though analyst sentiment remains mixed with some downgrades due to potential risks like rising memory costs and supply chain uncertainty.",2026-08-11 08:36:01,MarketBeat,https://www.marketbeat.com/instant-alerts/filing-union-square-park-capital-management-llc-acquires-shares-of-5000-apple-inc-aapl-2026-08-11/,alpha_vantage,2026-08-11 04:00:00,307.75,309.9700012207031,302.7900085449219,304.9100036621094,37401700,0.0,0.0,neutral,0.0006,0.0036,0.9958
AAPL,av_e0f3fad554218f2e,Apple Inc. $AAPL Shares Sold by Intelligence Driven Advisers LLC,"Intelligence Driven Advisers LLC reduced its stake in Apple Inc. by 5.8% in the first quarter, selling 4,114 shares and retaining 66,919 shares valued at $17.0 million. Despite this, institutional investors collectively own 67.73% of Apple, and the company recently surpassed quarterly expectations with strong EPS and revenue growth, along with declaring a quarterly dividend. Analyst sentiment remains largely positive with a ""Moderate Buy"" consensus, though concerns exist regarding production challenges, rising memory costs, and potential pressure on future margins.",2026-08-11 08:37:10,MarketBeat,https://www.marketbeat.com/instant-alerts/filing-apple-inc-aapl-shares-sold-by-intelligence-driven-advisers-llc-2026-08-11/,alpha_vantage,2026-08-11 04:00:00,307.75,309.9700012207031,302.7900085449219,304.9100036621094,37401700,0.0,0.0,bearish,0.9147,0.003,0.0822
AAPL,av_d1f52c54e9163d69,Apple Inc. $AAPL Shares Bought by Gateway Wealth Partners LLC,"Gateway Wealth Partners LLC significantly increased its stake in Apple Inc. (AAPL) by 155.4% in Q1 2026, making it their second-largest holding. Institutional investors collectively own 67.73% of Apple's stock. Despite a consensus ""Moderate Buy"" rating and strong earnings, the company faces risks including an analyst downgrade, rising memory costs, and supply chain uncertainties involving a Chinese chipmaker.",2026-08-11 08:37:10,MarketBeat,https://www.marketbeat.com/instant-alerts/filing-apple-inc-aapl-shares-bought-by-gateway-wealth-partners-llc-2026-08-11/,alpha_vantage,2026-08-11 04:00:00,307.75,309.9700012207031,302.7900085449219,304.9100036621094,37401700,0.0,0.0,neutral,0.0082,0.2082,0.7836
AAPL,av_8f7246c83a4a8e51,Unio Capital LLC Boosts Position in Apple Inc. $AAPL,"Unio Capital LLC increased its stake in Apple Inc. (NASDAQ:AAPL) by 1.9% in the first quarter, now holding 168,208 shares valued at approximately $42.7 million, making it their fifth-largest holding. Institutional investors collectively own 67.73% of Apple's stock. The company recently reported strong quarterly earnings, beating estimates, and declared a dividend, but faces concerns over rising memory costs and a recent analyst downgrade.",2026-08-11 08:37:10,MarketBeat,https://www.marketbeat.com/instant-alerts/filing-unio-capital-llc-boosts-position-in-apple-inc-aapl-2026-08-11/,alpha_vantage,2026-08-11 04:00:00,307.75,309.9700012207031,302.7900085449219,304.9100036621094,37401700,0.0,0.0,bullish,0.002,0.9916,0.0064
AAPL,av_dd1d5e4aaf4e0f37,"Wealth Alliance LLC Sells 3,356 Shares of Apple Inc. $AAPL","Wealth Alliance LLC reduced its stake in Apple Inc. by 1.0% in the first quarter, selling 3,356 shares but retaining 338,664 shares valued at $85.95 million, making Apple its largest holding. This comes as Apple reported stronger-than-expected quarterly earnings and declared a quarterly dividend. Despite generally positive analyst sentiment, concerns exist regarding rising memory costs, potential iPhone price increases, supply chain risks, and a recent downgrade from Jefferies.",2026-08-11 08:37:10,MarketBeat,https://www.marketbeat.com/instant-alerts/filing-wealth-alliance-llc-sells-3356-shares-of-apple-inc-aapl-2026-08-11/,alpha_vantage,2026-08-11 04:00:00,307.75,309.9700012207031,302.7900085449219,304.9100036621094,37401700,0.0,0.0,bearish,0.5239,0.0775,0.3986
AAPL,av_6a8a85c63f46a00d,Apple Inc. $AAPL Shares Purchased by Lombard Odier Asset Management Switzerland SA,"Lombard Odier Asset Management Switzerland SA increased its stake in Apple Inc. ($AAPL) by 7.7% in the first quarter of 2026, making Apple its second-largest portfolio position. This comes as Apple exceeded quarterly earnings and revenue expectations, despite mixed analyst sentiment regarding future prospects, including potential challenges with rising memory costs and a rumored all-glass iPhone cancellation. Apple is also testing memory chips from China's CXMT, which could impact its supply chain and geopolitical standing.",2026-08-11 08:37:10,MarketBeat,https://www.marketbeat.com/instant-alerts/filing-apple-inc-aapl-shares-purchased-by-lombard-odier-asset-management-switzerland-sa-2026-08-11/,alpha_vantage,2026-08-11 04:00:00,307.75,309.9700012207031,302.7900085449219,304.9100036621094,37401700,0.0,0.0,neutral,0.0007,0.0028,0.9965
AAPL,av_4b355568b37ff98a,Huya Q2 2026 earnings: Game-related revenue drives 11% growth,"Huya reported an 11.0% year-over-year revenue increase in Q2 2026, reaching RMB1.74 billion, primarily fueled by strong growth in game-related services and advertising, which offset declines in live streaming. The company's gross margin expanded and operating losses narrowed, leading to positive GAAP net income. However, non-GAAP net income decreased due to lower interest income, and Huya expanded its share repurchase authorization to US$100 million.",2026-08-11 08:40:44,TradingKey,https://www.tradingkey.com/news/earnings/262095269-tradingkey,alpha_vantage,2026-08-11 04:00:00,307.75,309.9700012207031,302.7900085449219,304.9100036621094,37401700,0.0,0.0,bullish,0.0022,0.9902,0.0076
AAPL,av_570933f819367c0f,Form 8K Crane NXT Co For: 11 August By Investing.com,"This article briefly reports on the filing of a Form 8K by Crane NXT Co on August 11, without providing further details on the content of the filing. It mentions the stock ticker CXT and includes a Reuters copyright notice. The surrounding content consists mainly of financial market data, unrelated news headlines, and navigational elements from the Investing.com website.",2026-08-11 10:11:48,Investing.com Canada,https://ca.investing.com/news/stock-market-news/form-8k-crane-nxt-co-for-11-august-93CH-4791521,alpha_vantage,2026-08-11 04:00:00,307.75,309.9700012207031,302.7900085449219,304.9100036621094,37401700,0.0,0.0,neutral,0.0006,0.0006,0.9988
AAPL,av_4c525c6e69d008d2,"Tencent Music Entertainment Group earnings missed by ¥0.05, revenue topped estimates","Tencent Music Entertainment Group (TME) reported second-quarter earnings per share of ¥1.57, missing analyst estimates by ¥0.05. However, the company's revenue of ¥8.93 billion surpassed the consensus estimate of ¥8.79 billion. TME's stock has seen a 15.12% increase in the last three months but is down 61.01% over the past year.",2026-08-11 10:39:44,Investing.com,https://www.investing.com/news/earnings/tencent-music-entertainment-group-earnings-missed-by-005-revenue-topped-estimates-4851030,alpha_vantage,2026-08-11 04:00:00,307.75,309.9700012207031,302.7900085449219,304.9100036621094,37401700,0.0,0.0,neutral,0.4495,0.014,0.5365
AAPL,av_6f6a17dee9470137,Apple Executive in Charge of Pay and Wallet Services Is Leaving,"Jennifer Bailey, Apple's long-standing head of Pay and Wallet services, is retiring in October after more than two decades with the company, as announced by Apple services chief Eddy Cue. Her departure adds to a series of senior executive exits, including general counsel Kate Adams and environment chief Lisa Jackson, amidst a demographic shift within Apple's leadership. Bailey played a crucial role in launching Apple Pay, which generates over $7.5 billion annually, and overseeing the expansion of the Wallet app and related financial services.",2026-08-11 10:48:00,Yahoo Finance,https://finance.yahoo.com/technology/articles/apple-executive-charge-pay-wallet-174854341.html,alpha_vantage,2026-08-11 04:00:00,307.75,309.9700012207031,302.7900085449219,304.9100036621094,37401700,0.0,0.0,neutral,0.0016,0.0007,0.9977
AAPL,av_f0bc6be8496a7428,Charles River Labs SVP Michael Knell sells $1.73m in stock,"Michael Knell, SVP, Finance and Chief Accounting Officer at Charles River Laboratories International (NASDAQ:CRL), sold 6,645 shares totaling approximately $1.73 million on August 6, 2026, with prices ranging from $258.53 to $265.17 per share. On the same day, he acquired 2,345 shares through stock options for about $459,909. These transactions occurred as the stock neared its 52-week high, with InvestingPro indicating it might be overvalued, despite recent positive earnings and analyst upgrades.",2026-08-11 12:59:03,Investing.com,https://www.investing.com/news/insider-trading-news/charles-river-labs-svp-michael-knell-sells-173m-in-stock-93CH-4851564,alpha_vantage,2026-08-11 04:00:00,307.75,309.9700012207031,302.7900085449219,304.9100036621094,37401700,0.0,0.0,neutral,0.0106,0.0013,0.9881
AAPL,av_6beb59d61e3d5221,Wearable Devices Receives U.S. Patent Grant for Biometric,"Wearable Devices Ltd. (Nasdaq: WLDS, WLDSW) has been granted a new U.S. patent for biometric user authentication in its gesture and voice-controlled interface devices. This patent strengthens the company's intellectual property by covering technologies that authenticate users based on combined gesture and unique biological signals, enabling secure payments and authorized actions. The technology is expected to become a key feature in future wearables, positioning Wearable Devices at the forefront of human-computer interaction.",2026-08-11 13:10:21,GlobeNewswire,https://www.globenewswire.com/news-release/2026/08/11/3342725/0/en/wearable-devices-receives-u-s-patent-grant-for-biometric-user-authentication-in-gesture-and-voice-controlled-interface-device.html,alpha_vantage,2026-08-11 04:00:00,307.75,309.9700012207031,302.7900085449219,304.9100036621094,37401700,0.0,0.0,bullish,0.0029,0.6845,0.3126
AAPL,av_eb8c348405efba90,InterDigital (IDCC) After Raised 2026 Guidance Is The Stock Still Undervalued,"InterDigital (IDCC) reported Q2 2026 results with reduced sales and earnings year-over-year, but increased its full-year revenue and net income guidance. Despite the mixed financial results, the company's stock has shown strong momentum with significant returns over the past year. Analysts largely consider IDCC undervalued, anchored by long-term licensing agreements with major smartphone manufacturers like Samsung and Apple, although some risk factors and valuation perspectives based on P/E ratios present a more cautious outlook.",2026-08-11 13:10:48,Simply Wall Street,https://simplywall.st/stocks/us/software/nasdaq-idcc/interdigital/news/interdigital-idcc-after-raised-2026-guidance-is-the-stock-st,alpha_vantage,2026-08-11 04:00:00,307.75,309.9700012207031,302.7900085449219,304.9100036621094,37401700,0.0,0.0,neutral,0.0471,0.0281,0.9248
AAPL,av_c61f2d4d8236d822,"Apple, Amazon and other corporate giants quietly scrap board diversity rules","Many major U.S. companies, including Apple, Amazon, and Starbucks, have quietly removed explicit diversity criteria for their board members and, in some cases, for CEO succession. This retreat from diversity, equity, and inclusion policies accelerated in the past year, with 61 S&P 100 companies dumping such criteria since 2023. While some companies like Microsoft still maintain diversity commitments, the shift reflects a broader trend influenced by conservative activism and an increased preference for former CEOs in board positions, who are predominantly White men.",2026-08-11 13:13:00,Los Angeles Times,https://www.latimes.com/business/story/2026-08-11/apple-amazon-other-corporate-giants-quietly-scrap-board-diversity-rules,alpha_vantage,2026-08-11 04:00:00,307.75,309.9700012207031,302.7900085449219,304.9100036621094,37401700,0.0,0.0,neutral,0.001,0.0008,0.9982
AAPL,av_297d7196c1c68226,Making sense of the conflicting 20th anniversary iPhone reports,"Recent reports regarding Apple's 20th anniversary iPhone are conflicting, with one analyst suggesting the ""all-glass"" vision has been halted due to low yield, while a Bloomberg reporter indicates the plan is still on track. The article discusses Apple's long-term vision of a ""single slab of glass"" iPhone, potentially incorporating under-display Face ID and cameras. It suggests that next year's iPhone design will be a significant step forward, likely impacting the iPhone Pro models, and questions whether special branding will be used for the anniversary.",2026-08-11 13:36:59,9to5Mac,https://9to5mac.com/2026/08/11/making-sense-of-the-conflicting-20th-anniversary-iphone-reports/,alpha_vantage,2026-08-11 04:00:00,307.75,309.9700012207031,302.7900085449219,304.9100036621094,37401700,0.0,0.0,neutral,0.0005,0.0007,0.9988
AAPL,av_301fb2f2649ce754,China Targeted MP Materials for a Reason,"China's control over rare earth magnets, crucial for modern technology like EVs and robots, presents a significant geopolitical and economic risk, reminiscent of the 1973 oil embargo. The U.S. is investing heavily in domestic alternatives, with MP Materials emerging as a key player in building a mine-to-magnet supply chain. This strategic shift positions rare earth companies as national security investments, offering substantial growth potential as global demand for these materials triples.",2026-08-11 13:39:51,InvestorPlace,https://investorplace.com/hypergrowthinvesting/2026/08/china-targeted-mp-materials-for-a-reason/,alpha_vantage,2026-08-11 04:00:00,307.75,309.9700012207031,302.7900085449219,304.9100036621094,37401700,0.0,0.0,neutral,0.0015,0.0008,0.9978
AAPL,av_929d1f052dd1aeac,"Almost all top US companies, including Starbucks, Alphabet, had board diversity rules. Now most are gone","A new analysis by ESGAUGE reveals that 61 S&P 100 companies, including Apple, Alphabet, Amazon, Starbucks, and Wells Fargo, have eliminated explicit diversity criteria for future board members since 2023. This widespread rollback signals a significant retreat from diversity, equity, and inclusion (DEI) initiatives in corporate boardrooms. The shift has also affected CEO succession planning, with many companies removing diversity language from their criteria, while some, like Microsoft, still maintain such commitments.",2026-08-11 14:39:03,Moneycontrol.com,https://www.moneycontrol.com/news/business/companies/almost-all-top-us-companies-including-starbucks-alphabet-had-board-diversity-rules-now-most-are-gone-14002171.html,alpha_vantage,2026-08-11 04:00:00,307.75,309.9700012207031,302.7900085449219,304.9100036621094,37401700,0.0,0.0,neutral,0.0008,0.0007,0.9986
AAPL,av_7fdba6acb57b6633,"Amazon.com, Inc. (AMZN) vs. Apple Inc. (AAPL): Hedge Funds Favor One over the Other","Hedge funds show a preference for Amazon (AMZN) over Apple (AAPL), despite both tech giants beating revenue estimates. Amazon's stock surged due to strong AWS growth driven by AI spending, while Apple's fell after weak guidance, memory shortages, and CEO Tim Cook's final earnings call. The article suggests investors rewarded Amazon's growth and punished Apple's short-term challenges, with Amazon also having more than double Apple's hedge fund following.",2026-08-11 14:51:00,Yahoo Finance,https://finance.yahoo.com/markets/stocks/articles/amazon-com-inc-amzn-vs-185154577.html,alpha_vantage,2026-08-11 04:00:00,307.75,309.9700012207031,302.7900085449219,304.9100036621094,37401700,0.0,0.0,neutral,0.001,0.0013,0.9977
AAPL,av_45ac8b0f9efeab06,Apple class action alleges Hide My Email feature does not work as advertised,"A class action lawsuit has been filed against Apple Inc. alleging that its ""Hide My Email"" privacy feature does not work as advertised. The plaintiff claims that Apple misrepresented the feature's ability to conceal users' real email addresses, despite marketing it as a core privacy component of its products and services. Security researchers reportedly discovered that the feature has a flaw allowing real email addresses to be uncovered, and Apple is accused of failing to fix this issue despite knowing about it for over a year.",2026-08-11 16:48:07,Top Class Actions,https://topclassactions.com/lawsuit-settlements/lawsuit-news/apple-class-action-alleges-hide-my-email-feature-does-not-work-as-advertised/,alpha_vantage,2026-08-11 04:00:00,307.75,309.9700012207031,302.7900085449219,304.9100036621094,37401700,0.0,0.0,bearish,0.9769,0.0042,0.0188
AAPL,av_97fc675219f800ce,Apple Sued Over Alleged Privacy Gaps in ‘Private Relay’ Service,"Apple Inc. is being sued by a California man who claims the company falsely advertised its iCloud Private Relay feature, which was supposed to hide users' IP addresses and browsing activity. The lawsuit alleges that flaws in Apple’s WebKit browser engine allowed websites to still see users’ real IP addresses, contradicting Apple's promise that no single party could see both a user's identity and their web traffic destination.",2026-08-11 17:25:00,Bloomberg Law News,https://news.bloomberglaw.com/business-and-practice/apple-sued-over-alleged-privacy-gaps-in-private-relay-service,alpha_vantage,2026-08-11 04:00:00,307.75,309.9700012207031,302.7900085449219,304.9100036621094,37401700,0.0,0.0,bearish,0.993,0.0025,0.0045
AAPL,av_84fa24247c55e056,Form 8K Zillow Group Inc Class C For: 11 August By Investing.com,"This article from Investing.com announces the filing of a Form 8K by Zillow Group Inc Class C on August 11. It is a brief, one-line announcement commonly published by financial news sites to report regulatory filings. The content primarily consists of navigational elements and market data, with the core news being the regulatory filing itself.",2026-08-11 17:40:38,Investing.com Canada,https://ca.investing.com/news/stock-market-news/form-8k-zillow-group-inc-class-c-for-11-august-93CH-4792726,alpha_vantage,2026-08-11 04:00:00,307.75,309.9700012207031,302.7900085449219,304.9100036621094,37401700,0.0,0.0,neutral,0.0011,0.001,0.9979
AAPL,av_3da59cb9bac52991,Apple Executive in Charge of Pay and Wallet Services Is Leaving,"Jennifer Bailey, Apple's longtime head of Pay and Wallet services and Vice President of Apple Pay since its 2014 launch, is retiring in October after more than two decades with the company. Her departure was announced by Apple services chief Eddy Cue in a staff memo. This move contributes to a significant change in leadership at Apple.",2026-08-11 17:49:04,Bloomberg,https://www.bloomberg.com/news/articles/2026-08-11/apple-executive-in-charge-of-apple-pay-and-wallet-services-is-leaving,alpha_vantage,2026-08-11 04:00:00,307.75,309.9700012207031,302.7900085449219,304.9100036621094,37401700,0.0,0.0,neutral,0.0016,0.0007,0.9977
AAPL,av_329e9081a1c4edf2,Apple Pay chief Jennifer Bailey to retire in October - report,"Jennifer Bailey, the executive who has led Apple's Pay and Wallet services since 2014, will retire in October after more than 20 years with the company. Services chief Eddy Cue announced her departure in a staff memo, noting that Apple Pay, under Bailey's leadership, has revolutionized how hundreds of millions of users pay and has expanded into financial services like the Apple Card. Bailey will remain in an advisory capacity during the transition, with a succession plan to be announced soon.",2026-08-11 18:05:04,Investing.com,https://www.investing.com/news/stock-market-news/apple-pay-chief-jennifer-bailey-to-retire-in-october--report-4852405,alpha_vantage,2026-08-11 04:00:00,307.75,309.9700012207031,302.7900085449219,304.9100036621094,37401700,0.0,0.0,neutral,0.0012,0.0007,0.9981
AAPL,av_d2fc9e7e3f8ddfc8,Jefferies Downgrades Apple as iPhone Worries Mount. What This Means for AAPL Stock.,"Jefferies downgraded Apple (AAPL) to ""Hold"" from ""Buy"" and reduced its price target, citing concerns over future iPhone pricing power due to scrapped plans for a high-end all-glass model and potentially limited demand for expensive foldable phones. Despite strong Q3 fiscal results, Apple's high valuation and potential supply chain issues suggest increased volatility and possible near-term stock decline unless product roadmap and Services growth can offset hardware risks. Other analysts have also adjusted their ratings and price targets, with a consensus rating of ""Moderate Buy"" but acknowledging risks like rising memory costs and supply constraints.",2026-08-11 19:24:59,Barchart.com,https://www.barchart.com/story/news/3787105/jefferies-downgrades-apple-as-iphone-worries-mount-what-this-means-for-aapl-stock,alpha_vantage,2026-08-11 04:00:00,307.75,309.9700012207031,302.7900085449219,304.9100036621094,37401700,0.0,0.0,bearish,0.9971,0.0009,0.002
AAPL,av_ccda476dc0c30d60,Mega Cap Growth ETF vs Small Cap Growth ETF: Which Wins?,"This article compares the iShares Russell 2000 Growth ETF (IWO) and the Vanguard Morningstar Mega Cap Growth ETF (MGK), highlighting their differences in cost, risk, and portfolio structure. While MGK offers stability with low fees and concentrated exposure to mega-cap tech, IWO provides exposure to smaller, high-growth companies and has shown stronger recent performance despite higher costs. The author suggests both could be valuable in a portfolio, but if forced to choose, IWO might be preferable given the historical tendency for small-caps to lead after sustained large-cap bull markets.",2026-08-11 19:41:59,The Motley Fool,https://www.fool.com/coverage/etfs/2026/08/11/mega-cap-growth-etf-vs-small-cap-growth-etf-which-wins/,alpha_vantage,2026-08-11 04:00:00,307.75,309.9700012207031,302.7900085449219,304.9100036621094,37401700,0.0,0.0,neutral,0.0009,0.0016,0.9975
AAPL,av_47b93ffeacf1b552,Berkshire Hathaway Q3 2026 Earnings Beat and $23.5 Billion Stock Buying Spree,"Berkshire Hathaway reported a strong Q3 2026, with GAAP earnings per Class A share beating expectations and operating earnings rising to $12.98 billion. The company became a net buyer of stocks for the first time in over three years, deploying $23.5 billion into equities, including a significant private placement in Alphabet. Additionally, Berkshire repurchased $4.5 billion of its own shares, signaling management's view on current valuations.",2026-08-11 20:04:04,24/7 Wall St.,https://247wallst.com/cards/berkshire-hathaway-q3-2026-earnings-brk-a-01kzs6afxyrtmfzyrcq8x5rzym,alpha_vantage,2026-08-11 04:00:00,307.75,309.9700012207031,302.7900085449219,304.9100036621094,37401700,0.0,0.0,bullish,0.0015,0.9838,0.0147
AAPL,av_866b988f012738f0,Executive who launched Apple Pay steps down after 20 years,"Jennifer Bailey, the Apple executive who spearheaded Apple Pay and Wallet services, is retiring after more than two decades with the company. Her departure marks another leadership change at Apple, as she was instrumental in growing Apple Pay into a major global mobile payment platform.",2026-08-11 20:18:57,The Business Journals,https://www.bizjournals.com/sanjose/news/2026/08/11/jennifer-bailey-apple-pay-retirement.html,alpha_vantage,2026-08-11 04:00:00,307.75,309.9700012207031,302.7900085449219,304.9100036621094,37401700,0.0,0.0,neutral,0.0012,0.0006,0.9982
AAPL,av_d90410243c8ee72e,"Apple Inc. SEC Filing (Aug 11, 2026)","Apple Inc. filed a Form 144 with the SEC on August 11, 2026, indicating a proposed sale of 8,632 shares of common stock with an aggregate market value of $2,660,900.32. The securities were acquired on March 15, 2026, as Restricted Stock Units. The filing was accepted by the SEC EDGAR system at 04:29 PM on the same day.",2026-08-11 20:30:58,Stock Titan,https://www.stocktitan.net/sec-filings/AAPL/144-apple-inc-sec-filing-1d016d1c7186.html,alpha_vantage,2026-08-11 04:00:00,307.75,309.9700012207031,302.7900085449219,304.9100036621094,37401700,0.0,0.0,neutral,0.0101,0.002,0.9879
AAPL,av_f3f1abfa3f9e07bf,Why Apple customers will have to wait over a year for $250M settlement,"iPhone users involved in a class-action lawsuit against Apple for alleged false advertising of AI enhancements in the iPhone 15 and 16 will have to wait over a year for their settlement payout. The U.S. District Court granted preliminary approval in July, but a final approval hearing is scheduled for September 29, 2027. If approved, eligible customers who purchased specific iPhone 15 or 16 models between June 2024 and March 2025 could receive $25 to $95 per device.",2026-08-11 20:38:58,USA Today,https://www.usatoday.com/story/money/2026/08/11/apple-250-million-settlement-payout-wait/91261063007/,alpha_vantage,2026-08-11 04:00:00,307.75,309.9700012207031,302.7900085449219,304.9100036621094,37401700,0.0,0.0,bearish,0.7756,0.0632,0.1613
AAPL,av_b7ff8efd7be91e25,Form 8K Biomx Inc For: 11 August By Investing.com,"This article announces that Biomx Inc. has filed a Form 8K for August 11, 2026. The filing is brief and does not contain details of the 8K content within the provided text. It is presented in the context of general market news and financial data provided by Investing.com.",2026-08-11 20:58:00,Investing.com Canada,https://ca.investing.com/news/stock-market-news/form-8k-biomx-inc-for-11-august-93CH-4793143,alpha_vantage,2026-08-11 04:00:00,307.75,309.9700012207031,302.7900085449219,304.9100036621094,37401700,0.0,0.0,neutral,0.0006,0.0007,0.9987
AAPL,av_3f649623cc0185ab,Fidelity's Rate-Sensitive Dividend ETF (NYSEARCA: FDRR) Delivers Growth But Fails Income Investors After Fed Cuts,"The Fidelity Dividend ETF for Rising Rates (FDRR), designed for a rising rate environment, is facing questions about its suitability for income investors following recent Federal Reserve rate cuts. Despite annual distribution growth, its current yield of 2.12% is lower than traditional high-dividend peers, and its portfolio is heavily concentrated in tech giants, making it more of a total-return vehicle than a source of steady income. While competent for dividend-tilted exposure to large-cap growth, it may not meet the needs of investors seeking predictable quarterly income.",2026-08-11 21:27:47,Foreign Policy Journal,https://www.foreignpolicyjournal.com/2026/08/11/fidelitys-rate-sensitive-dividend-etf-nysearca-fdrr-delivers-growth-but-fails-income-investors-after-fed-cuts/,alpha_vantage,2026-08-11 04:00:00,307.75,309.9700012207031,302.7900085449219,304.9100036621094,37401700,0.0,0.0,neutral,0.001,0.0024,0.9966
AAPL,av_619a868a65239589,"Insider Selling: Forum Energy Technologies (NYSE:FET) SVP Sells 1,500 Shares","Forum Energy Technologies SVP Michael Dewayne Danford sold 1,500 shares of FET stock for $118,365, reducing his holdings by 2.77%. This transaction occurred as FET shares rose 5.9% to $83.08, nearing its 52-week high, following a strong earnings report that beat analyst expectations. Analyst ratings for FET are mixed but generally positive, with institutional investors holding a significant portion of the company's shares.",2026-08-11 21:33:22,MarketBeat,https://www.marketbeat.com/instant-alerts/insider-selling-forum-energy-technologies-nysefet-svp-sells-1500-shares-2026-08-11/,alpha_vantage,2026-08-11 04:00:00,307.75,309.9700012207031,302.7900085449219,304.9100036621094,37401700,0.0,0.0,bearish,0.9553,0.002,0.0427
AAPL,av_8381c130b83a42f3,"Starz Entertainment (NASDAQ:STRZ) CEO Acquires 10,000 Shares","Starz Entertainment CEO Jeffrey Hirsch recently acquired 10,000 shares of the company's stock for $248,000, increasing his stake to 65,000 shares. This transaction comes as Starz shares are trading down and analysts hold a mixed sentiment on the stock, with an average ""Hold"" rating and a target price of $30.83. The company, which operates premium subscription video services, currently has a market capitalization of $400.68 million and high leverage.",2026-08-11 21:44:54,MarketBeat,https://www.marketbeat.com/instant-alerts/starz-entertainment-nasdaqstrz-ceo-acquires-10000-shares-2026-08-11/,alpha_vantage,2026-08-11 04:00:00,307.75,309.9700012207031,302.7900085449219,304.9100036621094,37401700,0.0,0.0,neutral,0.0006,0.0007,0.9987
AAPL,av_87f6932c899bbab5,"Wrapped U.S. Bancorp Tokenized Stock (xStock) price today, wUSBx to USD live price, marketcap and chart","This CoinMarketCap page provides an overview of Wrapped U.S. Bancorp Tokenized Stock (xStock), including its current price, market capitalization, and chart. The page indicates that it is a preview and directs users to listing criteria for more details. It also lists real-world assets like Gold, Nvidia, Apple, and Microsoft, along with other popular cryptocurrencies.",2026-08-11 22:09:30,CoinMarketCap,https://coinmarketcap.com/currencies/wrapped-us-bancorp-tokenized-stock-xstock/,alpha_vantage,2026-08-11 04:00:00,307.75,309.9700012207031,302.7900085449219,304.9100036621094,37401700,0.0,0.0,neutral,0.0009,0.0044,0.9947
AAPL,av_cdfc217ad0b375f2,Apple's Glass-Centric IPhone 20 Redesign Remains On Track For 2027,"Apple Inc.'s planned glass-centric iPhone redesign for 2027, aimed at celebrating the iPhone's 20th anniversary, is reportedly still on schedule. This redesign is expected to introduce a significantly different look for the Pro models, featuring glass on both the front and rear, extending around the sides to meet a thin metal band. The new design, internally known as V73 and V74, will make much heavier use of glass than current iPhones.",2026-08-11 22:37:00,RTTNews,https://www.rttnews.com/3679089/apple-s-glass-centric-iphone-20-redesign-remains-on-track-for-2027.aspx,alpha_vantage,2026-08-11 04:00:00,307.75,309.9700012207031,302.7900085449219,304.9100036621094,37401700,0.0,0.0,neutral,0.0019,0.004,0.9941
AAPL,av_64ad12fe78babda6,Eupraxia Pharmaceuticals (NASDAQ:EPRX) Issues Earnings Results,"Eupraxia Pharmaceuticals (NASDAQ:EPRX) reported a quarterly loss of $0.23 per share, surpassing analyst estimates by $0.02. Shares saw a modest increase of 0.6% to $6.70, and the company maintains strong financial liquidity. Analyst sentiment for EPRX is mixed but generally positive, with a ""Moderate Buy"" consensus rating and an average price target of $18.00.",2026-08-11 22:42:13,MarketBeat,https://www.marketbeat.com/instant-alerts/eupraxia-pharmaceuticals-nasdaqeprx-issues-earnings-results-2026-08-11/,alpha_vantage,2026-08-11 04:00:00,307.75,309.9700012207031,302.7900085449219,304.9100036621094,37401700,0.0,0.0,neutral,0.0004,0.0008,0.9988
AAPL,av_f833c3ed89ff37f3,MENORA MIVTACHIM HOLDINGS LTD. Exits Ellomay Capital Ltd (ELLO) -- Stock Trades 58% Above GF Value,"Menora Mivtachim Holdings Ltd. has fully divested its 961,373 shares in Ellomay Capital Ltd (NYSE:ELLO) on July 31, 2026, at $19.60 per share, citing the stock's significant overvaluation, weak financial health, and negative growth trends. Ellomay Capital, a renewable energy company, is deemed overvalued with a GF Value of $12.73 and faces operational inefficiencies and profitability challenges, including negative returns on equity and assets. This exit aligns with Menora Mivtachim's investment philosophy focusing on large-cap growth and defensive industries, and serves as a cautionary signal for value investors regarding Ellomay Capital's prospects.",2026-08-12 00:47:20,GuruFocus,https://www.gurufocus.com/news/9026511/menora-mivtachim-holdings-ltd-exits-ellomay-capital-ltd-ello-stock-trades-58-above-gf-value,alpha_vantage,2026-08-11 04:00:00,307.75,309.9700012207031,302.7900085449219,304.9100036621094,37401700,0.0,0.0,bullish,0.04,0.692,0.2681
AAPL,av_04610ff371072c3f,JPMORGAN CHASE & CO Trims Lamb Weston Holdings Inc (LW) Stake --,"JPMorgan Chase & Co. has reduced its stake in Lamb Weston Holdings Inc. (NYSE: LW) by 5.57%, selling 406,022 shares at $43.18 each, though it still retains over 6.8 million shares. The stock is considered ""Modestly Undervalued"" with a GF Value of $65.39, despite mixed financial health metrics and negative growth trends in gross and operating margins. While the transaction itself had minimal market impact, the company's strong GF Score of 88/100 and recent price appreciation suggest potential value for investors, warranting careful due diligence.",2026-08-12 01:08:26,GuruFocus,https://www.gurufocus.com/news/9026530/jpmorgan-chase-co-trims-lamb-weston-holdings-inc-lw-stake-shares-still-look-20-undervalued-on-gf-value,alpha_vantage,2026-08-11 04:00:00,307.75,309.9700012207031,302.7900085449219,304.9100036621094,37401700,0.0,0.0,bearish,0.8988,0.0041,0.097
AAPL,av_e7ddfd7bb5968e76,Hedge Funds Favor Microsoft Corporation (MSFT) Over Meta Platforms Inc. (META),"Hedge funds are increasingly favoring Microsoft (MSFT) over Meta Platforms (META) due to Microsoft's strong Q1 2026 earnings, driven by its AI investments, which resulted in a record single-day market value gain. In contrast, Meta experienced its longest losing streak and a significant drop in free cash flow, despite increased AI spending. This divergence highlights market scrutiny on whether AI investments translate into tangible financial returns.",2026-08-12 01:38:24,Yahoo Finance UK,https://uk.finance.yahoo.com/news/hedge-funds-favor-microsoft-corporation-214046892.html,alpha_vantage,2026-08-11 04:00:00,307.75,309.9700012207031,302.7900085449219,304.9100036621094,37401700,0.0,0.0,neutral,0.0093,0.2495,0.7412
AAPL,av_e795f7edcbc960ed,FMR LLC Buys Icon PLC (ICLR) -- Shares Look 21% Undervalued on GF Value,"FMR LLC (Fidelity) increased its stake in Icon PLC (ICLR) by 26.29%, adding over 1 million shares at $173.71 each, despite a recent 4.55% stock decline. GuruFocus's GF Value suggests Icon is 21% undervalued at $165.81, with a GF Value of $208.96, indicating a potential margin of safety. Fidelity's investment aligns with Icon's strong fundamentals, including a high GF Score of 96/100, robust growth, and profitability ranks, despite its high P/E ratio and moderate financial strength.",2026-08-12 01:39:37,GuruFocus,https://www.gurufocus.com/news/9026633/fmr-llc-buys-icon-plc-iclr-shares-look-21-undervalued-on-gf-value,alpha_vantage,2026-08-11 04:00:00,307.75,309.9700012207031,302.7900085449219,304.9100036621094,37401700,0.0,0.0,neutral,0.232,0.0358,0.7322
AAPL,av_bee1804e4a52dd21,FMR LLC Boosts ICF International Inc (ICFI) Stake -- Shares Still 15% Undervalued on GF Value,"FMR LLC (Fidelity) significantly increased its stake in ICF International Inc (ICFI) on June 30, 2026, acquiring an additional 930,085 shares. This move underscores Fidelity's confidence in ICFI's long-term value, as the stock was purchased at $72.86 per share and has since appreciated by over 24%, though it remains ""Modestly Undervalued"" according to GuruFocus's GF Value model. The article highlights ICFI's strong growth and profitability in the professional services sector, despite moderate financial strength.",2026-08-12 01:39:43,GuruFocus,https://www.gurufocus.com/news/9026642/fmr-llc-boosts-icf-international-inc-icfi-stake-shares-still-15-undervalued-on-gf-value,alpha_vantage,2026-08-11 04:00:00,307.75,309.9700012207031,302.7900085449219,304.9100036621094,37401700,0.0,0.0,neutral,0.0031,0.4917,0.5051
AAPL,av_ff4c602361d33a4a,FMR LLC Trims Energizer Holdings Inc (ENR) Stake -- Shares Still 28% Undervalued on GF Value,"FMR LLC (Fidelity) reduced its stake in Energizer Holdings Inc (ENR) by 25.32% on June 30, 2026, selling 1,329,890 shares at $21.44 each. Despite this trim, Energizer's stock remains 28% undervalued according to GuruFocus's GF Value, trading at $22.38 against a GF Value of $31.14. The company faces challenges including a weak balance sheet and subdued growth, making its investment profile a mix of potential value and significant financial risk for investors.",2026-08-12 01:42:58,GuruFocus,https://www.gurufocus.com/news/9026628/fmr-llc-trims-energizer-holdings-inc-enr-stake-shares-still-28-undervalued-on-gf-value,alpha_vantage,2026-08-11 04:00:00,307.75,309.9700012207031,302.7900085449219,304.9100036621094,37401700,0.0,0.0,bearish,0.9748,0.0012,0.024
AAPL,av_5d8beb33a7683bfe,FMR LLC Reduces Stake in Essent Group Ltd (ESNT) by 42.76%,"FMR LLC (Fidelity) significantly reduced its stake in Essent Group Ltd (ESNT) by 42.76% on June 30, 2026, selling over 2.1 million shares. Despite this reduction, Essent Group remains a fundamentally sound entity with strong growth potential, evidenced by its GF-Score of 91/100 and ""Fairly Valued"" status according to GuruFocus's GF Value model. The transaction likely reflects portfolio rebalancing by FMR LLC, which maintains a diversified investment approach with a bias towards high-growth industries.",2026-08-12 01:46:13,GuruFocus,https://www.gurufocus.com/news/9026611/fmr-llc-reduces-stake-in-essent-group-ltd-esnt-by-4276,alpha_vantage,2026-08-11 04:00:00,307.75,309.9700012207031,302.7900085449219,304.9100036621094,37401700,0.0,0.0,neutral,0.0022,0.0079,0.9899
AAPL,av_fb3ce5b9da73ba44,FMR LLC Buys Ducommun Inc (DCO) -- Shares Look 180% Overvalued on GF Value,"FMR LLC (Fidelity) recently acquired 620,839 shares of Ducommun Inc (DCO), increasing its stake to 5.10%, despite the stock appearing significantly overvalued according to GuruFocus's GF Value calculation. Ducommun, an aerospace and defense supplier, has seen its stock price surge by over 103% year-to-date, trading at $197.26 against an estimated intrinsic value of $70.44. While Fidelity's investment reflects a growth-oriented strategy, the substantial overvaluation and mixed financial metrics like negative ROE suggest potential risks for value investors, even as institutional interest in the company persists.",2026-08-12 01:47:51,GuruFocus,https://www.gurufocus.com/news/9026605/fmr-llc-buys-ducommun-inc-dco-shares-look-180-overvalued-on-gf-value,alpha_vantage,2026-08-11 04:00:00,307.75,309.9700012207031,302.7900085449219,304.9100036621094,37401700,0.0,0.0,bullish,0.0049,0.9869,0.0081
AAPL,av_4cf8a0e0b80c5b0a,FMR LLC Adds to Domino's Pizza Inc (DPZ) Stake -- Shares Look 27% Undervalued on GF Value,"FMR LLC (Fidelity Investments) has increased its stake in Domino's Pizza Inc (DPZ) by acquiring 732,846 shares on June 30, 2026, at $296.04 per share. This transaction makes Domino's Pizza a 12.40% ownership stake for Fidelity, which has seen a 20.71% appreciation since the purchase. According to GuruFocus's GF Value methodology, Domino's is currently ""Modestly Undervalued"" by approximately 27%, trading at $357.34 against a GF Value of $486.64.",2026-08-12 01:51:41,GuruFocus,https://www.gurufocus.com/news/9026617/fmr-llc-adds-to-dominos-pizza-inc-dpz-stake-shares-look-27-undervalued-on-gf-value,alpha_vantage,2026-08-11 04:00:00,307.75,309.9700012207031,302.7900085449219,304.9100036621094,37401700,0.0,0.0,neutral,0.0158,0.0081,0.9761
AAPL,av_494cbd2aec96dca7,"Fold Holdings earnings missed by $0.04, revenue fell short of estimates","Fold Holdings (NASDAQ: FLD) reported a second-quarter EPS of $-0.19, missing analyst estimates by $0.04, and revenue of $6.09M, which fell short of the consensus estimate of $8.83M. The company's stock price closed at $0.45, reflecting a significant decline of -68.31% in the last 3 months and -89.49% over the past year, indicating a ""weak performance"" according to InvestingPro.",2026-08-12 06:14:54,Investing.com Canada,https://ca.investing.com/news/earnings/fold-holdings-earnings-missed-by-004-revenue-fell-short-of-estimates-4793923,alpha_vantage,2026-08-12 04:00:00,305.1300048828125,305.6600036621094,302.17999267578125,303.7049865722656,5817203,0.0,0.0,bearish,0.9963,0.0009,0.0028
AAPL,av_5694edb34c9e6c8d,"HP Inc (HPQ) News, Articles, Events & Latest Updates","This page aggregates recent news and updates concerning HP Inc. (HPQ), covering its stock performance, dividend yield, and comparisons with competitors like Dell and Apple. Topics include analyst views on Dell's valuation, HP's stock yield crossing 4%, and HP's market performance relative to broader trends.",2026-08-12 07:08:15,Stocktwits,https://stocktwits.com/symbol/HPQ/news,alpha_vantage,2026-08-12 04:00:00,305.1300048828125,305.6600036621094,302.17999267578125,303.7049865722656,5817203,0.0,0.0,neutral,0.0005,0.0007,0.9987
AAPL,av_1581b7053bcd3686,"Blue Chip Partners LLC Acquires 1,314 Shares of Microsoft Corporation $MSFT","Blue Chip Partners LLC increased its stake in Microsoft Corporation by 1.3%, purchasing an additional 1,314 shares to bring its total holdings to 102,117 shares valued at $37.8 million. This move comes as Microsoft reported strong quarterly results, beating EPS and revenue expectations, driven by Azure growth and Copilot adoption, with analysts maintaining a positive outlook and a consensus price target of $559.16.",2026-08-12 07:10:45,MarketBeat,https://www.marketbeat.com/instant-alerts/filing-blue-chip-partners-llc-acquires-1314-shares-of-microsoft-corporation-msft-2026-08-12/,alpha_vantage,2026-08-12 04:00:00,305.1300048828125,305.6600036621094,302.17999267578125,303.7049865722656,5817203,0.0,0.0,neutral,0.0006,0.0028,0.9966
AAPL,av_c58e5b354514a06f,Apple Inc. $AAPL Stake Raised by Lazard Asset Management LLC,"Lazard Asset Management LLC increased its stake in Apple Inc. (NASDAQ:AAPL) by 11.7% in the first quarter, making it their largest portfolio holding. This move comes despite mixed analyst sentiment regarding Apple's valuation and potential pricing power challenges for its next iPhone. Apple reported strong quarterly revenue and EPS, exceeding estimates, but faces concerns about rising component costs and competition from AI leaders.",2026-08-12 08:37:02,MarketBeat,https://www.marketbeat.com/instant-alerts/filing-apple-inc-aapl-stake-raised-by-lazard-asset-management-llc-2026-08-12/,alpha_vantage,2026-08-12 04:00:00,305.1300048828125,305.6600036621094,302.17999267578125,303.7049865722656,5817203,0.0,0.0,neutral,0.0005,0.0033,0.9962
AAPL,av_35d67cb118f27694,Apple Inc. $AAPL is Jessup Wealth Management Inc's 3rd Largest Position,"Jessup Wealth Management Inc. reduced its stake in Apple (NASDAQ:AAPL) by 6.7% in Q1, yet Apple remains its third-largest holding, representing 8.2% of its portfolio with a value of approximately $22.5 million. Despite Apple's strong Q2 earnings, concerns linger about its outlook due to rising memory costs and potential iPhone margin pressure, leading to a recent Jefferies downgrade. However, the overall analyst consensus remains a ""Moderate Buy"" with an average price target of $328.60.",2026-08-12 08:40:59,MarketBeat,https://www.marketbeat.com/instant-alerts/filing-apple-inc-aapl-is-jessup-wealth-management-incs-3rd-largest-position-2026-08-12/,alpha_vantage,2026-08-12 04:00:00,305.1300048828125,305.6600036621094,302.17999267578125,303.7049865722656,5817203,0.0,0.0,neutral,0.0011,0.0269,0.972
AAPL,av_4e21649ef3aad8e6,Apple Inc. $AAPL Shares Sold by The Manufacturers Life Insurance Company,"The Manufacturers Life Insurance Company sold 9.1% of its Apple stock in the first quarter, reducing its holdings by 1.14 million shares but still retaining 11.4 million shares worth $2.89 billion. Apple remains its fifth-largest holding. Despite Wall Street's ""Moderate Buy"" rating, the company faces challenges like rising component costs and uncertainty about future iPhone upgrades, even after reporting stronger-than-expected quarterly results with $2.02 EPS and $109.42 billion in revenue.",2026-08-12 08:40:59,MarketBeat,https://www.marketbeat.com/instant-alerts/filing-apple-inc-aapl-shares-sold-by-the-manufacturers-life-insurance-company-2026-08-12/,alpha_vantage,2026-08-12 04:00:00,305.1300048828125,305.6600036621094,302.17999267578125,303.7049865722656,5817203,0.0,0.0,neutral,0.0011,0.0013,0.9977
AAPL,av_ead78ca3ae389fdd,Apple Inc. $AAPL Stake Decreased by KCM Investment Advisors LLC,"KCM Investment Advisors LLC reduced its stake in Apple Inc. ($AAPL) by 2.5% in the first quarter, selling 21,818 shares but retaining 839,802 shares valued at approximately $213.1 million, making Apple its largest holding. Despite Apple reporting strong fiscal results with revenue up 16.4% year-over-year to $109.42 billion and beating EPS expectations, concerns persist regarding its valuation, rising memory costs, and potential pressure on iPhone pricing and margins, leading to mixed analyst ratings.",2026-08-12 08:42:59,MarketBeat,https://www.marketbeat.com/instant-alerts/filing-apple-inc-aapl-stake-decreased-by-kcm-investment-advisors-llc-2026-08-12/,alpha_vantage,2026-08-12 04:00:00,305.1300048828125,305.6600036621094,302.17999267578125,303.7049865722656,5817203,0.0,0.0,neutral,0.1877,0.0272,0.7852
AAPL,av_822d1e3c88ec8d70,Western Wealth Management LLC Raises Holdings in Comcast Corporation $CMCSA,"Western Wealth Management LLC significantly increased its stake in Comcast Corporation by 421.3% during the first quarter, now holding 71,828 shares valued at $2.06 million. Despite institutional investors collectively owning 84.32% of the company, and Comcast exceeding EPS and revenue estimates in its latest quarter, its stock has an average ""Hold"" rating from analysts with a consensus price target of $32.96 against its current $25.65. Comcast also announced a quarterly dividend of $0.33, yielding 5.1% annually.",2026-08-12 09:18:20,MarketBeat,https://www.marketbeat.com/instant-alerts/filing-western-wealth-management-llc-raises-holdings-in-comcast-corporation-cmcsa-2026-08-12/,alpha_vantage,2026-08-12 04:00:00,305.1300048828125,305.6600036621094,302.17999267578125,303.7049865722656,5817203,0.0,0.0,neutral,0.0006,0.0096,0.9899
AAPL,av_9d4a273590a311e8,"Western Wealth Management LLC Buys 1,534 Shares of Invesco QQQ $QQQ","Western Wealth Management LLC increased its stake in Invesco QQQ (NASDAQ:QQQ) by 1.2%, purchasing an additional 1,534 shares to bring its total holding to 131,472 shares, valued at $75.9 million. QQQ is now the firm's second-largest holding, representing 2.8% of its portfolio. The article also notes QQQ's recent dividend increase to $0.8135 per quarter and discusses both positive and negative sentiments surrounding the ETF, including strong investor demand and technology sector momentum, alongside risks from elevated valuations and AI optimism.",2026-08-12 09:39:19,MarketBeat,https://www.marketbeat.com/instant-alerts/filing-western-wealth-management-llc-buys-1534-shares-of-invesco-qqq-qqq-2026-08-12/,alpha_vantage,2026-08-12 04:00:00,305.1300048828125,305.6600036621094,302.17999267578125,303.7049865722656,5817203,0.0,0.0,neutral,0.0033,0.4136,0.5831
AAPL,av_53ea3b0dc094a840,"HP chief commercial officer sells $631,019 in company stock By Investing.com","David P. McQuarrie, HP Inc.'s Chief Commercial Officer, sold 21,048 shares of company stock for $631,019 on August 7, 2026, as part of a Rule 10b5-1 trading plan. The sale occurred after HP reported strong Q2 2026 earnings, surpassing analyst forecasts, and announced strategic initiatives including a partnership with OpenAI and a new Ferrari-branded AI PC. Despite the positive performance, Goldman Sachs reiterated a Sell rating due to margin pressure concerns.",2026-08-12 09:49:47,Investing.com Canada,https://ca.investing.com/news/stock-market-news/hp-chief-commercial-officer-sells-631019-in-company-stock-93CH-4794545,alpha_vantage,2026-08-12 04:00:00,305.1300048828125,305.6600036621094,302.17999267578125,303.7049865722656,5817203,0.0,0.0,neutral,0.0006,0.0009,0.9984
AAPL,av_42f7c163b6bedc9f,Apple’s iPhone event will be packed with intrigue,"Apple's upcoming September event is anticipated to be one of its most significant in years, featuring a new CEO, John Ternus, taking the helm. The event is expected to introduce a groundbreaking folding iPhone, likely called iPhone Ultra, alongside the iPhone 18 Pro and Pro Max. Updates for the Apple Watch Series 12 and Ultra 4, as well as new Apple TV and HomePod mini devices with enhanced Siri AI capabilities, are also highly anticipated, with a potential preview of a new HomePad smart hub.",2026-08-12 09:56:27,Macworld,https://www.macworld.com/article/3209849/apples-iphone-event-is-coming-soon-these-are-the-devices-and-surprises-on-the-way.html,alpha_vantage,2026-08-12 04:00:00,305.1300048828125,305.6600036621094,302.17999267578125,303.7049865722656,5817203,0.0,0.0,neutral,0.0006,0.001,0.9984
AAPL,av_84054888833f287f,"Ionis Pharmaceuticals, Inc. $IONS Shares Bought by Handelsbanken Fonder AB","Handelsbanken Fonder AB significantly increased its stake in Ionis Pharmaceuticals (NASDAQ:IONS) by 79.1% in the second quarter, now holding 383,211 shares valued at $30.4 million. Despite institutional growth, Ionis insiders sold shares worth $18.3 million, including CEO Brett Monia's sale. Analysts maintain a ""Moderate Buy"" consensus with an average price target of $94.65, even after some target reductions.",2026-08-12 10:10:44,MarketBeat,https://www.marketbeat.com/instant-alerts/filing-ionis-pharmaceuticals-inc-ions-shares-bought-by-handelsbanken-fonder-ab-2026-08-12/,alpha_vantage,2026-08-12 04:00:00,305.1300048828125,305.6600036621094,302.17999267578125,303.7049865722656,5817203,0.0,0.0,neutral,0.005,0.2197,0.7753
AAPL,av_3b2f4405c4f264f7,"Heck Capital Advisors LLC Invests $14.81 Million in Micron Technology, Inc. $MU","Heck Capital Advisors LLC has initiated a new $14.81 million stake in Micron Technology (NASDAQ:MU) by purchasing 12,827 shares, making it their 27th largest holding. This investment comes as Micron reported significantly stronger-than-expected quarterly results, driven by AI-driven memory demand, despite potential risks from price slowdowns and increased competition. Analysts maintain a consensus ""Buy"" rating for the semiconductor manufacturer.",2026-08-12 10:38:38,MarketBeat,https://www.marketbeat.com/instant-alerts/filing-heck-capital-advisors-llc-invests-1481-million-in-micron-technology-inc-mu-2026-08-12/,alpha_vantage,2026-08-12 04:00:00,305.1300048828125,305.6600036621094,302.17999267578125,303.7049865722656,5817203,0.0,0.0,neutral,0.0007,0.0056,0.9937
AAPL,av_9fec91e46ef4b147,"Tema ETFs LLC Has $45.11 Million Stock Holdings in Quanta Services, Inc. $PWR","Tema ETFs LLC significantly increased its stake in Quanta Services (NYSE:PWR) by 58.1% in the second quarter, bringing its total holdings to 62,648 shares valued at $45.11 million. This makes Quanta Services the 12th largest holding in Tema ETFs LLC's portfolio. The article highlights Quanta Services' strong financial performance, including exceeding Q2 earnings and revenue estimates, issuing positive fiscal 2026 EPS guidance, and announcing a $1 billion share repurchase program and a quarterly dividend.",2026-08-12 10:40:28,MarketBeat,https://www.marketbeat.com/instant-alerts/filing-tema-etfs-llc-has-4511-million-stock-holdings-in-quanta-services-inc-pwr-2026-08-12/,alpha_vantage,2026-08-12 04:00:00,305.1300048828125,305.6600036621094,302.17999267578125,303.7049865722656,5817203,0.0,0.0,neutral,0.0011,0.0115,0.9874
AAPL,av_a5c1389dfffbcd9a,"West Branch Capital LLC Increases Stake in Micron Technology, Inc. $MU","West Branch Capital LLC significantly increased its stake in Micron Technology, Inc. by 41.1% in Q2 2026, bringing its total holdings to 8,597 shares valued at $9.9 million. This move is part of a broader trend of institutional investment in Micron, despite recent insider selling and market division over the stock's future performance. Analysts maintain a ""Buy"" rating for Micron with a consensus price target of $1,260.31, citing strong earnings, strategic customer contracts, and long-term AI demand.",2026-08-12 10:40:43,MarketBeat,https://www.marketbeat.com/instant-alerts/filing-west-branch-capital-llc-increases-stake-in-micron-technology-inc-mu-2026-08-12/,alpha_vantage,2026-08-12 04:00:00,305.1300048828125,305.6600036621094,302.17999267578125,303.7049865722656,5817203,0.0,0.0,neutral,0.0005,0.0043,0.9952
AAPL,av_3800688916cb9938,"Insight Wealth Strategies LLC Boosts Stake in Huntington Ingalls Industries, Inc. $HII","Insight Wealth Strategies LLC significantly increased its stake in Huntington Ingalls Industries (HII) by 70% in Q2, bringing its total holdings to 22,484 shares valued at $6.27 million. This move comes as HII reported strong quarterly earnings, beating analyst expectations with an EPS of $5.27 and revenue of $3.42 billion, alongside declaring a quarterly dividend of $1.38 per share. Despite mixed analyst sentiment leaning towards a ""Hold"" rating, institutional investors collectively own 90.46% of the company, indicating strong institutional confidence.",2026-08-12 11:10:41,MarketBeat,https://www.marketbeat.com/instant-alerts/filing-insight-wealth-strategies-llc-boosts-stake-in-huntington-ingalls-industries-inc-hii-2026-08-12/,alpha_vantage,2026-08-12 04:00:00,305.1300048828125,305.6600036621094,302.17999267578125,303.7049865722656,5817203,0.0,0.0,neutral,0.0005,0.0042,0.9953
AAPL,av_a291ab447c4bfe2e,Wedge Capital Management L L P NC Lowers Stock Position in Ford Motor Company $F,"Wedge Capital Management L L P NC reduced its stake in Ford Motor Company by 10.6% during the second quarter, selling 281,334 shares but still holding 2.37 million shares valued at approximately $33.0 million. Institutional investors now own 58.74% of Ford's stock, which currently has an average ""Hold"" rating from analysts with a consensus price target of $15.68. Ford recently exceeded earnings expectations with an adjusted EPS of $0.42 and revenue of $48.30 billion, and declared a quarterly dividend of $0.15 per share.",2026-08-12 11:17:54,MarketBeat,https://www.marketbeat.com/instant-alerts/filing-wedge-capital-management-l-l-p-nc-lowers-stock-position-in-ford-motor-company-f-2026-08-12/,alpha_vantage,2026-08-12 04:00:00,305.1300048828125,305.6600036621094,302.17999267578125,303.7049865722656,5817203,0.0,0.0,bearish,0.9954,0.0016,0.003
AAPL,c46e2b91-9b8c-339d-a205-6ea56b75187e,"5 S&P 500 Stocks Crank Out $4,000 Per Second Starting Now",Investors might be unsure where to place their money this year. But some S&P 500 companies are churning out profit.,2026-08-12 11:40:30,Investor's Business Daily,https://www.investors.com/etfs-and-funds/sectors/sp-500-stocks-crank-out-per-second-starting-now/?src=A00220&yptr=yahoo,yahoo,2026-08-12 04:00:00,305.1300048828125,305.6600036621094,302.17999267578125,303.7049865722656,5817203,0.0,0.0,neutral,0.0009,0.0077,0.9915
AAPL,av_68172d4bba0be8fa,Form 8K Lexeo Therapeutics Inc For: 12 August By Investing.com,"The article reports that Lexeo Therapeutics Inc. filed a Form 8K on August 12. It briefly mentions the company name and filing date, without providing further details on the content of the filing. The article is very short and seems to act as a placeholder for a news item related to the SEC filing.",2026-08-12 11:40:58,Investing.com Canada,https://ca.investing.com/news/stock-market-news/form-8k-lexeo-therapeutics-inc-for-12-august-93CH-4794914,alpha_vantage,2026-08-12 04:00:00,305.1300048828125,305.6600036621094,302.17999267578125,303.7049865722656,5817203,0.0,0.0,neutral,0.0006,0.0007,0.9987
AAPL,6fb0385e-634b-3199-927c-f298ab700781,1 Consumer Stock for Long-Term Investors and 2 We Avoid,"Consumer discretionary businesses are levered to the highs and lows of economic cycles. Over the past six months, it seems like demand may be facing some headwinds as the industry’s 4.4% return has lagged the S&P 500 by 6.6 percentage points.",2026-08-12 11:49:22,StockStory,https://finance.yahoo.com/markets/stocks/articles/1-consumer-stock-long-term-114922081.html,yahoo,2026-08-12 04:00:00,305.1300048828125,305.6600036621094,302.17999267578125,303.7049865722656,5817203,0.0,0.0,neutral,0.0009,0.0006,0.9985
AAPL,av_db1a670b77492ac2,Mantis Space Names Former Boeing Technical Fellow Dale Parkes as Chief Technology Officer,"Mantis Space, a space and advanced energy startup, has appointed Dale Parkes as its Chief Technology Officer. Parkes, a former Boeing Technical Fellow with 26 years of experience, will lead the development of the company's space-based power grid, which aims to provide continuous power to satellites and other orbital infrastructure using laser technology. His appointment is expected to bolster Mantis Space's mission to establish a new layer of space infrastructure and advance the orbital economy.",2026-08-12 12:43:45,Morningstar,https://www.morningstar.com/news/pr-newswire/20260812cl24053/mantis-space-names-former-boeing-technical-fellow-dale-parkes-as-chief-technology-officer,alpha_vantage,2026-08-12 04:00:00,305.1300048828125,305.6600036621094,302.17999267578125,303.7049865722656,5817203,0.0,0.0,neutral,0.0008,0.0007,0.9985
AAPL,363d8bcd-a0e4-3792-a85a-216723e61052,"Apple Stock's Biggest Risk Is The Memory Bill, Not Demand",Record demand is not the danger for Apple stock; the danger is a component bill that keeps climbing and has already begun to take margin down.,2026-08-12 12:45:45,Trefis,https://www.trefis.com/articles/611155/apple-stocks-biggest-risk-is-the-memory-bill-not-demand/2026-08-12,yahoo,2026-08-12 04:00:00,305.1300048828125,305.6600036621094,302.17999267578125,303.7049865722656,5817203,0.0,0.0,neutral,0.0031,0.0027,0.9942
AAPL,aa2f5cba-233e-3a45-8117-aac9d6a4a024,"US Core Inflation Comes in Subdued, Easing Pressure on Fed","(Bloomberg) -- Underlying US inflation was subdued in July, likely easing pressure on the Federal Reserve to raise interest rates.Most Read from BloombergPhoebe Gates Knew Phia Shopping App Took Credit for Sales It Didn’t DriveTrump Weighs Call for Capital Gains Tax Cuts as Midterm BoostTata Sons Chairman to Step Down, Deepening Leadership TurmoilFive Takeaways From Zuckerberg’s 6,500-Word Manifesto on AIPakistan Says Deal Is Close Even as Iran, US Harden StancesThe consumer price index, excludi",2026-08-12 12:54:36,Bloomberg,https://finance.yahoo.com/economy/policy/articles/us-core-inflation-comes-subdued-125436516.html,yahoo,2026-08-12 04:00:00,305.1300048828125,305.6600036621094,302.17999267578125,303.7049865722656,5817203,0.0,0.0,neutral,0.0042,0.0383,0.9575
AAPL,a4f7f78a-953e-343f-a7fb-cba935a9df27,Crypto.com Launches Tokenized Stock Derivatives,"Crypto.com has launched tokenized derivatives that track 1,500 U.S. stocks and exchange-traded funds (ETFs). ...",2026-08-12 13:09:00,CryptoProwl,https://www.cryptoprowl.com/releases/cryptocom-launches-tokenized-stock-derivatives-6394,yahoo,2026-08-12 04:00:00,305.1300048828125,305.6600036621094,302.17999267578125,303.7049865722656,5817203,0.0,0.0,neutral,0.0005,0.0013,0.9982
AAPL,av_a701550e290769aa,"Neonode (NEON) Q2 2026: tiny $0.48M revenue, $4.0M loss and $21.3M cash","Neonode Inc. reported a significant loss of $4.0 million for the first half of 2026 and only $0.48 million in revenue for Q2 2026, marking a 20.4% decline year-over-year. The company maintains a high gross margin due to its licensing model but continues to struggle with operational expenses and material weaknesses in internal controls. Despite these challenges, Neonode's management believes its $21.3 million cash reserve is sufficient to fund operations for at least another twelve months.",2026-08-12 13:11:30,Stock Titan,https://www.stocktitan.net/sec-filings/NEON/10-q-neonode-inc-quarterly-earnings-report-ac34c68b4d99.html,alpha_vantage,2026-08-12 04:00:00,305.1300048828125,305.6600036621094,302.17999267578125,303.7049865722656,5817203,0.0,0.0,neutral,0.0011,0.0037,0.9952
AAPL,7db509a2-9b04-3a6e-beb7-e9efe98088bc,"Norway Made $184 Billion In First Half,  With Help From Nvidia And Apple","A tiny nation of 5.7 million people quietly became the world's largest single investor, owning a slice of nearly every major company on earth. The secret behind Norway's staggering financial empire starts with oil and ends somewhere far more surprising.",2026-08-12 13:17:43,24/7 Wall St.,https://247wallst.com/investing/2026/08/12/norway-made-184-billion-in-first-half-with-help-from-nvidia-and-apple/,yahoo,2026-08-12 04:00:00,305.1300048828125,305.6600036621094,302.17999267578125,303.7049865722656,5817203,0.0,0.0,neutral,0.0021,0.0676,0.9303
AAPL,av_83ec53b1f2f73395,"Texas Civil Court Compelled Verisign to Lock .com Domain, Giving Every State Same Power","A Texas civil court has compelled Verisign, the operator of all .com domains, to lock motherless.com after its foreign operator ignored a default judgment. This action bypasses traditional enforcement challenges against overseas defendants by using Verisign's U.S. presence, effectively creating a template for any state attorney general to deploy similar writs against .com operators globally for various civil law violations. The ruling establishes a significant precedent for internet governance and content regulation, allowing state courts to impact global internet infrastructure.",2026-08-12 13:20:00,Tech Times,https://www.techtimes.com/articles/324043/20260812/texas-civil-court-compelled-verisign-lock-com-domain-giving-every-state-same-power.htm,alpha_vantage,2026-08-12 04:00:00,305.1300048828125,305.6600036621094,302.17999267578125,303.7049865722656,5817203,0.0,0.0,neutral,0.0009,0.0009,0.9982
AAPL,2597e46b-1a97-389e-a4a8-0ceb63b8271d,Apple is testing Chinese DRAM even after CXMT refused to cut prices,"Apple is reportedly testing CXMT memory across products including iPhones and MacBooks, even after the Chinese supplier refused to offer the cheaper DRAM pricing Apple wanted.",2026-08-12 13:22:41,Digital Trends,https://www.digitaltrends.com/computing/apple-is-testing-chinese-dram-even-after-cxmt-refused-to-cut-prices/,yahoo,2026-08-12 04:00:00,305.1300048828125,305.6600036621094,302.17999267578125,303.7049865722656,5817203,0.0,0.0,neutral,0.0071,0.1393,0.8536
AAPL,a31c1ea4-c1f8-32f2-9f81-5c378391e6ee,Tim Cook Is Handing Off Apple to John Ternus as CEO on Sept. 1. Here's How Apple's Stock Has Performed Over Cook's 15-Year Tenure.,"With only a few weeks left in Cook's tenure, let's look back on how well the company has done since he took the reins.",2026-08-12 13:35:00,Motley Fool,https://www.fool.com/investing/2026/08/12/tim-cook-handing-off-apple-to-john-ternus-as-ceo/,yahoo,2026-08-12 04:00:00,305.1300048828125,305.6600036621094,302.17999267578125,303.7049865722656,5817203,0.0,0.0,neutral,0.0008,0.0007,0.9985
AAPL,fc381ce1-32d1-3e4b-b42f-7d39e2664a53,"CPI Inflation Data Cools As Expected, May Keep Fed Rate Hikes On Hold (Live Coverage)",CPI inflation data for July cooled as expected. That could ease odds of a Fed rate hike next month. S&P 500 futures are higher.,2026-08-12 13:45:11,Investor's Business Daily,https://www.investors.com/news/cpi-inflation-july-federal-reserve-rate-hike-apple-sp-500/?src=A00220&yptr=yahoo,yahoo,2026-08-12 04:00:00,305.1300048828125,305.6600036621094,302.17999267578125,303.7049865722656,5817203,0.0,0.0,neutral,0.0093,0.0287,0.962
AAPL,9aa2e343-6bc5-458e-835b-a88b41b867d0,"Google launches Pixel 11 smartphone line, including Pixel 11 Pro Fold, as Apple preps foldable iPhone",Google debuted its Pixel 11 line of smartphones on Wednesday.,2026-08-12 14:00:00,Yahoo Finance,https://finance.yahoo.com/technology/article/google-launches-pixel-11-smartphone-line-including-pixel-11-pro-fold-as-apple-preps-foldable-iphone-140000624.html,yahoo,2026-08-12 04:00:00,305.1300048828125,305.6600036621094,302.17999267578125,303.7049865722656,5817203,0.0,0.0,neutral,0.0009,0.0043,0.9948
